 source_e (MeV)            NPS   det_pulse (MeVee)       det_cell     corr_count       time (s) cells_history


           2.45              9            0.192814              1             no    6.19077e-09          4  1 
           2.45             21            0.468088              1             no    7.98413e-09          4  1 
           2.45             37             0.29284              1             no    6.45573e-09          4  1 
           2.45             44           0.0622678              1             no     6.7804e-09          4  1 
           2.45             64            0.316377              1             no    5.98217e-09          4  1 
           2.45             81            0.344467              1             no     8.4379e-09          4  1 
           2.45            117            0.563134              1             no     6.4912e-09          4  1 
           2.45            135            0.333632              1             no    7.10545e-09          4  1 
           2.45            141            0.515864              1             no    6.89075e-09          4  1 
           2.45            185            0.348961              1             no    6.68583e-09          4  1 
           2.45            312            0.360457              1             no    5.95051e-09          4  1 
           2.45            320            0.485304              1             no    6.96917e-09          4  1 
           2.45            322            0.134787              1             no    6.48033e-09          4  1 
           2.45            339             0.39662              1             no    5.71849e-09          4  1 
           2.45            342           0.0323692              1             no    8.64493e-09          4  1 
           2.45            346            0.253993              1             no    6.03568e-09          4  1 
           2.45            398            0.282063              1             no    6.19875e-09          4  1 
           2.45            464            0.506332              1             no    8.70121e-09          4  1 
           2.45            467            0.326648              1             no    7.47024e-09          4  1 
           2.45            470            0.205575              1             no    7.06031e-09          4  1 
           2.45            516            0.150077              1             no    7.09013e-09          4  1 
           2.45            562            0.451593              1             no    9.87457e-09          4  1 
           2.45            564            0.277589              1             no    6.65456e-09          4  1 
           2.45            574            0.465579              1             no    7.18289e-09          4  1 
           2.45            605            0.220262              1             no    9.09387e-09          4  1 
           2.45            629           0.0686289              1             no    7.16819e-09          4  1 
           2.45            738            0.268699              1             no    6.91992e-09          4  1 
           2.45            782            0.433677              1             no    7.58546e-09          4  1 
           2.45            793            0.571479              1             no    7.47725e-09          4  1 
           2.45            832            0.581517              1             no    7.84351e-09          4  1 
           2.45            849            0.342483              1             no    6.85745e-09          4  1 
           2.45            869           0.0438462              1             no    7.55437e-09          4  1 
           2.45            927            0.254693              1             no    6.27161e-09          4  1 
           2.45            948            0.339254              1             no     6.3605e-09          4  1 
           2.45            951            0.416403              1             no    5.77665e-09          4  1 
           2.45           1007            0.442625              1             no    7.67718e-09          4  1 
           2.45           1093            0.350206              1             no    7.14972e-09          4  1 
           2.45           1097            0.450309              1             no     6.2377e-09          4  1 
           2.45           1124            0.361041              1             no    6.53848e-09          4  1 
           2.45           1152            0.519696              1             no    6.60987e-09          4  1 
           2.45           1153            0.210088              1             no    7.46597e-09          4  1 
           2.45           1155            0.250783              1             no    6.20748e-09          4  1 
           2.45           1259            0.311378              1             no    7.09081e-09          4  1 
           2.45           1318            0.284553              1             no    1.10432e-08          4  1 
           2.45           1349             0.44457              1             no    5.98459e-09          4  1 
           2.45           1394            0.503123              1             no     6.4363e-09          4  1 
           2.45           1459            0.236233              1             no    8.71713e-09          4  1 
           2.45           1499            0.374405              1             no     6.2135e-09          4  1 
           2.45           1510            0.103021              1             no    8.52688e-09          4  1 
           2.45           1518            0.173051              1             no    7.01394e-09          4  1 
           2.45           1524            0.368724              1             no    6.09838e-09          4  1 
           2.45           1570           0.0604004              1             no    7.19581e-09          4  1 
           2.45           1635            0.103002              1             no    5.73968e-09          4  1 
           2.45           1669            0.319568              1             no    7.83036e-09          4  1 
           2.45           1677          0.00883149              1             no     6.1231e-09          4  1 
           2.45           1686           0.0991889              1             no    1.60623e-08          4  1 
           2.45           1707            0.325948              1             no      8.519e-09          4  1 
           2.45           1729            0.162838              1             no    1.03626e-08          4  1 
           2.45           1777            0.477056              1             no    7.08416e-09          4  1 
           2.45           1802            0.211314              1             no    9.94239e-09          4  1 
           2.45           1814            0.107456              1             no    5.92956e-09          4  1 
           2.45           1821            0.315716              1             no    7.45801e-09          4  1 
           2.45           1861            0.216391              1             no    6.17263e-09          4  1 
           2.45           1867            0.529364              1             no     6.9358e-09          4  1 
           2.45           1874            0.231058              1             no    7.14224e-09          4  1 
           2.45           1901           0.0826736              1             no    7.49389e-09          4  1 
           2.45           1935            0.153248              1             no    7.93669e-09          4  1 
           2.45           2003           0.0596806              1             no    6.34452e-09          4  1 
           2.45           2028            0.122727              1             no    6.90414e-09          4  1 
           2.45           2047           0.0139086              1             no    1.17824e-08          4  1 
           2.45           2049           0.0215924              1             no      7.723e-09          4  1 
           2.45           2084            0.141849              1             no    6.63579e-09          4  1 
           2.45           2096            0.162916              1             no    6.45697e-09          4  1 
           2.45           2133            0.479624              1             no    9.15327e-09          4  1 
           2.45           2299           0.0916024              1             no    9.25433e-09          4  1 
           2.45           2317            0.223413              1             no    6.38327e-09          4  1 
           2.45           2340            0.266015              1             no    1.01959e-08          4  1 
           2.45           2356            0.441925              1             no    8.40019e-09          4  1 
           2.45           2368            0.545802              1             no     7.5544e-09          4  1 
           2.45           2370            0.253973              1             no    6.45475e-09          4  1 
           2.45           2426            0.265431              1             no    1.12287e-08          4  1 
           2.45           2436            0.408914              1             no    8.01333e-09          4  1 
           2.45           2444           0.0253662              1             no    1.01882e-08          4  1 
           2.45           2498            0.319062              1             no    7.93685e-09          4  1 
           2.45           2515            0.153948              1             no    8.03389e-09          4  1 
           2.45           2520            0.116346              1             no    1.11267e-08          4  1 
           2.45           2545             0.20682              1             no    6.07695e-09          4  1 
           2.45           2616            0.517206              1             no    7.34111e-09          4  1 
           2.45           2629            0.319587              1             no    6.83966e-09          4  1 
           2.45           2654            0.296555              1             no    6.43814e-09          4  1 
           2.45           2690             0.55866              1             no    6.19282e-09          4  1 
           2.45           2702             0.22672              1             no    8.08303e-09          4  1 
           2.45           2866            0.244442              1             no    5.68121e-09          4  1 
           2.45           2870            0.456553              1             no    6.54232e-09          4  1 
           2.45           2905            0.368083              1             no    5.95905e-09          4  1 
           2.45           2972            0.375669              1             no    8.13041e-09          4  1 
           2.45           2996            0.504484              1             no    5.97778e-09          4  1 
           2.45           3010             0.43179              1             no    6.28132e-09          4  1 
           2.45           3026            0.273698              1             no    7.55205e-09          4  1 
           2.45           3029            0.266034              1             no    9.44429e-09          4  1 
           2.45           3070           0.0476395              1             no    6.19396e-09          4  1 
           2.45           3073             0.14821              1             no    6.78835e-09          4  1 
           2.45           3084           0.0114187              1             no    7.96018e-09          4  1 
           2.45           3122            0.362286              1             no     1.0094e-08          4  1 
           2.45           3178            0.558602              1             no    9.83129e-09          4  1 
           2.45           3266            0.531815              1             no    6.05514e-09          4  1 
           2.45           3322            0.137394              1             no    1.00282e-08          4  1 
           2.45           3420            0.299862              1             no    8.87891e-09          4  1 
           2.45           3439            0.294805              1             no    6.03301e-09          4  1 
           2.45           3515            0.518471              1             no    1.00705e-08          4  1 
           2.45           3624           0.0718385              1             no     7.1893e-09          4  1 
           2.45           3668            0.150777              1             no    6.28761e-09          4  1 
           2.45           3672           0.0406754              1             no    7.04858e-09          4  1 
           2.45           3680            0.176922              1             no    6.42067e-09          4  1 
           2.45           3727            0.459802              1             no    8.50709e-09          4  1 
           2.45           3749           0.0215146              1             no     8.9286e-09          4  1 
           2.45           3755            0.247612              1             no     6.0496e-09          4  1 
           2.45           3813             0.41331              1             no    6.12574e-09          4  1 
           2.45           3890            0.108176              1             no    6.37354e-09          4  1 
           2.45           3951            0.394169              1             no    6.85982e-09          4  1 
           2.45           4028             0.34507              1             no     6.3539e-09          4  1 
           2.45           4050            0.256522              1             no    6.40125e-09          4  1 
           2.45           4082             0.11195              1             no    8.84696e-09          4  1 
           2.45           4194            0.364834              1             no    5.92877e-09          4  1 
           2.45           4197            0.340577              1             no    6.90575e-09          4  1 
           2.45           4250            0.405646              1             no    5.72333e-09          4  1 
           2.45           4262            0.285915              1             no    8.62661e-09          4  1 
           2.45           4269            0.282627              1             no    6.16842e-09          4  1 
           2.45           4270           0.0297431              1             no    6.71001e-09          4  1 
           2.45           4291            0.222091              1             no    8.57732e-09          4  1 
           2.45           4349            0.305601              1             no    7.14477e-09          4  1 
           2.45           4433            0.417726              1             no    7.44027e-09          4  1 
           2.45           4452            0.557395              1             no    7.61469e-09          4  1 
           2.45           4459            0.126578              1             no    6.66777e-09          4  1 
           2.45           4463           0.0699322              1             no    6.16477e-09          4  1 
           2.45           4557            0.244344              1             no    5.97099e-09          4  1 
           2.45           4597           0.0501294              1             no    6.02199e-09          4  1 
           2.45           4620            0.540063              1             no    6.50241e-09          4  1 
           2.45           4641           0.0514716              1             no    7.11707e-09          4  1 
           2.45           4681            0.222713              1             no    7.79306e-09          4  1 
           2.45           4683            0.468108              1             no    6.90442e-09          4  1 
           2.45           4759            0.268057              1             no    7.97998e-09          4  1 
           2.45           4783            0.189002              1             no    7.87868e-09          4  1 
           2.45           4855            0.211917              1             no    6.80392e-09          4  1 
           2.45           4864           0.0846189              1             no    1.00067e-08          4  1 
           2.45           4870           0.0718191              1             no    6.25965e-09          4  1 
           2.45           4898            0.273134              1             no    8.94069e-09          4  1 
           2.45           4959            0.186512              1             no    6.18412e-09          4  1 
           2.45           4960            0.269886              1             no    5.88167e-09          4  1 
           2.45           4966            0.371876              1             no    7.03715e-09          4  1 
           2.45           4968            0.196588              1             no    7.79833e-09          4  1 
           2.45           5023            0.249538              1             no    7.72741e-09          4  1 
           2.45           5038            0.336881              1             no    5.92301e-09          4  1 
           2.45           5117            0.134165              1             no    5.73754e-09          4  1 
           2.45           5171            0.293501              1             no    8.03497e-09          4  1 
           2.45           5174            0.501975              1             no    8.56274e-09          4  1 
           2.45           5221             0.22602              1             no    8.77718e-09          4  1 
           2.45           5243            0.169218              1             no    6.55939e-09          4  1 
           2.45           5269           0.0501683              1             no    6.12481e-09          4  1 
           2.45           5280            0.230436              1             no    6.09109e-09          4  1 
           2.45           5285            0.334857              1             no      6.359e-09          4  1 
           2.45           5306            0.501878              1             no    9.78133e-09          4  1 
           2.45           5334            0.261035              1             no    7.24961e-09          4  1 
           2.45           5410            0.304336              1             no    7.20643e-09          4  1 
           2.45           5419            0.332951              1             no    6.45428e-09          4  1 
           2.45           5485            0.198611              1             no    6.77267e-09          4  1 
           2.45           5512            0.232887              1             no    5.94791e-09          4  1 
           2.45           5518             0.21324              1             no      6.507e-09          4  1 
           2.45           5590            0.108098              1             no    1.08802e-08          4  1 
           2.45           5620            0.247068              1             no     9.2095e-09          4  1 
           2.45           5636            0.439299              1             no    5.83916e-09          4  1 
           2.45           5690            0.470637              1             no    6.84869e-09          4  1 
           2.45           5760           0.0152314              1             no      7.368e-09          4  1 
           2.45           5765           0.0978467              1             no    1.14088e-08          4  1 
           2.45           5789            0.549634              1             no    7.31217e-09          4  1 
           2.45           5819            0.491704              1             no    6.16582e-09          4  1 
           2.45           5848             0.13932              1             no    6.64376e-09          4  1 
           2.45           5864            0.294163              1             no    8.87658e-09          4  1 
           2.45           5947            0.309433              1             no    6.70917e-09          4  1 
           2.45           5948            0.262221              1             no    9.75491e-09          4  1 
           2.45           5964            0.213201              1             no    7.08565e-09          4  1 
           2.45           6020           0.0177797              1             no    6.74748e-09          4  1 
           2.45           6041             0.12082              1             no    8.30336e-09          4  1 
           2.45           6048            0.496781              1             no    6.02391e-09          4  1 
           2.45           6079            0.465618              1             no     5.9231e-09          4  1 
           2.45           6133            0.529967              1             no    7.88658e-09          4  1 
           2.45           6141            0.188963              1             no    6.71444e-09          4  1 
           2.45           6186            0.523567              1             no    7.68117e-09          4  1 
           2.45           6214            0.117591              1             no    9.26653e-09          4  1 
           2.45           6292            0.214446              1             no    6.75146e-09          4  1 
           2.45           6376             0.36425              1             no    6.40802e-09          4  1 
           2.45           6429            0.368044              1             no    6.43352e-09          4  1 
           2.45           6495            0.373802              1             no    6.05876e-09          4  1 
           2.45           6510            0.292762              1             no    7.43709e-09          4  1 
           2.45           6561            0.473282              1             no    6.18734e-09          4  1 
           2.45           6595            0.547766              1             no    7.30282e-09          4  1 
           2.45           6632            0.485285              1             no    8.18915e-09          4  1 
           2.45           6638           0.0362013              1             no    7.05482e-09          4  1 
           2.45           6654            0.181357              1             no    6.55513e-09          4  1 
           2.45           6692            0.238684              1             no    8.67624e-09          4  1 
           2.45           6818            0.253993              1             no    8.49675e-09          4  1 
           2.45           6821           0.0915635              1             no    8.29879e-09          4  1 
           2.45           6849           0.0183827              1             no    6.97039e-09          4  1 
           2.45           6854          0.00379326              1             no    6.94845e-09          4  1 
           2.45           6862            0.318906              1             no    8.11027e-09          4  1 
           2.45           6895            0.310133              1             no    6.32631e-09          4  1 
           2.45           6900            0.247671              1             no    9.08747e-09          4  1 
           2.45           6939            0.466182              1             no    6.31805e-09          4  1 
           2.45           6942            0.260996              1             no    1.06836e-08          4  1 
           2.45           6977            0.415878              1             no    8.87389e-09          4  1 
           2.45           6985            0.392904              1             no    6.35964e-09          4  1 
           2.45           7024             0.27117              1             no    6.54585e-09          4  1 
           2.45           7081            0.378256              1             no    5.88238e-09          4  1 
           2.45           7095            0.236194              1             no    7.09567e-09          4  1 
           2.45           7106           0.0648161              1             no    5.77255e-09          4  1 
           2.45           7165            0.529325              1             no    9.48581e-09          4  1 
           2.45           7202            0.289085              1             no    7.77228e-09          4  1 
           2.45           7314            0.193456              1             no    7.69586e-09          4  1 
           2.45           7358            0.109985              1             no    9.83364e-09          4  1 
           2.45           7359            0.188301              1             no    7.28268e-09          4  1 
           2.45           7459             0.35785              1             no    7.67529e-09          4  1 
           2.45           7509           0.0438657              1             no    6.45223e-09          4  1 
           2.45           7539             0.42218              1             no    6.99154e-09          4  1 
           2.45           7599            0.297956              1             no    7.94952e-09          4  1 
           2.45           7606            0.443286              1             no    8.37589e-09          4  1 
           2.45           7677           0.0514522              1             no    8.26828e-09          4  1 
           2.45           7796            0.132959              1             no    6.80963e-09          4  1 
           2.45           7948            0.246932              1             no    6.61338e-09          4  1 
           2.45           7964           0.0323886              1             no    9.37213e-09          4  1 
           2.45           7993            0.220904              1             no    6.26902e-09          4  1 
           2.45           8034            0.405665              1             no    5.80145e-09          4  1 
           2.45           8120            0.150738              1             no    6.94628e-09          4  1 
           2.45           8135            0.303111              1             no     7.4735e-09          4  1 
           2.45           8140            0.580388              1             no    6.91062e-09          4  1 
           2.45           8286            0.183847              1             no    8.52361e-09          4  1 
           2.45           8368            0.389091              1             no    9.29709e-09          4  1 
           2.45           8389            0.557998              1             no    6.26374e-09          4  1 
           2.45           8399            0.410061              1             no    9.01467e-09          4  1 
           2.45           8411            0.287724              1             no    7.03339e-09          4  1 
           2.45           8434            0.128446              1             no    7.83046e-09          4  1 
           2.45           8444            0.252009              1             no    6.29394e-09          4  1 
           2.45           8452           0.0133445              1             no     7.8551e-09          4  1 
           2.45           8456            0.301788              1             no    5.82022e-09          4  1 
           2.45           8457            0.244364              1             no    8.80309e-09          4  1 
           2.45           8492            0.341257              1             no    7.30158e-09          4  1 
           2.45           8526            0.570682              1             no    6.87919e-09          4  1 
           2.45           8573            0.119575              1             no    6.84579e-09          4  1 
           2.45           8628            0.059136              1             no    6.43276e-09          4  1 
           2.45           8704            0.516584              1             no    1.00088e-08          4  1 
           2.45           8725           0.0775382              1             no    6.43779e-09          4  1 
           2.45           8732            0.365456              1             no    6.53652e-09          4  1 
           2.45           8793            0.189002              1             no    8.73386e-09          4  1 
           2.45           8803            0.136752              1             no    6.34034e-09          4  1 
           2.45           8805            0.166728              1             no    7.44868e-09          4  1 
           2.45           8806            0.116327              1             no    9.84282e-09          4  1 
           2.45           8813             0.50818              1             no    1.06227e-08          4  1 
           2.45           8814             0.19402              1             no    8.08509e-09          4  1 
           2.45           8881           0.0113798              1             no    7.35151e-09          4  1 
           2.45           8891            0.538215              1             no    7.75804e-09          4  1 
           2.45           8979            0.107437              1             no    7.77576e-09          4  1 
           2.45           9000            0.155212              1             no    7.04532e-09          4  1 
           2.45           9012            0.476473              1             no    9.74103e-09          4  1 
           2.45           9034            0.245648              1             no    6.18849e-09          4  1 
           2.45           9057              0.2253              1             no    5.82153e-09          4  1 
           2.45           9155            0.516506              1             no    8.45614e-09          4  1 
           2.45           9161            0.403759              1             no    8.51552e-09          4  1 
           2.45           9169           0.0164958              1             no    7.03278e-09          4  1 
           2.45           9216             0.47052              1             no    6.66601e-09          4  1 
           2.45           9316            0.183205              1             no    6.03267e-09          4  1 
           2.45           9533              0.5025              1             no    9.39352e-09          4  1 
           2.45           9545            0.263525              1             no    7.20875e-09          4  1 
           2.45           9592            0.353396              1             no    6.11096e-09          4  1 
           2.45           9627            0.269925              1             no    8.32101e-09          4  1 
           2.45           9638            0.239968              1             no    7.19003e-09          4  1 
           2.45           9682            0.192172              1             no    7.25486e-09          4  1 
           2.45           9734           0.0800864              1             no    6.84254e-09          4  1 
           2.45           9746            0.435564              1             no    6.26158e-09          4  1 
           2.45           9795            0.538293              1             no    6.15595e-09          4  1 
           2.45           9806             0.35466              1             no    6.87773e-09          4  1 
           2.45           9851            0.451515              1             no    6.29293e-09          4  1 
           2.45           9853            0.101679              1             no    5.65811e-09          4  1 
           2.45           9869            0.410723              1             no    8.36625e-09          4  1 
           2.45           9940              0.3049              1             no    5.78975e-09          4  1 
           2.45          10019            0.191589              1             no    6.68677e-09          4  1 
           2.45          10064             0.44459              1             no    7.08797e-09          4  1 
           2.45          10099           0.0781995              1             no    5.99629e-09          4  1 
           2.45          10123            0.317058              1             no    6.57365e-09          4  1 
           2.45          10133            0.334313              1             no    7.48112e-09          4  1 
           2.45          10140            0.351451              1             no    7.69764e-09          4  1 
           2.45          10178            0.270528              1             no    5.66068e-09          4  1 
           2.45          10215           0.0120217              1             no     6.1937e-09          4  1 
           2.45          10218            0.533021              1             no    7.78534e-09          4  1 
           2.45          10270            0.443889              1             no     6.1371e-09          4  1 
           2.45          10274            0.343242              1             no    9.92841e-09          4  1 
           2.45          10276            0.224678              1             no    6.05419e-09          4  1 
           2.45          10289              0.2125              1             no    1.09514e-08          4  1 
           2.45          10292            0.149513              1             no     6.7061e-09          4  1 
           2.45          10302            0.477659              1             no    7.45298e-09          4  1 
           2.45          10336            0.396094              1             no    7.78608e-09          4  1 
           2.45          10363            0.238645              1             no     6.8255e-09          4  1 
           2.45          10374            0.257806              1             no    7.68871e-09          4  1 
           2.45          10396            0.405004              1             no    5.98535e-09          4  1 
           2.45          10397            0.206781              1             no    8.16876e-09          4  1 
           2.45          10433            0.329216              1             no    7.44796e-09          4  1 
           2.45          10453            0.033653              1             no    8.99197e-09          4  1 
           2.45          10467            0.313868              1             no    6.22986e-09          4  1 
           2.45          10483            0.301088              1             no    1.07264e-08          4  1 
           2.45          10600            0.217072              1             no    6.82147e-09          4  1 
           2.45          10641            0.202424              1             no    7.53145e-09          4  1 
           2.45          10693           0.0852025              1             no    8.99224e-09          4  1 
           2.45          10712            0.286401              1             no    7.62315e-09          4  1 
           2.45          10739            0.432412              1             no    6.94592e-09          4  1 
           2.45          10753           0.0820317              1             no    6.74041e-09          4  1 
           2.45          10796            0.400549              1             no     1.0561e-08          4  1 
           2.45          10870            0.474566              1             no    7.73166e-09          4  1 
           2.45          10947            0.387807              1             no     7.2995e-09          4  1 
           2.45          10990            0.387749              1             no    6.24164e-09          4  1 
           2.45          11003             0.18268              1             no     7.0823e-09          4  1 
           2.45          11006            0.222733              1             no    6.03589e-09          4  1 
           2.45          11012            0.162818              1             no    7.73677e-09          4  1 
           2.45          11025            0.301166              1             no     7.0907e-09          4  1 
           2.45          11087           0.0164569              1             no    6.70491e-09          4  1 
           2.45          11094            0.234268              1             no    7.26148e-09          4  1 
           2.45          11109            0.322174              1             no    9.71148e-09          4  1 
           2.45          11136           0.0692513              1             no    7.02975e-09          4  1 
           2.45          11194            0.460424              1             no    7.74321e-09          4  1 
           2.45          11278            0.324723              1             no    6.48337e-09          4  1 
           2.45          11285            0.101737              1             no    1.47231e-08          4  1 
           2.45          11337             0.46556              1             no    6.03756e-09          4  1 
           2.45          11383             0.39481              1             no    6.28784e-09          4  1 
           2.45          11417            0.208746              1             no    8.05963e-09          4  1 
           2.45          11432            0.139884              1             no    6.59404e-09          4  1 
           2.45          11467           0.0597001              1             no    6.59577e-09          4  1 
           2.45          11496           0.0679869              1             no    8.56418e-09          4  1 
           2.45          11507            0.513316              1             no    5.78824e-09          4  1 
           2.45          11520            0.227907              1             no    8.42651e-09          4  1 
           2.45          11558            0.418387              1             no    5.94807e-09          4  1 
           2.45          11561           0.0699322              1             no     6.1666e-09          4  1 
           2.45          11603            0.195343              1             no     1.0744e-08          4  1 
           2.45          11609            0.216449              1             no    5.85614e-09          4  1 
           2.45          11615            0.211236              1             no    8.32092e-09          4  1 
           2.45          11669            0.412629              1             no    7.26124e-09          4  1 
           2.45          11735            0.103663              1             no    9.74393e-09          4  1 
           2.45          11746            0.313284              1             no    8.57643e-09          4  1 
           2.45          11775             0.33618              1             no    1.04154e-08          4  1 
           2.45          11781            0.401794              1             no    5.83687e-09          4  1 
           2.45          11818           0.0616259              1             no    9.96507e-09          4  1 
           2.45          11830            0.262221              1             no    6.39163e-09          4  1 
           2.45          11833            0.274963              1             no    6.54123e-09          4  1 
           2.45          11870           0.0361819              1             no    8.80158e-09          4  1 
           2.45          11926            0.287121              1             no    6.44908e-09          4  1 
           2.45          12008           0.0660611              1             no    6.76183e-09          4  1 
           2.45          12029            0.350167              1             no    6.07525e-09          4  1 
           2.45          12038            0.512674              1             no    6.99414e-09          4  1 
           2.45          12049           0.0801059              1             no     1.0382e-08          4  1 
           2.45          12271            0.201043              1             no    7.55291e-09          4  1 
           2.45          12433            0.375805              1             no    7.18639e-09          4  1 
           2.45          12446            0.257125              1             no    5.77458e-09          4  1 
           2.45          12473            0.291575              1             no    8.81382e-09          4  1 
           2.45          12479            0.415819              1             no    5.90692e-09          4  1 
           2.45          12512             0.28784              1             no    6.81837e-09          4  1 
           2.45          12522            0.248877              1             no     1.2834e-08          4  1 
           2.45          12592            0.472582              1             no    8.36234e-09          4  1 
           2.45          12681            0.201763              1             no    7.23651e-09          4  1 
           2.45          12689            0.430525              1             no     6.3613e-09          4  1 
           2.45          12716            0.263564              1             no    7.60794e-09          4  1 
           2.45          12733            0.356586              1             no    5.93637e-09          4  1 
           2.45          12755            0.314491              1             no    6.22121e-09          4  1 
           2.45          12763            0.182543              1             no    6.36726e-09          4  1 
           2.45          12798           0.0253468              1             no    7.35027e-09          4  1 
           2.45          12805           0.0756123              1             no    6.96833e-09          4  1 
           2.45          12824             0.42469              1             no     6.3929e-09          4  1 
           2.45          12826           0.0470364              1             no    1.44545e-08          4  1 
           2.45          12910            0.247593              1             no    6.93928e-09          4  1 
           2.45          13002            0.206159              1             no    7.36722e-09          4  1 
           2.45          13003            0.345731              1             no    5.68385e-09          4  1 
           2.45          13030            0.431128              1             no    6.05233e-09          4  1 
           2.45          13108            0.213804              1             no    5.82265e-09          4  1 
           2.45          13147            0.563192              1             no    7.53498e-09          4  1 
           2.45          13190           0.0737449              1             no    6.28632e-09          4  1 
           2.45          13211           0.0641742              1             no    6.25768e-09          4  1 
           2.45          13217            0.327913              1             no    8.47809e-09          4  1 
           2.45          13240           0.0222538              1             no    7.50407e-09          4  1 
           2.45          13262             0.40691              1             no    5.86671e-09          4  1 
           2.45          13278          0.00571907              1             no    6.74851e-09          4  1 
           2.45          13293            0.385201              1             no    8.20012e-09          4  1 
           2.45          13333           0.0769157              1             no    7.23314e-09          4  1 
           2.45          13354           0.0826736              1             no    6.45361e-09          4  1 
           2.45          13365            0.361566              1             no    6.98534e-09          4  1 
           2.45          13474            0.371837              1             no    7.03383e-09          4  1 
           2.45          13573            0.304336              1             no    6.44035e-09          4  1 
           2.45          13700            0.515164              1             no     7.8461e-09          4  1 
           2.45          13761            0.558621              1             no    6.14488e-09          4  1 
           2.45          13779            0.287782              1             no    6.37683e-09          4  1 
           2.45          13790            0.571965              1             no    6.47089e-09          4  1 
           2.45          13802            0.456631              1             no    6.28576e-09          4  1 
           2.45          13880            0.233626              1             no    7.82376e-09          4  1 
           2.45          13885            0.324684              1             no    7.89289e-09          4  1 
           2.45          13889             0.13041              1             no    8.67161e-09          4  1 
           2.45          13914            0.253293              1             no    9.51095e-09          4  1 
           2.45          14035           0.0399946              1             no    7.37916e-09          4  1 
           2.45          14111            0.290253              1             no    7.09252e-09          4  1 
           2.45          14113           0.0184216              1             no    6.82028e-09          4  1 
           2.45          14117            0.439979              1             no    5.75615e-09          4  1 
           2.45          14284           0.0794445              1             no    9.90586e-09          4  1 
           2.45          14302            0.297333              1             no     7.0024e-09          4  1 
           2.45          14341             0.11763              1             no    8.02431e-09          4  1 
           2.45          14379            0.086428              1             no    7.05472e-09          4  1 
           2.45          14388            0.458537              1             no    8.83488e-09          4  1 
           2.45          14396            0.183963              1             no    9.14897e-09          4  1 
           2.45          14426            0.269964              1             no    6.06974e-09          4  1 
           2.45          14480            0.322894              1             no    6.18782e-09          4  1 
           2.45          14492            0.152703              1             no    7.69679e-09          4  1 
           2.45          14496            0.249519              1             no    7.06537e-09          4  1 
           2.45          14603            0.357286              1             no    6.67573e-09          4  1 
           2.45          14638            0.378178              1             no    9.30713e-09          4  1 
           2.45          14685            0.391017              1             no    1.03934e-08          4  1 
           2.45          14697           0.0699127              1             no    7.98433e-09          4  1 
           2.45          14732            0.310756              1             no     5.8573e-09          4  1 
           2.45          14733            0.359134              1             no    6.03087e-09          4  1 
           2.45          14797            0.129788              1             no    8.05899e-09          4  1 
           2.45          14813            0.252087              1             no     6.1805e-09          4  1 
           2.45          14842            0.447741              1             no    8.09624e-09          4  1 
           2.45          14855           0.0247243              1             no    6.29887e-09          4  1 
           2.45          14867           0.0998503              1             no    7.40006e-09          4  1 
           2.45          14874            0.506352              1             no    6.24819e-09          4  1 
           2.45          14933            0.119556              1             no    7.20264e-09          4  1 
           2.45          15029            0.262221              1             no    6.67363e-09          4  1 
           2.45          15045            0.182582              1             no    8.85998e-09          4  1 
           2.45          15073            0.114556              1             no    8.24765e-09          4  1 
           2.45          15190            0.301146              1             no    9.42737e-09          4  1 
           2.45          15239            0.441361              1             no    6.92481e-09          4  1 
           2.45          15296           0.0635128              1             no    7.47579e-09          4  1 
           2.45          15348            0.303636              1             no     9.3031e-09          4  1 
           2.45          15358            0.315794              1             no    1.10355e-08          4  1 
           2.45          15443            0.482133              1             no    8.02475e-09          4  1 
           2.45          15578            0.178225              1             no    7.26431e-09          4  1 
           2.45          15611             0.23098              1             no    7.33063e-09          4  1 
           2.45          15652            0.574008              1             no    7.91015e-09          4  1 
           2.45          15692             0.22851              1             no    1.02665e-08          4  1 
           2.45          15702            0.345809              1             no    7.33258e-09          4  1 
           2.45          15712            0.235532              1             no    9.54149e-09          4  1 
           2.45          15718            0.389111              1             no    6.63987e-09          4  1 
           2.45          15749            0.407513              1             no    6.25526e-09          4  1 
           2.45          15761            0.320871              1             no    7.34731e-09          4  1 
           2.45          15765            0.417687              1             no    8.44098e-09          4  1 
           2.45          15778           0.0164764              1             no    6.26332e-09          4  1 
           2.45          15795             0.44317              1             no    7.52076e-09          4  1 
           2.45          15797            0.145097              1             no    5.96164e-09          4  1 
           2.45          15798            0.483359              1             no    6.33843e-09          4  1 
           2.45          15809             0.30883              1             no    6.32227e-09          4  1 
           2.45          15830             0.41971              1             no    6.85935e-09          4  1 
           2.45          15831            0.526758              1             no    7.67961e-09          4  1 
           2.45          15911            0.423542              1             no    7.19684e-09          4  1 
           2.45          15915            0.246932              1             no    7.38902e-09          4  1 
           2.45          15949            0.102379              1             no    1.12015e-08          4  1 
           2.45          15987            0.297936              1             no    6.76778e-09          4  1 
           2.45          16021              0.3248              1             no    8.72207e-09          4  1 
           2.45          16163            0.210594              1             no    5.99556e-09          4  1 
           2.45          16211            0.481491              1             no    7.16841e-09          4  1 
           2.45          16223            0.224736              1             no    6.08922e-09          4  1 
           2.45          16331            0.218278              1             no    5.70996e-09          4  1 
           2.45          16410            0.519132              1             no     6.1663e-09          4  1 
           2.45          16432            0.428522              1             no    6.07319e-09          4  1 
           2.45          16458           0.0858639              1             no     7.5286e-09          4  1 
           2.45          16480            0.323458              1             no    6.94447e-09          4  1 
           2.45          16481            0.334235              1             no    8.13924e-09          4  1 
           2.45          16491            0.229813              1             no     1.1441e-08          4  1 
           2.45          16524            0.165483              1             no     7.3898e-09          4  1 
           2.45          16613            0.198553              1             no    8.55248e-09          4  1 
           2.45          16753            0.134243              1             no    9.01805e-09          4  1 
           2.45          16778            0.340654              1             no    7.70043e-09          4  1 
           2.45          16823            0.204953              1             no    7.25735e-09          4  1 
           2.45          16851            0.161612              1             no    9.30885e-09          4  1 
           2.45          16868            0.566888              1             no    5.76288e-09          4  1 
           2.45          16877            0.420877              1             no    9.58187e-09          4  1 
           2.45          16921            0.557298              1             no    9.38808e-09          4  1 
           2.45          16922             0.32659              1             no    9.83872e-09          4  1 
           2.45          16969            0.526699              1             no    7.93964e-09          4  1 
           2.45          17047           0.0126637              1             no    6.66406e-09          4  1 
           2.45          17051            0.150836              1             no    6.50275e-09          4  1 
           2.45          17097           0.0565488              1             no    6.04585e-09          4  1 
           2.45          17161            0.221449              1             no    8.95186e-09          4  1 
           2.45          17172           0.0183827              1             no    6.08581e-09          4  1 
           2.45          17175             0.13932              1             no    8.65485e-09          4  1 
           2.45          17179             0.25269              1             no    8.03055e-09          4  1 
           2.45          17183            0.310075              1             no    7.15944e-09          4  1 
           2.45          17191           0.0921665              1             no    6.73741e-09          4  1 
           2.45          17222            0.570059              1             no    6.64352e-09          4  1 
           2.45          17226             0.25837              1             no     9.0895e-09          4  1 
           2.45          17232           0.0883538              1             no    9.21354e-09          4  1 
           2.45          17263           0.0928474              1             no    6.91371e-09          4  1 
           2.45          17300            0.104947              1             no    1.05272e-08          4  1 
           2.45          17340            0.209933              1             no    6.98263e-09          4  1 
           2.45          17346            0.337406              1             no    8.18047e-09          4  1 
           2.45          17414            0.160348              1             no     6.3643e-09          4  1 
           2.45          17510            0.213882              1             no    6.11634e-09          4  1 
           2.45          17561            0.387769              1             no    6.80467e-09          4  1 
           2.45          17609             0.47762              1             no    8.42322e-09          4  1 
           2.45          17612            0.392943              1             no    6.39619e-09          4  1 
           2.45          17628            0.402981              1             no    9.68425e-09          4  1 
           2.45          17646            0.461669              1             no     6.4825e-09          4  1 
           2.45          17647            0.194157              1             no    9.71728e-09          4  1 
           2.45          17672              0.3049              1             no    7.69954e-09          4  1 
           2.45          17683            0.330383              1             no    7.20366e-09          4  1 
           2.45          17705            0.297897              1             no    6.05807e-09          4  1 
           2.45          17709            0.299882              1             no    8.38246e-09          4  1 
           2.45          17735            0.114459              1             no    6.74647e-09          4  1 
           2.45          17753            0.490459              1             no    8.66173e-09          4  1 
           2.45          17755            0.211917              1             no    6.59053e-09          4  1 
           2.45          17891            0.421033              1             no    9.84525e-09          4  1 
           2.45          17904            0.456573              1             no    7.93147e-09          4  1 
           2.45          17974             0.48083              1             no    5.88641e-09          4  1 
           2.45          18034            0.369328              1             no    6.40946e-09          4  1 
           2.45          18039            0.172428              1             no    8.00137e-09          4  1 
           2.45          18057            0.221565              1             no    8.29382e-09          4  1 
           2.45          18058            0.356528              1             no    6.49066e-09          4  1 
           2.45          18101            0.482133              1             no    5.90238e-09          4  1 
           2.45          18107           0.0120606              1             no    8.66613e-09          4  1 
           2.45          18167            0.433677              1             no    7.92421e-09          4  1 
           2.45          18187            0.352812              1             no    5.59964e-09          4  1 
           2.45          18275            0.288366              1             no    6.58705e-09          4  1 
           2.45          18336             0.21324              1             no    9.69143e-09          4  1 
           2.45          18348            0.155913              1             no    7.56256e-09          4  1 
           2.45          18366            0.380163              1             no    7.24315e-09          4  1 
           2.45          18369            0.118992              1             no    5.90131e-09          4  1 
           2.45          18495             0.36108              1             no    6.19915e-09          4  1 
           2.45          18525           0.0921276              1             no    7.10029e-09          4  1 
           2.45          18565            0.143774              1             no    6.49176e-09          4  1 
           2.45          18610            0.136071              1             no    5.81186e-09          4  1 
           2.45          18613            0.255899              1             no    5.80775e-09          4  1 
           2.45          18619            0.499932              1             no    1.10503e-08          4  1 
           2.45          18702            0.431187              1             no    6.75328e-09          4  1 
           2.45          18721            0.478262              1             no    6.88251e-09          4  1 
           2.45          18777              0.2374              1             no    7.99789e-09          4  1 
           2.45          18872            0.165347              1             no    9.37032e-09          4  1 
           2.45          18903            0.285234              1             no    5.82089e-09          4  1 
           2.45          18931            0.366157              1             no     8.6402e-09          4  1 
           2.45          18975            0.143774              1             no     7.1348e-09          4  1 
           2.45          18992            0.572627              1             no    6.62583e-09          4  1 
           2.45          19004            0.546502              1             no    7.53784e-09          4  1 
           2.45          19020            0.296011              1             no    7.17521e-09          4  1 
           2.45          19023            0.293501              1             no    8.61314e-09          4  1 
           2.45          19036             0.25337              1             no    5.95973e-09          4  1 
           2.45          19085            0.157158              1             no    7.87457e-09          4  1 
           2.45          19120             0.13681              1             no    6.31896e-09          4  1 
           2.45          19122            0.181376              1             no    7.18476e-09          4  1 
           2.45          19160            0.510826              1             no    5.98514e-09          4  1 
           2.45          19202           0.0775382              1             no    8.48911e-09          4  1 
           2.45          19207             0.20684              1             no     6.0145e-09          4  1 
           2.45          19279            0.196724              1             no    6.26319e-09          4  1 
           2.45          19288            0.159687              1             no    9.02148e-09          4  1 
           2.45          19289           0.0437684              1             no    7.91427e-09          4  1 
           2.45          19306            0.345148              1             no    9.30457e-09          4  1 
           2.45          19373            0.409478              1             no     7.1193e-09          4  1 
           2.45          19402          0.00820901              1             no     7.0542e-09          4  1 
           2.45          19405             0.12082              1             no    9.54517e-09          4  1 
           2.45          19425            0.395452              1             no    6.06494e-09          4  1 
           2.45          19491            0.422258              1             no    7.61544e-09          4  1 
           2.45          19493           0.0578521              1             no    7.95767e-09          4  1 
           2.45          19509            0.150155              1             no    6.49414e-09          4  1 
           2.45          19510            0.316494              1             no    6.61227e-09          4  1 
           2.45          19526            0.303052              1             no    6.98096e-09          4  1 
           2.45          19539            0.565001              1             no    5.91676e-09          4  1 
           2.45          19562            0.119575              1             no    9.29319e-09          4  1 
           2.45          19640           0.0387107              1             no    6.16523e-09          4  1 
           2.45          19660            0.104947              1             no    7.84446e-09          4  1 
           2.45          19663            0.271695              1             no    7.12042e-09          4  1 
           2.45          19670            0.251484              1             no    6.37427e-09          4  1 
           2.45          19678            0.338767              1             no    7.57903e-09          4  1 
           2.45          19758              0.0661              1             no    9.27269e-09          4  1 
           2.45          19798            0.246406              1             no    8.13868e-09          4  1 
           2.45          19827            0.494875              1             no    1.00477e-08          4  1 
           2.45          19833            0.498065              1             no    6.48698e-09          4  1 
           2.45          19881            0.448266              1             no    5.96856e-09          4  1 
           2.45          19919            0.105589              1             no     8.0633e-09          4  1 
           2.45          20016            0.192114              1             no    7.89086e-09          4  1 
           2.45          20025           0.0839186              1             no    9.14357e-09          4  1 
           2.45          20097            0.113156              1             no    5.88243e-09          4  1 
           2.45          20145            0.274982              1             no    6.31906e-09          4  1 
           2.45          20182            0.454083              1             no    7.88105e-09          4  1 
           2.45          20192            0.334254              1             no    7.70471e-09          4  1 
           2.45          20223             0.31523              1             no    7.12273e-09          4  1 
           2.45          20247            0.512051              1             no    7.06516e-09          4  1 
           2.45          20250            0.278776              1             no    6.82643e-09          4  1 
           2.45          20313            0.277569              1             no    7.02608e-09          4  1 
           2.45          20327            0.272492              1             no    7.53984e-09          4  1 
           2.45          20359            0.301146              1             no     9.8449e-09          4  1 
           2.45          20394            0.452896              1             no    6.77977e-09          4  1 
           2.45          20407            0.426713              1             no    5.72959e-09          4  1 
           2.45          20436           0.0488455              1             no    6.31394e-09          4  1 
           2.45          20464            0.441944              1             no    6.45704e-09          4  1 
           2.45          20466            0.304862              1             no    6.22782e-09          4  1 
           2.45          20517            0.498707              1             no    6.66447e-09          4  1 
           2.45          20553            0.269283              1             no    6.58166e-09          4  1 
           2.45          20571            0.169199              1             no    7.91292e-09          4  1 
           2.45          20590            0.153968              1             no    6.71503e-09          4  1 
           2.45          20625          0.00566071              1             no    9.15358e-09          4  1 
           2.45          20631            0.060984              1             no    6.26321e-09          4  1 
           2.45          20638            0.273718              1             no      6.233e-09          4  1 
           2.45          20645            0.382011              1             no    7.71157e-09          4  1 
           2.45          20663          0.00441575              1             no    7.86326e-09          4  1 
           2.45          20678            0.285876              1             no    6.56309e-09          4  1 
           2.45          20708            0.177525              1             no    7.19838e-09          4  1 
           2.45          20723            0.365476              1             no     9.6786e-09          4  1 
           2.45          20726            0.138697              1             no    9.04788e-09          4  1 
           2.45          20788            0.195363              1             no    6.90535e-09          4  1 
           2.45          20816            0.234268              1             no    8.57399e-09          4  1 
           2.45          20829            0.203027              1             no    6.39578e-09          4  1 
           2.45          20832            0.401833              1             no    6.80587e-09          4  1 
           2.45          20840            0.350828              1             no    6.08054e-09          4  1 
           2.45          20917            0.125333              1             no      8.627e-09          4  1 
           2.45          21007            0.324664              1             no    1.04209e-08          4  1 
           2.45          21023            0.118272              1             no    6.37836e-09          4  1 
           2.45          21053            0.317603              1             no    7.06276e-09          4  1 
           2.45          21086            0.375708              1             no    8.31263e-09          4  1 
           2.45          21125            0.559944              1             no    5.93394e-09          4  1 
           2.45          21134           0.0273309              1             no    6.42886e-09          4  1 
           2.45          21231            0.368063              1             no    7.07695e-09          4  1 
           2.45          21237            0.544557              1             no    8.73358e-09          4  1 
           2.45          21315           0.0921471              1             no    6.84615e-09          4  1 
           2.45          21341            0.312623              1             no    8.53427e-09          4  1 
           2.45          21347           0.0298403              1             no    9.03895e-09          4  1 
           2.45          21366           0.0661195              1             no    7.87925e-09          4  1 
           2.45          21399            0.324159              1             no    7.75069e-09          4  1 
           2.45          21420            0.458537              1             no    6.46687e-09          4  1 
           2.45          21435            0.333029              1             no    7.23512e-09          4  1 
           2.45          21458            0.196044              1             no    8.48809e-09          4  1 
           2.45          21524            0.209349              1             no    5.68037e-09          4  1 
           2.45          21543            0.317039              1             no    8.05898e-09          4  1 
           2.45          21594            0.218356              1             no    6.86234e-09          4  1 
           2.45          21604           0.0362402              1             no    6.79951e-09          4  1 
           2.45          21623           0.0775187              1             no    1.11859e-08          4  1 
           2.45          21634            0.029782              1             no    7.84231e-09          4  1 
           2.45          21651            0.131052              1             no    7.63664e-09          4  1 
           2.45          21665            0.485304              1             no    6.22798e-09          4  1 
           2.45          21691             0.27185              1             no    6.19169e-09          4  1 
           2.45          21700            0.447741              1             no      5.689e-09          4  1 
           2.45          21714            0.309452              1             no    9.92939e-09          4  1 
           2.45          21752            0.327932              1             no    7.35482e-09          4  1 
           2.45          21763            0.357267              1             no     7.6793e-09          4  1 
           2.45          21794            0.231039              1             no    6.20551e-09          4  1 
           2.45          21882            0.470034              1             no    9.85424e-09          4  1 
           2.45          21889            0.462389              1             no    6.09237e-09          4  1 
           2.45          21902            0.192756              1             no    7.20078e-09          4  1 
           2.45          21925           0.0864864              1             no    6.68224e-09          4  1 
           2.45          21990            0.362363              1             no    6.54715e-09          4  1 
           2.45          22035            0.215204              1             no     7.3468e-09          4  1 
           2.45          22120           0.0616065              1             no    7.39445e-09          4  1 
           2.45          22137            0.217675              1             no    7.79811e-09          4  1 
           2.45          22172            0.437548              1             no     6.2878e-09          4  1 
           2.45          22177            0.378217              1             no     5.9044e-09          4  1 
           2.45          22179            0.116988              1             no    7.87567e-09          4  1 
           2.45          22204            0.239987              1             no    5.68648e-09          4  1 
           2.45          22226             0.11835              1             no    6.83848e-09          4  1 
           2.45          22251           0.0113798              1             no    6.65496e-09          4  1 
           2.45          22276            0.454763              1             no    9.08282e-09          4  1 
           2.45          22284            0.310736              1             no    7.88337e-09          4  1 
           2.45          22313            0.177505              1             no    6.13296e-09          4  1 
           2.45          22385            0.364795              1             no    6.03056e-09          4  1 
           2.45          22418            0.405004              1             no    6.19453e-09          4  1 
           2.45          22447           0.0425623              1             no    9.31916e-09          4  1 
           2.45          22472            0.292918              1             no    6.33352e-09          4  1 
           2.45          22640            0.106231              1             no    5.80871e-09          4  1 
           2.45          22642           0.0878286              1             no    9.56956e-09          4  1 
           2.45          22650            0.467583              1             no    6.26971e-09          4  1 
           2.45          22673            0.513374              1             no    8.56975e-09          4  1 
           2.45          22732            0.359796              1             no    5.83622e-09          4  1 
           2.45          22832            0.499971              1             no    6.80552e-09          4  1 
           2.45          22863            0.136149              1             no    8.19655e-09          4  1 
           2.45          22864            0.138658              1             no    5.99703e-09          4  1 
           2.45          22865            0.390317              1             no    6.00522e-09          4  1 
           2.45          22913           0.0336336              1             no      6.445e-09          4  1 
           2.45          22926           0.0967184              1             no    7.91477e-09          4  1 
           2.45          22927             0.36357              1             no    1.07124e-08          4  1 
           2.45          22930            0.272434              1             no    7.55904e-09          4  1 
           2.45          22963            0.251464              1             no    5.82773e-09          4  1 
           2.45          22976          0.00568017              1             no    6.66336e-09          4  1 
           2.45          22985             0.15138              1             no    7.55033e-09          4  1 
           2.45          23026            0.400491              1             no    5.91774e-09          4  1 
           2.45          23216            0.412687              1             no     7.7547e-09          4  1 
           2.45          23233            0.113856              1             no    7.21311e-09          4  1 
           2.45          23332            0.054623              1             no    7.73496e-09          4  1 
           2.45          23344            0.398604              1             no    6.13238e-09          4  1 
           2.45          23353            0.194643              1             no    7.11594e-09          4  1 
           2.45          23429            0.295991              1             no    6.18308e-09          4  1 
           2.45          23445            0.278192              1             no    7.37085e-09          4  1 
           2.45          23459             0.36106              1             no    6.11316e-09          4  1 
           2.45          23552            0.327251              1             no    7.13646e-09          4  1 
           2.45          23569            0.353357              1             no    6.12754e-09          4  1 
           2.45          23576             0.19404              1             no    6.50234e-09          4  1 
           2.45          23665            0.255899              1             no    8.23246e-09          4  1 
           2.45          23727            0.340752              1             no    5.80794e-09          4  1 
           2.45          23733            0.351412              1             no    6.46862e-09          4  1 
           2.45          23743            0.356664              1             no    6.28076e-09          4  1 
           2.45          23760            0.298034              1             no    7.99501e-09          4  1 
           2.45          23797            0.245006              1             no    6.23951e-09          4  1 
           2.45          23809             0.51281              1             no    7.37243e-09          4  1 
           2.45          23865            0.176241              1             no    5.78398e-09          4  1 
           2.45          23916           0.0693486              1             no     6.2569e-09          4  1 
           2.45          23967            0.200479              1             no    6.04223e-09          4  1 
           2.45          23971            0.522945              1             no    6.44465e-09          4  1 
           2.45          24018          0.00947343              1             no    1.09793e-08          4  1 
           2.45          24070            0.387185              1             no    6.37199e-09          4  1 
           2.45          24155           0.0451301              1             no    6.66416e-09          4  1 
           2.45          24203            0.306262              1             no    6.58014e-09          4  1 
           2.45          24208            0.406871              1             no    7.50624e-09          4  1 
           2.45          24225            0.278892              1             no    9.55437e-09          4  1 
           2.45          24245            0.258467              1             no    7.87133e-09          4  1 
           2.45          24253           0.0272531              1             no     7.1586e-09          4  1 
           2.45          24340           0.0247437              1             no    6.84623e-09          4  1 
           2.45          24428            0.354738              1             no    6.32139e-09          4  1 
           2.45          24435            0.336122              1             no    6.58813e-09          4  1 
           2.45          24445            0.417084              1             no    7.91971e-09          4  1 
           2.45          24467            0.483437              1             no      1.028e-08          4  1 
           2.45          24477             0.20754              1             no    7.15407e-09          4  1 
           2.45          24478            0.459238              1             no    6.61826e-09          4  1 
           2.45          24514            0.079464              1             no    6.45592e-09          4  1 
           2.45          24557            0.492171              1             no    7.81719e-09          4  1 
           2.45          24596            0.334254              1             no    7.64248e-09          4  1 
           2.45          24615            0.157761              1             no    7.87686e-09          4  1 
           2.45          24634           0.0501489              1             no    6.12693e-09          4  1 
           2.45          24704            0.390959              1             no    7.97167e-09          4  1 
           2.45          24812            0.161029              1             no    7.17929e-09          4  1 
           2.45          24813            0.355322              1             no    7.96947e-09          4  1 
           2.45          24832            0.350809              1             no    6.89866e-09          4  1 
           2.45          24869            0.389014              1             no    6.89802e-09          4  1 
           2.45          24875            0.222091              1             no    8.34983e-09          4  1 
           2.45          24922           0.0196666              1             no    6.39501e-09          4  1 
           2.45          24925           0.0546813              1             no    9.15715e-09          4  1 
           2.45          24928            0.329878              1             no    7.78423e-09          4  1 
           2.45          24937           0.0273309              1             no     6.5908e-09          4  1 
           2.45          24998            0.201062              1             no    6.49097e-09          4  1 
           2.45          25001           0.0610034              1             no    8.52661e-09          4  1 
           2.45          25045             0.35077              1             no    6.71816e-09          4  1 
           2.45          25111            0.518471              1             no    7.08869e-09          4  1 
           2.45          25132             0.28395              1             no    7.64263e-09          4  1 
           2.45          25196            0.523528              1             no    5.99551e-09          4  1 
           2.45          25200            0.169277              1             no     6.0453e-09          4  1 
           2.45          25231            0.454725              1             no    6.38074e-09          4  1 
           2.45          25249            0.238042              1             no    6.13168e-09          4  1 
           2.45          25255            0.129165              1             no    8.13475e-09          4  1 
           2.45          25271            0.401152              1             no     1.2349e-08          4  1 
           2.45          25274           0.0298792              1             no    1.07717e-08          4  1 
           2.45          25282            0.254576              1             no    7.01902e-09          4  1 
           2.45          25295            0.332309              1             no    8.25167e-09          4  1 
           2.45          25318            0.431809              1             no    9.65417e-09          4  1 
           2.45          25337           0.0450912              1             no    9.18933e-09          4  1 
           2.45          25355           0.0712161              1             no    6.40839e-09          4  1 
           2.45          25362            0.405626              1             no    6.36347e-09          4  1 
           2.45          25401            0.516623              1             no     6.4585e-09          4  1 
           2.45          25405            0.475694              1             no    6.16179e-09          4  1 
           2.45          25448            0.143774              1             no    5.99292e-09          4  1 
           2.45          25456            0.318401              1             no    7.12998e-09          4  1 
           2.45          25465           0.0852219              1             no    8.38416e-09          4  1 
           2.45          25484            0.281324              1             no    6.29693e-09          4  1 
           2.45          25494             0.45025              1             no    6.25475e-09          4  1 
           2.45          25544            0.502481              1             no     6.8471e-09          4  1 
           2.45          25603            0.113798              1             no    8.89286e-09          4  1 
           2.45          25608            0.067345              1             no    1.28541e-08          4  1 
           2.45          25714            0.223978              1             no    6.07697e-09          4  1 
           2.45          25726            0.445854              1             no    8.73167e-09          4  1 
           2.45          25728           0.0444881              1             no    6.30286e-09          4  1 
           2.45          25764            0.420994              1             no    8.41268e-09          4  1 
           2.45          25852             0.43819              1             no    6.33913e-09          4  1 
           2.45          25878            0.563095              1             no    6.46134e-09          4  1 
           2.45          25893            0.338184              1             no    6.52027e-09          4  1 
           2.45          25985            0.359057              1             no    7.60423e-09          4  1 
           2.45          26010            0.262844              1             no     6.8938e-09          4  1 
           2.45          26068            0.314549              1             no     7.0689e-09          4  1 
           2.45          26087            0.183925              1             no    6.46741e-09          4  1 
           2.45          26093            0.400646              1             no    8.36655e-09          4  1 
           2.45          26097            0.118894              1             no    7.93015e-09          4  1 
           2.45          26111             0.29603              1             no    7.61195e-09          4  1 
           2.45          26117             0.47764              1             no    7.78525e-09          4  1 
           2.45          26144            0.541464              1             no    6.48227e-09          4  1 
           2.45          26147            0.205517              1             no    7.58804e-09          4  1 
           2.45          26149           0.0540199              1             no    9.14572e-09          4  1 
           2.45          26165            0.242555              1             no    7.93536e-09          4  1 
           2.45          26200            0.276208              1             no    6.75703e-09          4  1 
           2.45          26287           0.0762348              1             no    6.34822e-09          4  1 
           2.45          26288           0.0865058              1             no    8.14676e-09          4  1 
           2.45          26321            0.178809              1             no     6.8606e-09          4  1 
           2.45          26334           0.0832572              1             no    6.36373e-09          4  1 
           2.45          26335            0.237555              1             no    6.71533e-09          4  1 
           2.45          26386             0.17556              1             no    7.38532e-09          4  1 
           2.45          26421            0.350906              1             no    7.47182e-09          4  1 
           2.45          26432           0.0228374              1             no    7.82182e-09          4  1 
           2.45          26458            0.377575              1             no    6.53553e-09          4  1 
           2.45          26466            0.338125              1             no    7.11922e-09          4  1 
           2.45          26577           0.0807284              1             no    7.14755e-09          4  1 
           2.45          26631            0.394849              1             no    7.60782e-09          4  1 
           2.45          26637          0.00758652              1             no    6.86912e-09          4  1 
           2.45          26677            0.453499              1             no     8.1202e-09          4  1 
           2.45          26687            0.201121              1             no    6.40242e-09          4  1 
           2.45          26713            0.222713              1             no    6.70017e-09          4  1 
           2.45          26720           0.0393332              1             no    1.17308e-08          4  1 
           2.45          26757            0.162254              1             no     8.3956e-09          4  1 
           2.45          26783            0.357228              1             no    6.96943e-09          4  1 
           2.45          26798            0.403039              1             no    5.93151e-09          4  1 
           2.45          26833             0.06219              1             no     6.8542e-09          4  1 
           2.45          26849           0.0507908              1             no    6.37694e-09          4  1 
           2.45          26914            0.364834              1             no    7.24526e-09          4  1 
           2.45          26918           0.0666836              1             no    8.88529e-09          4  1 
           2.45          26976             0.21641              1             no    6.30852e-09          4  1 
           2.45          27032            0.085825              1             no    8.96287e-09          4  1 
           2.45          27058            0.133542              1             no    8.05165e-09          4  1 
           2.45          27061            0.517148              1             no    6.02663e-09          4  1 
           2.45          27063              0.5018              1             no    1.04597e-08          4  1 
           2.45          27201            0.375669              1             no    8.40353e-09          4  1 
           2.45          27203            0.528586              1             no    7.55668e-09          4  1 
           2.45          27247            0.308713              1             no    5.96194e-09          4  1 
           2.45          27250            0.158422              1             no    7.93584e-09          4  1 
           2.45          27307            0.460405              1             no    5.79575e-09          4  1 
           2.45          27369            0.498182              1             no    5.88003e-09          4  1 
           2.45          27379            0.357306              1             no    1.00088e-08          4  1 
           2.45          27393           0.0241407              1             no    8.47693e-09          4  1 
           2.45          27394            0.142529              1             no     6.3817e-09          4  1 
           2.45          27435            0.373821              1             no    6.24462e-09          4  1 
           2.45          27492            0.270586              1             no    9.06813e-09          4  1 
           2.45          27557            0.189624              1             no     6.6375e-09          4  1 
           2.45          27582            0.106834              1             no    8.40574e-09          4  1 
           2.45          27647             0.16669              1             no    1.12678e-08          4  1 
           2.45          27667           0.0368238              1             no    5.84863e-09          4  1 
           2.45          27693            0.492365              1             no    6.36596e-09          4  1 
           2.45          27739            0.164083              1             no    7.59886e-09          4  1 
           2.45          27782           0.0692708              1             no    7.77154e-09          4  1 
           2.45          27791            0.134243              1             no    1.49972e-08          4  1 
           2.45          27829            0.337425              1             no    7.25061e-09          4  1 
           2.45          27840            0.112592              1             no    1.09422e-08          4  1 
           2.45          27841           0.0343144              1             no    9.27582e-09          4  1 
           2.45          27865            0.364231              1             no    6.72641e-09          4  1 
           2.45          27992            0.466882              1             no    7.29411e-09          4  1 
           2.45          27994            0.285214              1             no    6.38952e-09          4  1 
           2.45          28084            0.235474              1             no     7.6595e-09          4  1 
           2.45          28092            0.171241              1             no    9.25493e-09          4  1 
           2.45          28176            0.325384              1             no    1.05127e-08          4  1 
           2.45          28179            0.301127              1             no    5.69989e-09          4  1 
           2.45          28194            0.112572              1             no    7.24674e-09          4  1 
           2.45          28198            0.522245              1             no    7.14629e-09          4  1 
           2.45          28263            0.307507              1             no    6.57571e-09          4  1 
           2.45          28314            0.504368              1             no    7.12625e-09          4  1 
           2.45          28339             0.23738              1             no    6.02449e-09          4  1 
           2.45          28345            0.106814              1             no    9.36846e-09          4  1 
           2.45          28354            0.283289              1             no    6.36663e-09          4  1 
           2.45          28355             0.41401              1             no    6.41358e-09          4  1 
           2.45          28364           0.0170989              1             no    6.19748e-09          4  1 
           2.45          28372             0.37635              1             no    8.42801e-09          4  1 
           2.45          28388              0.3234              1             no     7.5931e-09          4  1 
           2.45          28540            0.185189              1             no    9.95866e-09          4  1 
           2.45          28575            0.321571              1             no    6.78366e-09          4  1 
           2.45          28629            0.261035              1             no    5.88002e-09          4  1 
           2.45          28641            0.190889              1             no    6.07448e-09          4  1 
           2.45          28651            0.178809              1             no    9.96913e-09          4  1 
           2.45          28683            0.145058              1             no    6.20991e-09          4  1 
           2.45          28738           0.0864669              1             no    6.23213e-09          4  1 
           2.45          28744            0.147587              1             no    7.34844e-09          4  1 
           2.45          28761            0.223336              1             no    6.91751e-09          4  1 
           2.45          28827            0.591126              1             no    5.71349e-09          4  1 
           2.45          28882           0.0291789              1             no    6.86725e-09          4  1 
           2.45          28909            0.529248              1             no    7.85669e-09          4  1 
           2.45          28927            0.598732              1             no    6.25784e-09          4  1 
           2.45          29014            0.370572              1             no    6.53346e-09          4  1 
           2.45          29076            0.544615              1             no    5.78968e-09          4  1 
           2.45          29082           0.0578132              1             no    8.89068e-09          4  1 
           2.45          29156            0.328574              1             no    8.92774e-09          4  1 
           2.45          29170            0.153267              1             no    6.62095e-09          4  1 
           2.45          29192              0.2566              1             no    6.28524e-09          4  1 
           2.45          29207            0.515845              1             no    6.17748e-09          4  1 
           2.45          29266            0.376875              1             no    5.92353e-09          4  1 
           2.45          29289             0.22851              1             no    7.00311e-09          4  1 
           2.45          29293            0.123407              1             no    6.12178e-09          4  1 
           2.45          29318            0.304317              1             no     6.1234e-09          4  1 
           2.45          29427            0.211333              1             no    9.10103e-09          4  1 
           2.45          29432           0.0228179              1             no    6.67596e-09          4  1 
           2.45          29459            0.467485              1             no    6.43271e-09          4  1 
           2.45          29502            0.407532              1             no    7.74599e-09          4  1 
           2.45          29509            0.309452              1             no    7.48635e-09          4  1 
           2.45          29525           0.0362402              1             no    7.40207e-09          4  1 
           2.45          29543            0.243858              1             no    5.96081e-09          4  1 
           2.45          29555            0.485946              1             no    6.74388e-09          4  1 
           2.45          29589           0.0221954              1             no    7.80261e-09          4  1 
           2.45          29617            0.376953              1             no    1.00758e-08          4  1 
           2.45          29657            0.283289              1             no    6.42936e-09          4  1 
           2.45          29659            0.105472              1             no    6.98609e-09          4  1 
           2.45          29682            0.288366              1             no    7.05318e-09          4  1 
           2.45          29703            0.562998              1             no    6.73578e-09          4  1 
           2.45          29764          0.00758652              1             no    7.52848e-09          4  1 
           2.45          29771           0.0552844              1             no    6.06571e-09          4  1 
           2.45          29773            0.250083              1             no    7.22864e-09          4  1 
           2.45          29805            0.518529              1             no    1.04554e-08          4  1 
           2.45          29888            0.243839              1             no    8.00088e-09          4  1 
           2.45          29962            0.199817              1             no    9.87207e-09          4  1 
           2.45          30060            0.339993              1             no    6.73627e-09          4  1 
           2.45          30080            0.122746              1             no    6.69341e-09          4  1 
           2.45          30117            0.244461              1             no    6.02702e-09          4  1 
           2.45          30162          0.00826736              1             no     6.8128e-09          4  1 
           2.45          30167            0.307527              1             no    7.04064e-09          4  1 
           2.45          30266            0.332309              1             no    6.20878e-09          4  1 
           2.45          30302            0.424806              1             no    1.08203e-08          4  1 
           2.45          30306            0.298598              1             no    8.49993e-09          4  1 
           2.45          30402            0.418309              1             no     8.5424e-09          4  1 
           2.45          30437           0.0412396              1             no    6.15302e-09          4  1 
           2.45          30471           0.0641742              1             no    5.94092e-09          4  1 
           2.45          30488            0.315833              1             no    7.80026e-09          4  1 
           2.45          30505            0.297995              1             no    6.09886e-09          4  1 
           2.45          30528           0.0145895              1             no    1.04821e-08          4  1 
           2.45          30535           0.0349564              1             no    6.74295e-09          4  1 
           2.45          30553             0.24059              1             no    6.59083e-09          4  1 
           2.45          30565            0.512732              1             no    6.31729e-09          4  1 
           2.45          30603             0.30241              1             no    6.30344e-09          4  1 
           2.45          30622             0.37565              1             no    6.77634e-09          4  1 
           2.45          30773            0.354018              1             no    6.68816e-09          4  1 
           2.45          30790            0.418368              1             no    6.37665e-09          4  1 
           2.45          30863             0.45025              1             no    6.43389e-09          4  1 
           2.45          30885           0.0126831              1             no    6.30467e-09          4  1 
           2.45          30941            0.298637              1             no     8.6182e-09          4  1 
           2.45          31029            0.523567              1             no     5.6744e-09          4  1 
           2.45          31037            0.315833              1             no    7.37913e-09          4  1 
           2.45          31099            0.243741              1             no    7.87592e-09          4  1 
           2.45          31102            0.380163              1             no    8.09817e-09          4  1 
           2.45          31188            0.148813              1             no    6.09485e-09          4  1 
           2.45          31243            0.353415              1             no    6.02507e-09          4  1 
           2.45          31280             0.27825              1             no    7.01677e-09          4  1 
           2.45          31311            0.264167              1             no    9.32166e-09          4  1 
           2.45          31321            0.259673              1             no     5.8763e-09          4  1 
           2.45          31349            0.399285              1             no    8.27416e-09          4  1 
           2.45          31401            0.328477              1             no    8.90653e-09          4  1 
           2.45          31461            0.394149              1             no    8.97882e-09          4  1 
           2.45          31527            0.353299              1             no    7.19441e-09          4  1 
           2.45          31533            0.150213              1             no    1.09034e-08          4  1 
           2.45          31621             0.12792              1             no    7.02641e-09          4  1 
           2.45          31646            0.195441              1             no    9.25621e-09          4  1 
           2.45          31724            0.496178              1             no    6.16557e-09          4  1 
           2.45          31830            0.236777              1             no    7.47639e-09          4  1 
           2.45          31885           0.0737254              1             no     7.5208e-09          4  1 
           2.45          31913            0.241174              1             no    6.30874e-09          4  1 
           2.45          32043            0.338125              1             no    6.70662e-09          4  1 
           2.45          32070            0.483417              1             no    6.18751e-09          4  1 
           2.45          32087            0.296633              1             no    5.91406e-09          4  1 
           2.45          32142            0.392184              1             no    6.12076e-09          4  1 
           2.45          32170            0.340032              1             no    7.50159e-09          4  1 
           2.45          32193             0.20042              1             no    6.04416e-09          4  1 
           2.45          32249             0.08458              1             no    6.04227e-09          4  1 
           2.45          32258            0.103644              1             no    7.62136e-09          4  1 
           2.45          32259           0.0330306              1             no    9.32564e-09          4  1 
           2.45          32303            0.355322              1             no    5.78174e-09          4  1 
           2.45          32343           0.0737643              1             no    5.93569e-09          4  1 
           2.45          32387            0.188282              1             no    7.13153e-09          4  1 
           2.45          32388            0.255218              1             no    6.87142e-09          4  1 
           2.45          32417            0.382711              1             no    7.82369e-09          4  1 
           2.45          32426            0.434358              1             no    6.41326e-09          4  1 
           2.45          32519            0.398059              1             no    6.27671e-09          4  1 
           2.45          32544            0.467447              1             no    6.34185e-09          4  1 
           2.45          32563            0.208163              1             no    8.21389e-09          4  1 
           2.45          32586           0.0063221              1             no    7.02738e-09          4  1 
           2.45          32641            0.377692              1             no    6.23459e-09          4  1 
           2.45          32672            0.248196              1             no     8.6861e-09          4  1 
           2.45          32696           0.0145895              1             no    8.33667e-09          4  1 
           2.45          32727            0.395472              1             no    6.55469e-09          4  1 
           2.45          32762            0.492288              1             no    5.95702e-09          4  1 
           2.45          32795             0.35466              1             no    6.85751e-09          4  1 
           2.45          32827            0.138016              1             no    7.80368e-09          4  1 
           2.45          32847            0.311339              1             no    6.75293e-09          4  1 
           2.45          32851            0.245123              1             no    5.75073e-09          4  1 
           2.45          32854           0.0107184              1             no     6.4948e-09          4  1 
           2.45          32870            0.217616              1             no    6.06695e-09          4  1 
           2.45          32879            0.104266              1             no    6.25046e-09          4  1 
           2.45          32881            0.313926              1             no     6.7744e-09          4  1 
           2.45          32898            0.296633              1             no     8.3213e-09          4  1 
           2.45          32969           0.0463945              1             no    1.13499e-08          4  1 
           2.45          32970            0.535083              1             no    1.09731e-08          4  1 
           2.45          32987            0.430448              1             no    7.05702e-09          4  1 
           2.45          33049           0.0635712              1             no    1.22115e-08          4  1 
           2.45          33056            0.398662              1             no    7.70908e-09          4  1 
           2.45          33170            0.207559              1             no    6.37256e-09          4  1 
           2.45          33191            0.165425              1             no    6.65402e-09          4  1 
           2.45          33193           0.0591749              1             no    7.72801e-09          4  1 
           2.45          33216          0.00696404              1             no    8.63564e-09          4  1 
           2.45          33231            0.310036              1             no    6.65128e-09          4  1 
           2.45          33266            0.548369              1             no    6.30716e-09          4  1 
           2.45          33295            0.253351              1             no    1.05097e-08          4  1 
           2.45          33303            0.432957              1             no    6.65508e-09          4  1 
           2.45          33378            0.469995              1             no    7.81116e-09          4  1 
           2.45          33406            0.343203              1             no    1.00242e-08          4  1 
           2.45          33410            0.530006              1             no    8.27709e-09          4  1 
           2.45          33485            0.195927              1             no    8.18699e-09          4  1 
           2.45          33497            0.133581              1             no     5.8072e-09          4  1 
           2.45          33553            0.203046              1             no    6.50413e-09          4  1 
           2.45          33595             0.36923              1             no    7.15814e-09          4  1 
           2.45          33622            0.183224              1             no    6.29752e-09          4  1 
           2.45          33734            0.413329              1             no    6.14567e-09          4  1 
           2.45          33787            0.417823              1             no    9.24736e-09          4  1 
           2.45          33809             0.50501              1             no    5.83866e-09          4  1 
           2.45          33881             0.27436              1             no    5.82305e-09          4  1 
           2.45          33920            0.242477              1             no    6.04897e-09          4  1 
           2.45          33937            0.259654              1             no    1.10991e-08          4  1 
           2.45          33951            0.164161              1             no    8.84405e-09          4  1 
           2.45          33984            0.333009              1             no    7.94152e-09          4  1 
           2.45          33985            0.235532              1             no    9.38088e-09          4  1 
           2.45          34013            0.142549              1             no    7.72814e-09          4  1 
           2.45          34038           0.0438657              1             no    6.78489e-09          4  1 
           2.45          34062            0.144455              1             no    6.24536e-09          4  1 
           2.45          34064            0.240551              1             no    8.63964e-09          4  1 
           2.45          34108            0.312604              1             no    7.99511e-09          4  1 
           2.45          34161            0.216391              1             no    6.96009e-09          4  1 
           2.45          34177            0.315833              1             no    1.00727e-08          4  1 
           2.45          34191            0.224697              1             no     6.5076e-09          4  1 
           2.45          34205            0.119614              1             no    6.75829e-09          4  1 
           2.45          34206            0.522925              1             no    6.02161e-09          4  1 
           2.45          34255             0.20042              1             no    7.23474e-09          4  1 
           2.45          34260            0.415897              1             no    7.92759e-09          4  1 
           2.45          34272            0.439474              1             no    5.96554e-09          4  1 
           2.45          34335            0.251406              1             no    6.31233e-09          4  1 
           2.45          34448           0.0610034              1             no    7.41616e-09          4  1 
           2.45          34457            0.348396              1             no    6.49259e-09          4  1 
           2.45          34459            0.542008              1             no    6.94496e-09          4  1 
           2.45          34473            0.281402              1             no    9.37046e-09          4  1 
           2.45          34495            0.348299              1             no    7.57877e-09          4  1 
           2.45          34515          0.00505768              1             no    9.98315e-09          4  1 
           2.45          34541            0.259031              1             no    7.67282e-09          4  1 
           2.45          34551            0.297936              1             no    7.62102e-09          4  1 
           2.45          34581           0.0234599              1             no    9.18934e-09          4  1 
           2.45          34633            0.434941              1             no    8.70032e-09          4  1 
           2.45          34727            0.557298              1             no    6.58986e-09          4  1 
           2.45          34742           0.0374852              1             no    6.24242e-09          4  1 
           2.45          34798            0.402455              1             no    6.59565e-09          4  1 
           2.45          34882            0.264847              1             no    6.86782e-09          4  1 
           2.45          34908           0.0552454              1             no    6.16153e-09          4  1 
           2.45          34922            0.033653              1             no    6.38124e-09          4  1 
           2.45          35001            0.261618              1             no    6.66585e-09          4  1 
           2.45          35018            0.123427              1             no    6.36969e-09          4  1 
           2.45          35056            0.404965              1             no    6.36341e-09          4  1 
           2.45          35095            0.520416              1             no    7.92014e-09          4  1 
           2.45          35154            0.401872              1             no    7.04033e-09          4  1 
           2.45          35179            0.200479              1             no    6.27853e-09          4  1 
           2.45          35187            0.243138              1             no    5.83349e-09          4  1 
           2.45          35196            0.189566              1             no    7.54311e-09          4  1 
           2.45          35199            0.229735              1             no    6.37812e-09          4  1 
           2.45          35253            0.189624              1             no     7.5473e-09          4  1 
           2.45          35302            0.539519              1             no    7.34459e-09          4  1 
           2.45          35327            0.226001              1             no    5.75224e-09          4  1 
           2.45          35331           0.0247437              1             no     9.2729e-09          4  1 
           2.45          35366            0.173109              1             no    1.09238e-08          4  1 
           2.45          35379            0.165386              1             no    8.15788e-09          4  1 
           2.45          35385            0.241251              1             no    8.85469e-09          4  1 
           2.45          35389             0.33548              1             no    5.98677e-09          4  1 
           2.45          35430            0.309375              1             no    6.63787e-09          4  1 
           2.45          35491            0.113837              1             no    6.33123e-09          4  1 
           2.45          35583           0.0336725              1             no    6.54372e-09          4  1 
           2.45          35625            0.573308              1             no    7.56655e-09          4  1 
           2.45          35757            0.257183              1             no    1.39019e-08          4  1 
           2.45          35832            0.325909              1             no    6.79821e-09          4  1 
           2.45          35855            0.414555              1             no    6.93805e-09          4  1 
           2.45          35882           0.0871283              1             no    9.10217e-09          4  1 
           2.45          35956            0.143132              1             no    7.83665e-09          4  1 
           2.45          35985            0.100473              1             no    5.90024e-09          4  1 
           2.45          36010            0.183905              1             no    7.34147e-09          4  1 
           2.45          36063           0.0864475              1             no    1.23479e-08          4  1 
           2.45          36064            0.366059              1             no    5.73387e-09          4  1 
           2.45          36129            0.236096              1             no    7.07862e-09          4  1 
           2.45          36133           0.0501489              1             no     1.0834e-08          4  1 
           2.45          36143            0.405023              1             no    6.38098e-09          4  1 
           2.45          36148            0.459704              1             no    7.54779e-09          4  1 
           2.45          36161            0.172389              1             no    6.92309e-09          4  1 
           2.45          36216            0.261579              1             no    6.18722e-09          4  1 
           2.45          36236            0.364873              1             no    7.02171e-09          4  1 
           2.45          36351             0.24378              1             no    7.72283e-09          4  1 
           2.45          36352            0.254596              1             no    7.29633e-09          4  1 
           2.45          36393            0.297372              1             no    8.07943e-09          4  1 
           2.45          36428            0.396697              1             no    8.52507e-09          4  1 
           2.45          36485            0.238645              1             no    1.04572e-08          4  1 
           2.45          36495            0.425468              1             no    6.81915e-09          4  1 
           2.45          36511            0.174996              1             no    6.28907e-09          4  1 
           2.45          36514           0.0736865              1             no    6.97918e-09          4  1 
           2.45          36579             0.22532              1             no    1.05247e-08          4  1 
           2.45          36597            0.442625              1             no    6.75463e-09          4  1 
           2.45          36612            0.243158              1             no    8.58913e-09          4  1 
           2.45          36649            0.283347              1             no    6.99777e-09          4  1 
           2.45          36699           0.0285759              1             no    6.42198e-09          4  1 
           2.45          36718            0.488475              1             no    7.66501e-09          4  1 
           2.45          36846            0.317739              1             no    5.92454e-09          4  1 
           2.45          36858           0.0686678              1             no    9.04439e-09          4  1 
           2.45          36876           0.0838992              1             no     9.3195e-09          4  1 
           2.45          36887            0.517809              1             no    9.44675e-09          4  1 
           2.45          36909           0.0781606              1             no    7.89737e-09          4  1 
           2.45          36964             0.14821              1             no    7.05661e-09          4  1 
           2.45          36991           0.0197055              1             no    6.83259e-09          4  1 
           2.45          36999            0.256502              1             no    7.38293e-09          4  1 
           2.45          37035            0.020931              1             no     6.5464e-09          4  1 
           2.45          37047           0.0170989              1             no    8.39952e-09          4  1 
           2.45          37061             0.42539              1             no    5.82672e-09          4  1 
           2.45          37065            0.362305              1             no    1.08687e-08          4  1 
           2.45          37094            0.350886              1             no    6.18882e-09          4  1 
           2.45          37110            0.387204              1             no    7.00047e-09          4  1 
           2.45          37129            0.468711              1             no    6.25536e-09          4  1 
           2.45          37141            0.110627              1             no    9.85184e-09          4  1 
           2.45          37189            0.563095              1             no    8.16506e-09          4  1 
           2.45          37206            0.242555              1             no    7.16384e-09          4  1 
           2.45          37214            0.403798              1             no    7.14042e-09          4  1 
           2.45          37302            0.282627              1             no    7.79452e-09          4  1 
           2.45          37309            0.073103              1             no     7.0039e-09          4  1 
           2.45          37349           0.0171183              1             no    7.57126e-09          4  1 
           2.45          37356            0.371176              1             no    6.83197e-09          4  1 
           2.45          37407            0.148248              1             no    1.12829e-08          4  1 
           2.45          37413            0.375727              1             no    6.51677e-09          4  1 
           2.45          37444            0.283289              1             no    8.84311e-09          4  1 
           2.45          37509            0.245025              1             no    7.33833e-09          4  1 
           2.45          37534            0.340051              1             no    7.84489e-09          4  1 
           2.45          37589           0.0304823              1             no    7.81228e-09          4  1 
           2.45          37620            0.350867              1             no    5.95924e-09          4  1 
           2.45          37660            0.420896              1             no    7.81328e-09          4  1 
           2.45          37689            0.187737              1             no     8.2233e-09          4  1 
           2.45          37710            0.305562              1             no    7.21683e-09          4  1 
           2.45          37735          0.00760598              1             no    8.23197e-09          4  1 
           2.45          37774             0.38843              1             no    6.68965e-09          4  1 
           2.45          37785            0.263564              1             no     5.9761e-09          4  1 
           2.45          37798            0.380163              1             no    8.52408e-09          4  1 
           2.45          37819            0.440602              1             no    7.00331e-09          4  1 
           2.45          37872            0.321494              1             no    6.79261e-09          4  1 
           2.45          37884            0.577023              1             no    7.35209e-09          4  1 
           2.45          37894            0.293501              1             no    7.05836e-09          4  1 
           2.45          37898            0.206859              1             no    6.37346e-09          4  1 
           2.45          37913           0.0152314              1             no    7.50673e-09          4  1 
           2.45          37955            0.241854              1             no    7.33836e-09          4  1 
           2.45          37963            0.284572              1             no    1.21145e-08          4  1 
           2.45          38030            0.165445              1             no    5.76725e-09          4  1 
           2.45          38041            0.307585              1             no    7.09658e-09          4  1 
           2.45          38088            0.183886              1             no    7.04128e-09          4  1 
           2.45          38150            0.243741              1             no    7.22473e-09          4  1 
           2.45          38167            0.257125              1             no    6.14697e-09          4  1 
           2.45          38169           0.0883344              1             no    1.07722e-08          4  1 
           2.45          38201            0.162177              1             no    8.94376e-09          4  1 
           2.45          38218            0.324022              1             no    6.27124e-09          4  1 
           2.45          38259            0.369911              1             no    6.80167e-09          4  1 
           2.45          38306            0.121501              1             no    8.91454e-09          4  1 
           2.45          38307            0.513413              1             no    5.88602e-09          4  1 
           2.45          38318             0.37882              1             no    6.85524e-09          4  1 
           2.45          38321           0.0215341              1             no    5.99846e-09          4  1 
           2.45          38352            0.300504              1             no    7.20032e-09          4  1 
           2.45          38539            0.300562              1             no     6.7424e-09          4  1 
           2.45          38561            0.544596              1             no    1.06301e-08          4  1 
           2.45          38589            0.346373              1             no    7.60378e-09          4  1 
           2.45          38603           0.0202891              1             no    7.88393e-09          4  1 
           2.45          38710            0.263622              1             no    6.15421e-09          4  1 
           2.45          38768            0.167973              1             no    5.71521e-09          4  1 
           2.45          38790            0.237419              1             no    6.10941e-09          4  1 
           2.45          38819             0.28893              1             no    1.11185e-08          4  1 
           2.45          38850            0.141265              1             no    6.28959e-09          4  1 
           2.45          38894             0.35787              1             no    6.24224e-09          4  1 
           2.45          38945            0.407532              1             no    6.15217e-09          4  1 
           2.45          38951            0.267298              1             no    5.98608e-09          4  1 
           2.45          38962            0.103041              1             no    7.75478e-09          4  1 
           2.45          38996            0.299843              1             no    7.38876e-09          4  1 
           2.45          39025            0.199175              1             no    6.85084e-09          4  1 
           2.45          39040            0.468769              1             no    7.02222e-09          4  1 
           2.45          39056            0.120198              1             no     9.1033e-09          4  1 
           2.45          39136             0.11763              1             no     5.8069e-09          4  1 
           2.45          39192            0.200459              1             no    7.62443e-09          4  1 
           2.45          39292            0.399907              1             no    6.48442e-09          4  1 
           2.45          39305            0.358512              1             no    7.10857e-09          4  1 
           2.45          39328            0.312545              1             no    6.76038e-09          4  1 
           2.45          39398            0.393527              1             no    6.00696e-09          4  1 
           2.45          39425            0.398604              1             no    5.92787e-09          4  1 
           2.45          39451            0.276305              1             no    8.06274e-09          4  1 
           2.45          39490           0.0267085              1             no    7.35913e-09          4  1 
           2.45          39514             0.33867              1             no     7.4981e-09          4  1 
           2.45          39537            0.133581              1             no    7.67897e-09          4  1 
           2.45          39554            0.306243              1             no     1.1946e-08          4  1 
           2.45          39560            0.459918              1             no    7.87345e-09          4  1 
           2.45          39562            0.451534              1             no    6.32414e-09          4  1 
           2.45          39612            0.381369              1             no    6.60389e-09          4  1 
           2.45          39633           0.0368044              1             no    8.00098e-09          4  1 
           2.45          39641           0.0820512              1             no    8.38227e-09          4  1 
           2.45          39651            0.264186              1             no    6.25594e-09          4  1 
           2.45          39666            0.451554              1             no    5.80237e-09          4  1 
           2.45          39671           0.0285759              1             no    6.16547e-09          4  1 
           2.45          39686            0.348221              1             no    7.31796e-09          4  1 
           2.45          39696            0.146984              1             no    5.99952e-09          4  1 
           2.45          39784            0.482775              1             no    7.65305e-09          4  1 
           2.45          39806            0.269905              1             no    6.19922e-09          4  1 
           2.45          39817            0.107476              1             no    9.41451e-09          4  1 
           2.45          39848           0.0959987              1             no    8.93435e-09          4  1 
           2.45          39860            0.263583              1             no    7.36447e-09          4  1 
           2.45          39868            0.329741              1             no    6.30585e-09          4  1 
           2.45          39879            0.398701              1             no    7.93821e-09          4  1 
           2.45          39882             0.22532              1             no    6.30315e-09          4  1 
           2.45          39973            0.370592              1             no    5.65905e-09          4  1 
           2.45          40055            0.336842              1             no    1.06587e-08          4  1 
           2.45          40080             0.56683              1             no    9.39374e-09          4  1 
           2.45          40143            0.153968              1             no    1.04758e-08          4  1 
           2.45          40250           0.0450523              1             no    6.24237e-09          4  1 
           2.45          40254            0.318945              1             no    9.55069e-09          4  1 
           2.45          40262            0.468692              1             no    7.02431e-09          4  1 
           2.45          40310            0.175657              1             no    1.11495e-08          4  1 
           2.45          40368           0.0203085              1             no    7.10236e-09          4  1 
           2.45          40369            0.417103              1             no    6.56413e-09          4  1 
           2.45          40377            0.256522              1             no    7.28917e-09          4  1 
           2.45          40387            0.305601              1             no    7.11976e-09          4  1 
           2.45          40459            0.552279              1             no    7.91501e-09          4  1 
           2.45          40472              0.4101              1             no    6.78822e-09          4  1 
           2.45          40535            0.101076              1             no    6.10984e-09          4  1 
           2.45          40573            0.545296              1             no    5.62598e-09          4  1 
           2.45          40624             0.30243              1             no    5.76722e-09          4  1 
           2.45          40643            0.202424              1             no    7.61882e-09          4  1 
           2.45          40658            0.519735              1             no    8.40697e-09          4  1 
           2.45          40665            0.238761              1             no    6.56805e-09          4  1 
           2.45          40691            0.320249              1             no    7.44526e-09          4  1 
           2.45          40694            0.122766              1             no    9.30488e-09          4  1 
           2.45          40722            0.303675              1             no    6.36074e-09          4  1 
           2.45          40740            0.583462              1             no    7.05516e-09          4  1 
           2.45          40769            0.224678              1             no    7.87631e-09          4  1 
           2.45          40782            0.368666              1             no    5.95348e-09          4  1 
           2.45          40783            0.183224              1             no     7.4006e-09          4  1 
           2.45          40836            0.451456              1             no     9.7596e-09          4  1 
           2.45          40866            0.309472              1             no    5.87269e-09          4  1 
           2.45          40912            0.403019              1             no    8.06782e-09          4  1 
           2.45          40920            0.285817              1             no    8.14991e-09          4  1 
           2.45          40937           0.0514911              1             no    6.62257e-09          4  1 
           2.45          40983            0.199156              1             no      1.109e-08          4  1 
           2.45          41030            0.417726              1             no    7.68809e-09          4  1 
           2.45          41087            0.196647              1             no    7.03107e-09          4  1 
           2.45          41088            0.386582              1             no    6.75061e-09          4  1 
           2.45          41134            0.479585              1             no    5.89222e-09          4  1 
           2.45          41141           0.0114187              1             no    6.98004e-09          4  1 
           2.45          41145            0.295408              1             no    5.94975e-09          4  1 
           2.45          41148            0.327835              1             no    6.65408e-09          4  1 
           2.45          41216           0.0343144              1             no    6.83028e-09          4  1 
           2.45          41227            0.131675              1             no      9.593e-09          4  1 
           2.45          41252           0.0330306              1             no    8.01003e-09          4  1 
           2.45          41278            0.276227              1             no    6.45913e-09          4  1 
           2.45          41314             0.50001              1             no    8.93897e-09          4  1 
           2.45          41424            0.501858              1             no    6.37379e-09          4  1 
           2.45          41437            0.390959              1             no    5.93156e-09          4  1 
           2.45          41445            0.202366              1             no    6.61298e-09          4  1 
           2.45          41449           0.0457526              1             no    6.67074e-09          4  1 
           2.45          41465            0.226001              1             no    6.58046e-09          4  1 
           2.45          41540            0.295369              1             no    7.60117e-09          4  1 
           2.45          41576            0.215127              1             no    6.03116e-09          4  1 
           2.45          41594            0.287179              1             no    6.87795e-09          4  1 
           2.45          41652           0.0654581              1             no    6.40561e-09          4  1 
           2.45          41660            0.534383              1             no    6.26511e-09          4  1 
           2.45          41671            0.437489              1             no    7.57978e-09          4  1 
           2.45          41674            0.169841              1             no    9.58617e-09          4  1 
           2.45          41688            0.224075              1             no    6.66935e-09          4  1 
           2.45          41705            0.355205              1             no    6.33985e-09          4  1 
           2.45          41714             0.21573              1             no    6.94159e-09          4  1 
           2.45          41731             0.31772              1             no     8.0052e-09          4  1 
           2.45          41738            0.247651              1             no    5.97697e-09          4  1 
           2.45          41785            0.445212              1             no     8.1689e-09          4  1 
           2.45          41802            0.321513              1             no    8.06376e-09          4  1 
           2.45          41828            0.108118              1             no    8.64122e-09          4  1 
           2.45          41881            0.406968              1             no    8.07043e-09          4  1 
           2.45          41902            0.461727              1             no    7.11594e-09          4  1 
           2.45          41906            0.209369              1             no    7.65663e-09          4  1 
           2.45          41952            0.456028              1             no    6.43499e-09          4  1 
           2.45          42077            0.158403              1             no    5.77402e-09          4  1 
           2.45          42109            0.143152              1             no    1.28608e-08          4  1 
           2.45          42132            0.238003              1             no    6.81672e-09          4  1 
           2.45          42171            0.171747              1             no    6.65427e-09          4  1 
           2.45          42179            0.365515              1             no    8.74611e-09          4  1 
           2.45          42181            0.306204              1             no     5.6992e-09          4  1 
           2.45          42280            0.429942              1             no    7.08014e-09          4  1 
           2.45          42281            0.145661              1             no     1.0139e-08          4  1 
           2.45          42290            0.413271              1             no    8.75066e-09          4  1 
           2.45          42361            0.246932              1             no    6.51674e-09          4  1 
           2.45          42377            0.426012              1             no    8.60033e-09          4  1 
           2.45          42403            0.414516              1             no    6.86315e-09          4  1 
           2.45          42468            0.449667              1             no    5.92075e-09          4  1 
           2.45          42476            0.144397              1             no    7.37941e-09          4  1 
           2.45          42496            0.132959              1             no    8.34214e-09          4  1 
           2.45          42527           0.0915051              1             no    9.39407e-09          4  1 
           2.45          42541            0.194098              1             no    7.37829e-09          4  1 
           2.45          42569            0.295466              1             no    5.73402e-09          4  1 
           2.45          42570            0.276966              1             no    8.35181e-09          4  1 
           2.45          42599           0.0725194              1             no    1.12878e-08          4  1 
           2.45          42634            0.191025              1             no    6.61884e-09          4  1 
           2.45          42668             0.52417              1             no    5.87741e-09          4  1 
           2.45          42672            0.468166              1             no    6.47116e-09          4  1 
           2.45          42749             0.30492              1             no    6.94636e-09          4  1 
           2.45          42784            0.246348              1             no    6.62333e-09          4  1 
           2.45          42914            0.117591              1             no    1.14834e-08          4  1 
           2.45          42925            0.334235              1             no    9.56082e-09          4  1 
           2.45          42936          0.00947343              1             no    6.44851e-09          4  1 
           2.45          42949            0.190869              1             no    8.66809e-09          4  1 
           2.45          42965            0.221488              1             no    8.34031e-09          4  1 
           2.45          42992            0.189585              1             no    6.31093e-09          4  1 
           2.45          43036           0.0489428              1             no    7.69964e-09          4  1 
           2.45          43078             0.19155              1             no     8.1682e-09          4  1 
           2.45          43141            0.404381              1             no    6.64268e-09          4  1 
           2.45          43169            0.118914              1             no    7.87272e-09          4  1 
           2.45          43175           0.0241213              1             no    6.98357e-09          4  1 
           2.45          43185            0.172428              1             no    6.34861e-09          4  1 
           2.45          43225            0.259693              1             no    6.50525e-09          4  1 
           2.45          43255            0.195363              1             no    6.82771e-09          4  1 
           2.45          43271            0.382691              1             no    9.89176e-09          4  1 
           2.45          43281            0.264809              1             no    7.57661e-09          4  1 
           2.45          43286            0.288327              1             no    1.02863e-08          4  1 
           2.45          43340            0.485907              1             no    6.46213e-09          4  1 
           2.45          43373            0.325968              1             no    6.33219e-09          4  1 
           2.45          43375            0.352676              1             no    6.65856e-09          4  1 
           2.45          43410            0.208163              1             no     8.5235e-09          4  1 
           2.45          43668            0.306826              1             no    1.00202e-08          4  1 
           2.45          43682            0.083977              1             no    7.60491e-09          4  1 
           2.45          43698            0.343164              1             no    6.50507e-09          4  1 
           2.45          43718             0.45986              1             no    9.70959e-09          4  1 
           2.45          43752             0.48721              1             no    8.92287e-09          4  1 
           2.45          43790            0.048262              1             no    8.36057e-09          4  1 
           2.45          43809            0.276928              1             no     6.2843e-09          4  1 
           2.45          43839            0.266695              1             no    5.81405e-09          4  1 
           2.45          43907            0.504368              1             no    7.93844e-09          4  1 
           2.45          43909            0.264128              1             no    6.06973e-09          4  1 
           2.45          43944            0.277492              1             no    8.28641e-09          4  1 
           2.45          43958            0.351451              1             no    8.89654e-09          4  1 
           2.45          43966            0.334838              1             no    1.01067e-08          4  1 
           2.45          44038            0.480227              1             no    6.45728e-09          4  1 
           2.45          44111            0.282647              1             no    6.29299e-09          4  1 
           2.45          44146            0.166067              1             no    7.31855e-09          4  1 
           2.45          44162            0.499952              1             no    5.95019e-09          4  1 
           2.45          44167            0.162254              1             no    6.98241e-09          4  1 
           2.45          44193            0.208707              1             no    7.58854e-09          4  1 
           2.45          44211            0.233587              1             no    7.69272e-09          4  1 
           2.45          44221            0.510184              1             no      8.231e-09          4  1 
           2.45          44236           0.0647967              1             no    6.17417e-09          4  1 
           2.45          44250           0.0604004              1             no     7.6934e-09          4  1 
           2.45          44288            0.383236              1             no    6.67979e-09          4  1 
           2.45          44291            0.343825              1             no    6.40119e-09          4  1 
           2.45          44348            0.127804              1             no    6.48357e-09          4  1 
           2.45          44434            0.127823              1             no    8.17361e-09          4  1 
           2.45          44493            0.218336              1             no    8.02814e-09          4  1 
           2.45          44623            0.227965              1             no    6.21352e-09          4  1 
           2.45          44627            0.376369              1             no    7.67549e-09          4  1 
           2.45          44632           0.0120217              1             no    6.36356e-09          4  1 
           2.45          44651            0.289027              1             no    7.48465e-09          4  1 
           2.45          44688           0.0132667              1             no    7.88435e-09          4  1 
           2.45          44698            0.473866              1             no    8.23476e-09          4  1 
           2.45          44736           0.0215535              1             no    9.54941e-09          4  1 
           2.45          44753            0.302294              1             no    8.00642e-09          4  1 
           2.45          44755            0.460405              1             no    6.65266e-09          4  1 
           2.45          44835            0.297294              1             no    9.56392e-09          4  1 
           2.45          44840            0.462292              1             no    6.76593e-09          4  1 
           2.45          44841            0.510865              1             no    7.21302e-09          4  1 
           2.45          44883            0.330461              1             no     6.6584e-09          4  1 
           2.45          44911            0.407552              1             no    5.77707e-09          4  1 
           2.45          45028            0.285195              1             no    8.94009e-09          4  1 
           2.45          45060            0.245745              1             no    9.72399e-09          4  1 
           2.45          45097            0.131714              1             no    9.92306e-09          4  1 
           2.45          45098            0.230397              1             no     7.9711e-09          4  1 
           2.45          45100            0.226526              1             no    6.92641e-09          4  1 
           2.45          45115           0.0387691              1             no    7.25551e-09          4  1 
           2.45          45143            0.493591              1             no    9.77025e-09          4  1 
           2.45          45268           0.0266501              1             no    6.04801e-09          4  1 
           2.45          45278            0.276266              1             no    6.67849e-09          4  1 
           2.45          45359            0.197289              1             no    5.83483e-09          4  1 
           2.45          45389            0.246406              1             no    8.87395e-09          4  1 
           2.45          45447            0.100473              1             no    8.76563e-09          4  1 
           2.45          45471           0.0807089              1             no     1.1002e-08          4  1 
           2.45          45504            0.257183              1             no    5.75494e-09          4  1 
           2.45          45506            0.313284              1             no    7.74709e-09          4  1 
           2.45          45513            0.215088              1             no    6.17656e-09          4  1 
           2.45          45567           0.0609645              1             no    8.06895e-09          4  1 
           2.45          45596            0.330442              1             no    6.12947e-09          4  1 
           2.45          45598            0.394849              1             no    6.66748e-09          4  1 
           2.45          45646            0.373199              1             no    6.58895e-09          4  1 
           2.45          45670            0.166009              1             no    8.31425e-09          4  1 
           2.45          45803            0.335558              1             no    6.27371e-09          4  1 
           2.45          45815            0.552863              1             no    6.41255e-09          4  1 
           2.45          45880            0.213804              1             no    6.34478e-09          4  1 
           2.45          45899           0.0884122              1             no    6.09059e-09          4  1 
           2.45          45944            0.158967              1             no    1.06852e-08          4  1 
           2.45          45977           0.0558485              1             no    7.09299e-09          4  1 
           2.45          46035            0.327251              1             no    6.63105e-09          4  1 
           2.45          46054            0.214465              1             no    6.20952e-09          4  1 
           2.45          46085            0.153306              1             no    5.96641e-09          4  1 
           2.45          46105            0.122766              1             no    9.77511e-09          4  1 
           2.45          46111            0.139845              1             no    6.43318e-09          4  1 
           2.45          46112            0.184566              1             no    9.65369e-09          4  1 
           2.45          46221            0.332348              1             no    8.47183e-09          4  1 
           2.45          46250            0.295388              1             no     7.4564e-09          4  1 
           2.45          46311            0.395452              1             no    6.54195e-09          4  1 
           2.45          46343            0.396114              1             no    8.22749e-09          4  1 
           2.45          46413           0.0559068              1             no    9.80947e-09          4  1 
           2.45          46432            0.176863              1             no    6.15343e-09          4  1 
           2.45          46444            0.360399              1             no    9.68632e-09          4  1 
           2.45          46484            0.371895              1             no    6.27445e-09          4  1 
           2.45          46497           0.0858055              1             no    7.85521e-09          4  1 
           2.45          46547            0.332406              1             no    6.20511e-09          4  1 
           2.45          46551             0.50252              1             no    7.70716e-09          4  1 
           2.45          46618            0.221449              1             no    8.79937e-09          4  1 
           2.45          46630            0.399849              1             no    6.46652e-09          4  1 
           2.45          46724            0.374385              1             no    6.76419e-09          4  1 
           2.45          46730           0.0590387              1             no    7.84599e-09          4  1 
           2.45          46755            0.211956              1             no    6.48541e-09          4  1 
           2.45          46785           0.0241213              1             no    9.31878e-09          4  1 
           2.45          46808            0.454083              1             no    5.88961e-09          4  1 
           2.45          46887           0.0196471              1             no    8.54944e-09          4  1 
           2.45          46915            0.361683              1             no    5.98265e-09          4  1 
           2.45          46954           0.0177408              1             no    7.61597e-09          4  1 
           2.45          46967            0.220223              1             no    7.19787e-09          4  1 
           2.45          46997             0.39732              1             no    6.30515e-09          4  1 
           2.45          47098            0.350809              1             no    6.69988e-09          4  1 
           2.45          47111             0.27187              1             no     8.3232e-09          4  1 
           2.45          47120            0.330461              1             no    6.51396e-09          4  1 
           2.45          47182            0.041901              1             no    6.94305e-09          4  1 
           2.45          47201            0.150116              1             no    6.93893e-09          4  1 
           2.45          47208            0.254635              1             no    9.50965e-09          4  1 
           2.45          47220            0.245045              1             no    9.97057e-09          4  1 
           2.45          47234            0.186434              1             no    6.55264e-09          4  1 
           2.45          47239            0.218959              1             no    6.44349e-09          4  1 
           2.45          47247            0.562414              1             no    6.15368e-09          4  1 
           2.45          47252            0.155193              1             no    6.75977e-09          4  1 
           2.45          47283            0.324723              1             no     5.8897e-09          4  1 
           2.45          47349            0.255238              1             no    7.40966e-09          4  1 
           2.45          47379            0.054623              1             no    7.14561e-09          4  1 
           2.45          47420            0.267318              1             no    6.15867e-09          4  1 
           2.45          47436           0.0775187              1             no    6.93516e-09          4  1 
           2.45          47466             0.29922              1             no    6.19884e-09          4  1 
           2.45          47493            0.502539              1             no    7.82115e-09          4  1 
           2.45          47507            0.196685              1             no    8.69241e-09          4  1 
           2.45          47516            0.214543              1             no    9.05009e-09          4  1 
           2.45          47541            0.441302              1             no    7.70991e-09          4  1 
           2.45          47571            0.336822              1             no    6.51579e-09          4  1 
           2.45          47579            0.125255              1             no    6.77291e-09          4  1 
           2.45          47580            0.217675              1             no    6.83908e-09          4  1 
           2.45          47593            0.438773              1             no    6.58608e-09          4  1 
           2.45          47615            0.412668              1             no    6.33424e-09          4  1 
           2.45          47627           0.0527555              1             no    6.98969e-09          4  1 
           2.45          47641           0.0717607              1             no    2.23753e-08          4  1 
           2.45          47665            0.298578              1             no    6.86174e-09          4  1 
           2.45          47700            0.106134              1             no      7.719e-09          4  1 
           2.45          47754            0.251367              1             no    6.43949e-09          4  1 
           2.45          47788            0.286479              1             no    6.73875e-09          4  1 
           2.45          47797            0.236116              1             no     7.2931e-09          4  1 
           2.45          47867            0.226565              1             no     7.8117e-09          4  1 
           2.45          47916            0.474508              1             no    6.89046e-09          4  1 
           2.45          48059             0.01457              1             no    6.29509e-09          4  1 
           2.45          48061           0.0705352              1             no    6.08527e-09          4  1 
           2.45          48138            0.475811              1             no    6.69286e-09          4  1 
           2.45          48151            0.547766              1             no    5.80024e-09          4  1 
           2.45          48216            0.285817              1             no     7.9966e-09          4  1 
           2.45          48218            0.122746              1             no    6.44856e-09          4  1 
           2.45          48277            0.117008              1             no    9.27569e-09          4  1 
           2.45          48286            0.598129              1             no    8.39327e-09          4  1 
           2.45          48304            0.198572              1             no    7.55037e-09          4  1 
           2.45          48422           0.0342755              1             no    1.01158e-08          4  1 
           2.45          48458            0.184605              1             no    7.71008e-09          4  1 
           2.45          48471            0.427374              1             no    8.48801e-09          4  1 
           2.45          48511             0.21322              1             no    8.63791e-09          4  1 
           2.45          48551             0.31521              1             no    6.90547e-09          4  1 
           2.45          48653            0.336764              1             no    9.44397e-09          4  1 
           2.45          48693            0.290291              1             no    7.40256e-09          4  1 
           2.45          48700            0.368627              1             no    6.05545e-09          4  1 
           2.45          48762            0.289611              1             no    9.11617e-09          4  1 
           2.45          48778            0.445815              1             no    6.64926e-09          4  1 
           2.45          48849           0.0392748              1             no    7.45924e-09          4  1 
           2.45          48864            0.100492              1             no    8.24656e-09          4  1 
           2.45          48897            0.584201              1             no    8.98197e-09          4  1 
           2.45          48918            0.290914              1             no    1.20885e-08          4  1 
           2.45          48921           0.0788026              1             no    7.66016e-09          4  1 
           2.45          48938          0.00824791              1             no    8.89325e-09          4  1 
           2.45          48974            0.396172              1             no    6.66207e-09          4  1 
           2.45          49004            0.110666              1             no    6.47813e-09          4  1 
           2.45          49076            0.285856              1             no    7.42957e-09          4  1 
           2.45          49101            0.405626              1             no    6.59031e-09          4  1 
           2.45          49108            0.083335              1             no     6.7916e-09          4  1 
           2.45          49123            0.415878              1             no    7.15824e-09          4  1 
           2.45          49159            0.552921              1             no    7.42468e-09          4  1 
           2.45          49175            0.048262              1             no     7.0462e-09          4  1 
           2.45          49185           0.0533196              1             no    8.60771e-09          4  1 
           2.45          49204             0.41971              1             no    5.73725e-09          4  1 
           2.45          49322            0.217655              1             no    6.00351e-09          4  1 
           2.45          49364            0.255919              1             no    9.50545e-09          4  1 
           2.45          49402            0.549031              1             no    6.25967e-09          4  1 
           2.45          49403            0.135449              1             no    6.78162e-09          4  1 
           2.45          49438            0.130371              1             no    6.17574e-09          4  1 
           2.45          49452            0.296614              1             no    7.61358e-09          4  1 
           2.45          49481            0.223336              1             no     6.6219e-09          4  1 
           2.45          49502            0.192153              1             no    7.23782e-09          4  1 
           2.45          49558            0.204972              1             no    6.56082e-09          4  1 
           2.45          49652            0.079464              1             no    8.44069e-09          4  1 
           2.45          49672            0.101056              1             no    7.10856e-09          4  1 
           2.45          49678            0.353435              1             no    6.90097e-09          4  1 
           2.45          49719            0.201743              1             no     6.2299e-09          4  1 
           2.45          49726            0.146362              1             no     9.7873e-09          4  1 
           2.45          49751            0.338709              1             no    6.32061e-09          4  1 
           2.45          49817           0.0826542              1             no     8.7398e-09          4  1 
           2.45          49819           0.0362208              1             no    6.17864e-09          4  1 
           2.45          49849            0.149474              1             no    6.37716e-09          4  1 
           2.45          49940            0.482814              1             no    7.85486e-09          4  1 
           2.45          50084            0.294805              1             no     6.2866e-09          4  1 
           2.45          50230             0.12401              1             no    8.03245e-09          4  1 
           2.45          50319             0.37563              1             no    6.55668e-09          4  1 
           2.45          50339            0.242477              1             no    8.83946e-09          4  1 
           2.45          50344             0.33299              1             no     6.2646e-09          4  1 
           2.45          50358            0.301166              1             no    8.13622e-09          4  1 
           2.45          50435             0.33618              1             no    6.03651e-09          4  1 
           2.45          50471            0.121501              1             no    7.37809e-09          4  1 
           2.45          50501            0.368627              1             no     6.1388e-09          4  1 
           2.45          50517            0.382828              1             no    8.42316e-09          4  1 
           2.45          50536            0.569417              1             no    8.32962e-09          4  1 
           2.45          50601             0.08458              1             no    6.25454e-09          4  1 
           2.45          50638            0.355341              1             no    9.80961e-09          4  1 
           2.45          50741            0.488455              1             no    7.82404e-09          4  1 
           2.45          50743            0.374405              1             no    6.83711e-09          4  1 
           2.45          50841            0.285837              1             no    7.15451e-09          4  1 
           2.45          50863            0.354018              1             no    6.87666e-09          4  1 
           2.45          50871            0.154648              1             no     7.8487e-09          4  1 
           2.45          50874           0.0311047              1             no    7.00412e-09          4  1 
           2.45          50907            0.127162              1             no    1.15311e-08          4  1 
           2.45          50929            0.408213              1             no    8.74041e-09          4  1 
           2.45          50956           0.0495653              1             no    7.73345e-09          4  1 
           2.45          51080            0.552221              1             no    8.33535e-09          4  1 
           2.45          51089            0.291634              1             no    9.37115e-09          4  1 
           2.45          51111            0.555431              1             no    6.22986e-09          4  1 
           2.45          51218            0.204291              1             no    6.63298e-09          4  1 
           2.45          51289           0.0177602              1             no    7.19247e-09          4  1 
           2.45          51294           0.0285759              1             no    1.14573e-08          4  1 
           2.45          51308            0.412065              1             no    6.34678e-09          4  1 
           2.45          51334            0.332348              1             no      8.296e-09          4  1 
           2.45          51436            0.397359              1             no    5.74901e-09          4  1 
           2.45          51600             0.48402              1             no    1.01079e-08          4  1 
           2.45          51635            0.514036              1             no    6.35394e-09          4  1 
           2.45          51643            0.377031              1             no    5.94821e-09          4  1 
           2.45          51649            0.536892              1             no    5.81217e-09          4  1 
           2.45          51691            0.213823              1             no    7.22084e-09          4  1 
           2.45          51701            0.281363              1             no    6.36522e-09          4  1 
           2.45          51721           0.0902796              1             no     6.3782e-09          4  1 
           2.45          51798            0.242516              1             no    8.14706e-09          4  1 
           2.45          51813           0.0265917              1             no    7.06045e-09          4  1 
           2.45          51857           0.0914468              1             no    6.27074e-09          4  1 
           2.45          51872            0.482231              1             no    8.00469e-09          4  1 
           2.45          51889            0.171786              1             no    6.24588e-09          4  1 
           2.45          51915           0.0870505              1             no    8.83229e-09          4  1 
           2.45          51941            0.348941              1             no    7.82393e-09          4  1 
           2.45          52041            0.469975              1             no     6.8814e-09          4  1 
           2.45          52076           0.0425234              1             no    8.41904e-09          4  1 
           2.45          52117            0.132959              1             no     6.9492e-09          4  1 
           2.45          52216            0.147548              1             no    8.76875e-09          4  1 
           2.45          52229            0.352715              1             no     6.8297e-09          4  1 
           2.45          52321            0.232362              1             no    6.20981e-09          4  1 
           2.45          52478            0.243158              1             no    6.76962e-09          4  1 
           2.45          52483           0.0381466              1             no    6.27224e-09          4  1 
           2.45          52529            0.269847              1             no    9.90808e-09          4  1 
           2.45          52656            0.447722              1             no    7.20746e-09          4  1 
           2.45          52664           0.0813314              1             no    8.17465e-09          4  1 
           2.45          52693            0.487872              1             no    7.85566e-09          4  1 
           2.45          52711            0.322816              1             no    5.99158e-09          4  1 
           2.45          52730            0.339234              1             no    7.05154e-09          4  1 
           2.45          52747           0.0686289              1             no     6.9173e-09          4  1 
           2.45          52783            0.504407              1             no    8.80115e-09          4  1 
           2.45          52820             0.54586              1             no    7.55296e-09          4  1 
           2.45          52821           0.0164764              1             no    6.15598e-09          4  1 
           2.45          52831            0.479566              1             no    6.10958e-09          4  1 
           2.45          52858           0.0744063              1             no    7.45812e-09          4  1 
           2.45          52864            0.256522              1             no    6.41698e-09          4  1 
           2.45          52945            0.330481              1             no     7.2524e-09          4  1 
           2.45          52955            0.449628              1             no    6.67052e-09          4  1 
           2.45          52956            0.309413              1             no    6.77715e-09          4  1 
           2.45          52962            0.535647              1             no    6.90282e-09          4  1 
           2.45          53013            0.478262              1             no    9.34487e-09          4  1 
           2.45          53015           0.0978661              1             no    6.84589e-09          4  1 
           2.45          53034            0.531309              1             no    6.05443e-09          4  1 
           2.45          53121            0.287704              1             no    6.27858e-09          4  1 
           2.45          53176            0.315094              1             no    8.21548e-09          4  1 
           2.45          53182            0.340654              1             no    7.47999e-09          4  1 
           2.45          53204          0.00505768              1             no    1.02363e-08          4  1 
           2.45          53207            0.251542              1             no    6.08733e-09          4  1 
           2.45          53264            0.177564              1             no    7.00998e-09          4  1 
           2.45          53312            0.026689              1             no    7.35887e-09          4  1 
           2.45          53349           0.0393527              1             no    6.68553e-09          4  1 
           2.45          53370            0.492929              1             no     6.7723e-09          4  1 
           2.45          53386            0.157761              1             no    6.17724e-09          4  1 
           2.45          53455            0.229171              1             no    6.35357e-09          4  1 
           2.45          53544            0.162838              1             no     8.5965e-09          4  1 
           2.45          53570            0.104908              1             no    1.01688e-08          4  1 
           2.45          53593            0.435603              1             no    6.40914e-09          4  1 
           2.45          53599            0.406813              1             no    6.67975e-09          4  1 
           2.45          53616            0.417278              1             no    8.20144e-09          4  1 
           2.45          53705           0.0139475              1             no    6.70436e-09          4  1 
           2.45          53725           0.0419204              1             no    5.72035e-09          4  1 
           2.45          53768            0.356644              1             no    7.66927e-09          4  1 
           2.45          53801            0.503045              1             no     6.2266e-09          4  1 
           2.45          53882            0.556734              1             no    6.65159e-09          4  1 
           2.45          53890            0.264789              1             no    6.85879e-09          4  1 
           2.45          53926            0.216352              1             no    6.09001e-09          4  1 
           2.45          53966           0.0476006              1             no    7.51349e-09          4  1 
           2.45          54022            0.199175              1             no     5.9653e-09          4  1 
           2.45          54036            0.183886              1             no    5.70106e-09          4  1 
           2.45          54107            0.125956              1             no    6.63152e-09          4  1 
           2.45          54173            0.273095              1             no    8.75188e-09          4  1 
           2.45          54175            0.159745              1             no     8.2531e-09          4  1 
           2.45          54193            0.211294              1             no    6.85314e-09          4  1 
           2.45          54227            0.434961              1             no    7.54327e-09          4  1 
           2.45          54258            0.483437              1             no    6.35017e-09          4  1 
           2.45          54329            0.350147              1             no    7.09511e-09          4  1 
           2.45          54335          0.00756707              1             no    7.81202e-09          4  1 
           2.45          54370            0.304375              1             no    6.42223e-09          4  1 
           2.45          54371            0.375611              1             no    7.68022e-09          4  1 
           2.45          54372            0.491626              1             no    1.01733e-08          4  1 
           2.45          54434            0.330422              1             no    7.18535e-09          4  1 
           2.45          54514            0.513335              1             no    7.38166e-09          4  1 
           2.45          54592            0.297936              1             no    9.18276e-09          4  1 
           2.45          54593            0.341938              1             no    7.42635e-09          4  1 
           2.45          54610            0.178809              1             no    7.86553e-09          4  1 
           2.45          54628           0.0151925              1             no     6.9374e-09          4  1 
           2.45          54651            0.466202              1             no    8.15963e-09          4  1 
           2.45          54682            0.370008              1             no    8.08029e-09          4  1 
           2.45          54701            0.259089              1             no    6.96164e-09          4  1 
           2.45          54767           0.0877508              1             no    7.10813e-09          4  1 
           2.45          54785            0.396114              1             no    6.35515e-09          4  1 
           2.45          54805            0.116327              1             no    6.25094e-09          4  1 
           2.45          54876            0.188457              1             no    6.54168e-09          4  1 
           2.45          54893           0.0374463              1             no    7.85183e-09          4  1 
           2.45          54906            0.156516              1             no    8.73533e-09          4  1 
           2.45          55025            0.218317              1             no    8.69484e-09          4  1 
           2.45          55034           0.0241407              1             no    5.98893e-09          4  1 
           2.45          55086            0.390414              1             no    1.08176e-08          4  1 
           2.45          55120            0.327796              1             no    1.03232e-08          4  1 
           2.45          55145            0.111891              1             no    5.94977e-09          4  1 
           2.45          55197           0.0311631              1             no    8.83878e-09          4  1 
           2.45          55202            0.310075              1             no     9.4898e-09          4  1 
           2.45          55246           0.0221565              1             no    5.93115e-09          4  1 
           2.45          55247            0.171105              1             no    9.12351e-09          4  1 
           2.45          55249           0.0717996              1             no     6.1754e-09          4  1 
           2.45          55276            0.420352              1             no     7.0461e-09          4  1 
           2.45          55315            0.138639              1             no    7.15113e-09          4  1 
           2.45          55463             0.12403              1             no    8.62738e-09          4  1 
           2.45          55501            0.462389              1             no    7.79064e-09          4  1 
           2.45          55517            0.053981              1             no    9.36628e-09          4  1 
           2.45          55562            0.296594              1             no    7.06509e-09          4  1 
           2.45          55584            0.151322              1             no    8.09379e-09          4  1 
           2.45          55600            0.343922              1             no    6.72962e-09          4  1 
           2.45          55624            0.528722              1             no    1.09219e-08          4  1 
           2.45          55654            0.425448              1             no    6.57522e-09          4  1 
           2.45          55658           0.0247437              1             no    6.61263e-09          4  1 
           2.45          55669            0.379521              1             no    5.63308e-09          4  1 
           2.45          55691            0.237439              1             no     6.0655e-09          4  1 
           2.45          55697            0.129107              1             no    7.79524e-09          4  1 
           2.45          55711            0.102418              1             no    7.15681e-09          4  1 
           2.45          55737            0.552863              1             no    6.08279e-09          4  1 
           2.45          55779            0.402475              1             no    8.67141e-09          4  1 
           2.45          55799            0.404303              1             no    1.00564e-08          4  1 
           2.45          55809           0.0254246              1             no    6.43976e-09          4  1 
           2.45          55830            0.165503              1             no    8.86176e-09          4  1 
           2.45          55849            0.302449              1             no    6.15548e-09          4  1 
           2.45          55901           0.0228179              1             no     8.1807e-09          4  1 
           2.45          55910            0.544518              1             no    8.24646e-09          4  1 
           2.45          55924            0.461066              1             no    5.92367e-09          4  1 
           2.45          55941            0.453363              1             no    1.12271e-08          4  1 
           2.45          55978            0.135507              1             no    9.91167e-09          4  1 
           2.45          56123             0.31772              1             no    6.00547e-09          4  1 
           2.45          56130            0.334935              1             no    8.03438e-09          4  1 
           2.45          56132           0.0234599              1             no    7.55243e-09          4  1 
           2.45          56182             0.11516              1             no    7.18484e-09          4  1 
           2.45          56198            0.167254              1             no    8.79357e-09          4  1 
           2.45          56265            0.375689              1             no    8.96689e-09          4  1 
           2.45          56276            0.406229              1             no    7.40277e-09          4  1 
           2.45          56278            0.273776              1             no    7.21275e-09          4  1 
           2.45          56288             0.35466              1             no    7.34161e-09          4  1 
           2.45          56321            0.354018              1             no    6.02788e-09          4  1 
           2.45          56450            0.267999              1             no    7.26117e-09          4  1 
           2.45          56471           0.0311242              1             no    6.30857e-09          4  1 
           2.45          56512            0.143171              1             no    7.12781e-09          4  1 
           2.45          56513            0.241874              1             no    5.69476e-09          4  1 
           2.45          56514            0.041901              1             no    8.67146e-09          4  1 
           2.45          56577            0.334916              1             no    5.90707e-09          4  1 
           2.45          56606             0.34828              1             no    6.25267e-09          4  1 
           2.45          56623           0.0680842              1             no    8.32864e-09          4  1 
           2.45          56641           0.0578521              1             no    6.61885e-09          4  1 
           2.45          56711            0.348299              1             no    9.20983e-09          4  1 
           2.45          56722            0.215691              1             no     6.4734e-09          4  1 
           2.45          56799            0.240512              1             no    6.96043e-09          4  1 
           2.45          57002            0.504465              1             no    6.09523e-09          4  1 
           2.45          57051            0.254596              1             no    1.05432e-08          4  1 
           2.45          57071            0.547786              1             no    6.11133e-09          4  1 
           2.45          57076           0.0763126              1             no    7.27586e-09          4  1 
           2.45          57144            0.325306              1             no    6.40715e-09          4  1 
           2.45          57181            0.480227              1             no    8.69361e-09          4  1 
           2.45          57196            0.178186              1             no    1.10963e-08          4  1 
           2.45          57233             0.37954              1             no    6.90031e-09          4  1 
           2.45          57238            0.211255              1             no    5.78783e-09          4  1 
           2.45          57250            0.389733              1             no    6.22589e-09          4  1 
           2.45          57291            0.074951              1             no    6.83325e-09          4  1 
           2.45          57345            0.158344              1             no    6.72518e-09          4  1 
           2.45          57377            0.013967              1             no    1.11665e-08          4  1 
           2.45          57394           0.0871283              1             no    6.48934e-09          4  1 
           2.45          57411            0.325248              1             no    6.62759e-09          4  1 
           2.45          57469            0.396114              1             no    5.82019e-09          4  1 
           2.45          57661            0.202385              1             no     6.7048e-09          4  1 
           2.45          57670           0.0654775              1             no    8.18887e-09          4  1 
           2.45          57700            0.236816              1             no    6.68512e-09          4  1 
           2.45          57747            0.233004              1             no    8.05936e-09          4  1 
           2.45          57779            0.535686              1             no    6.52876e-09          4  1 
           2.45          57784            0.207482              1             no    8.54503e-09          4  1 
           2.45          57909            0.500574              1             no    1.16337e-08          4  1 
           2.45          57910           0.0514133              1             no     8.6552e-09          4  1 
           2.45          57961           0.0120412              1             no    6.33436e-09          4  1 
           2.45          57997            0.529325              1             no    6.13771e-09          4  1 
           2.45          58014            0.359154              1             no    7.79878e-09          4  1 
           2.45          58081            0.399965              1             no    5.93309e-09          4  1 
           2.45          58124            0.535667              1             no    6.58734e-09          4  1 
           2.45          58205            0.331123              1             no    8.76808e-09          4  1 
           2.45          58225            0.365437              1             no    6.21199e-09          4  1 
           2.45          58294           0.0317661              1             no    7.30515e-09          4  1 
           2.45          58304            0.226001              1             no    6.40785e-09          4  1 
           2.45          58334            0.381952              1             no    8.13054e-09          4  1 
           2.45          58373           0.0737643              1             no    5.75553e-09          4  1 
           2.45          58418           0.0635712              1             no    9.93186e-09          4  1 
           2.45          58446            0.361021              1             no    7.30316e-09          4  1 
           2.45          58475            0.428619              1             no    9.39255e-09          4  1 
           2.45          58503           0.0426012              1             no    9.66815e-09          4  1 
           2.45          58531            0.129068              1             no    9.28849e-09          4  1 
           2.45          58586            0.180695              1             no    8.71224e-09          4  1 
           2.45          58600            0.323458              1             no    6.39328e-09          4  1 
           2.45          58622            0.332951              1             no    8.50087e-09          4  1 
           2.45          58631            0.196044              1             no    8.27262e-09          4  1 
           2.45          58667            0.190869              1             no    1.13741e-08          4  1 
           2.45          58728            0.187796              1             no    6.16077e-09          4  1 
           2.45          58741            0.281382              1             no    5.81963e-09          4  1 
           2.45          58788            0.366079              1             no    1.04754e-08          4  1 
           2.45          58805           0.0170989              1             no    7.19954e-09          4  1 
           2.45          58850            0.278173              1             no    6.93274e-09          4  1 
           2.45          58886            0.260373              1             no    6.42914e-09          4  1 
           2.45          58898            0.167331              1             no    6.02733e-09          4  1 
           2.45          58946            0.488494              1             no    1.04812e-08          4  1 
           2.45          58952            0.287763              1             no    6.16275e-09          4  1 
           2.45          59024            0.293443              1             no    6.24282e-09          4  1 
           2.45          59045           0.0381077              1             no    1.20528e-08          4  1 
           2.45          59109          0.00634156              1             no    1.02001e-08          4  1 
           2.45          59130            0.380182              1             no    7.25699e-09          4  1 
           2.45          59146            0.291595              1             no    6.69539e-09          4  1 
           2.45          59174            0.304959              1             no    6.51612e-09          4  1 
           2.45          59184            0.310075              1             no    6.11617e-09          4  1 
           2.45          59242            0.321532              1             no    6.91783e-09          4  1 
           2.45          59278            0.127201              1             no    1.04376e-08          4  1 
           2.45          59370            0.551618              1             no     9.4281e-09          4  1 
           2.45          59371            0.330461              1             no      6.741e-09          4  1 
           2.45          59490            0.392943              1             no    6.47494e-09          4  1 
           2.45          59524          0.00503823              1             no    6.53091e-09          4  1 
           2.45          59651            0.236077              1             no     6.9679e-09          4  1 
           2.45          59652            0.197911              1             no    5.98668e-09          4  1 
           2.45          59661           0.0457137              1             no     5.7829e-09          4  1 
           2.45          59683            0.140545              1             no    8.80669e-09          4  1 
           2.45          59694            0.180073              1             no    6.95003e-09          4  1 
           2.45          59758            0.405665              1             no    1.02363e-08          4  1 
           2.45          59775            0.384034              1             no    7.00899e-09          4  1 
           2.45          59791            0.413252              1             no    6.57076e-09          4  1 
           2.45          59860            0.310697              1             no    6.00557e-09          4  1 
           2.45          59913           0.0953568              1             no    6.95106e-09          4  1 
           2.45          60004            0.484079              1             no    7.95721e-09          4  1 
           2.45          60062             0.53876              1             no    6.67987e-09          4  1 
           2.45          60134            0.608984              1             no    1.07164e-08          4  1 
           2.45          60245           0.0368433              1             no    8.26229e-09          4  1 
           2.45          60314           0.0616454              1             no    6.33604e-09          4  1 
           2.45          60338            0.201685              1             no    6.41869e-09          4  1 
           2.45          60376           0.0120606              1             no    7.09341e-09          4  1 
           2.45          60409           0.0921471              1             no    7.49484e-09          4  1 
           2.45          60439           0.0693291              1             no    5.84056e-09          4  1 
           2.45          60454           0.0597779              1             no    1.03751e-08          4  1 
           2.45          60458            0.271131              1             no    6.32606e-09          4  1 
           2.45          60472          0.00568017              1             no    6.22028e-09          4  1 
           2.45          60483            0.439454              1             no    7.72059e-09          4  1 
           2.45          60506            0.189605              1             no    1.01019e-08          4  1 
           2.45          60511            0.218317              1             no    6.27589e-09          4  1 
           2.45          60547            0.245667              1             no    7.01697e-09          4  1 
           2.45          60610            0.134223              1             no    8.42402e-09          4  1 
           2.45          60618            0.314452              1             no    9.62055e-09          4  1 
           2.45          60623            0.537593              1             no    6.20983e-09          4  1 
           2.45          60650           0.0330306              1             no    7.57258e-09          4  1 
           2.45          60705            0.376933              1             no    7.37796e-09          4  1 
           2.45          60820            0.487171              1             no    6.28136e-09          4  1 
           2.45          60854            0.254032              1             no    7.18166e-09          4  1 
           2.45          60920            0.364853              1             no    7.64568e-09          4  1 
           2.45          60999            0.355283              1             no    8.67226e-09          4  1 
           2.45          61009            0.537573              1             no    7.33133e-09          4  1 
           2.45          61027            0.288405              1             no    7.02691e-09          4  1 
           2.45          61051             0.14819              1             no    6.97921e-09          4  1 
           2.45          61082            0.111288              1             no    7.73899e-09          4  1 
           2.45          61093           0.0922832              1             no    6.80703e-09          4  1 
           2.45          61116            0.481491              1             no    6.88545e-09          4  1 
           2.45          61120           0.0260471              1             no    6.21345e-09          4  1 
           2.45          61152            0.105492              1             no    7.90632e-09          4  1 
           2.45          61157            0.421616              1             no    6.31757e-09          4  1 
           2.45          61158             0.25977              1             no    7.38781e-09          4  1 
           2.45          61170            0.150155              1             no    6.04428e-09          4  1 
           2.45          61175            0.196024              1             no    6.56755e-09          4  1 
           2.45          61229            0.285895              1             no    5.95874e-09          4  1 
           2.45          61278            0.424826              1             no    6.06734e-09          4  1 
           2.45          61344            0.400491              1             no     7.8908e-09          4  1 
           2.45          61356            0.327174              1             no    6.01888e-09          4  1 
           2.45          61369            0.450892              1             no    7.90105e-09          4  1 
           2.45          61416            0.306184              1             no    6.06677e-09          4  1 
           2.45          61425            0.152081              1             no    6.31077e-09          4  1 
           2.45          61442            0.136129              1             no    6.21649e-09          4  1 
           2.45          61452           0.0744063              1             no     7.2682e-09          4  1 
           2.45          61500            0.351489              1             no    5.95616e-09          4  1 
           2.45          61585            0.295349              1             no    7.43923e-09          4  1 
           2.45          61632            0.301166              1             no    8.62053e-09          4  1 
           2.45          61666            0.157761              1             no    6.08202e-09          4  1 
           2.45          61696            0.450328              1             no    7.15188e-09          4  1 
           2.45          61711            0.415216              1             no    7.98923e-09          4  1 
           2.45          61750           0.0317661              1             no    7.91976e-09          4  1 
           2.45          61781            0.505613              1             no    5.90598e-09          4  1 
           2.45          61846           0.0126637              1             no    9.08918e-09          4  1 
           2.45          61852            0.364814              1             no    6.79462e-09          4  1 
           2.45          62016            0.213784              1             no    5.67601e-09          4  1 
           2.45          62035            0.333632              1             no    7.00613e-09          4  1 
           2.45          62058           0.0304628              1             no     6.2677e-09          4  1 
           2.45          62081           0.0393916              1             no    7.16448e-09          4  1 
           2.45          62137             0.38203              1             no    6.43849e-09          4  1 
           2.45          62164            0.253973              1             no    7.98085e-09          4  1 
           2.45          62254            0.299804              1             no    7.36003e-09          4  1 
           2.45          62292            0.113817              1             no    7.39263e-09          4  1 
           2.45          62300           0.0100959              1             no    6.58572e-09          4  1 
           2.45          62304            0.308791              1             no    7.17434e-09          4  1 
           2.45          62306            0.475208              1             no    8.25139e-09          4  1 
           2.45          62321           0.0196861              1             no    8.59483e-09          4  1 
           2.45          62356            0.214543              1             no    5.70806e-09          4  1 
           2.45          62367           0.0807089              1             no    7.36903e-09          4  1 
           2.45          62446           0.0272726              1             no    6.38651e-09          4  1 
           2.45          62508            0.387807              1             no    6.64494e-09          4  1 
           2.45          62549           0.0978856              1             no    6.85963e-09          4  1 
           2.45          62572            0.115101              1             no    9.24545e-09          4  1 
           2.45          62612             0.25337              1             no     1.0003e-08          4  1 
           2.45          62629            0.416481              1             no    6.57204e-09          4  1 
           2.45          62637            0.146965              1             no    7.30139e-09          4  1 
           2.45          62679            0.348241              1             no    7.86299e-09          4  1 
           2.45          62711            0.174354              1             no    6.33774e-09          4  1 
           2.45          62733            0.517323              1             no    6.55628e-09          4  1 
           2.45          62816            0.372479              1             no     6.8935e-09          4  1 
           2.45          62934            0.310016              1             no     7.4454e-09          4  1 
           2.45          62978            0.274399              1             no    6.24361e-09          4  1 
           2.45          63023            0.026689              1             no    5.92839e-09          4  1 
           2.45          63099            0.180734              1             no     1.0159e-08          4  1 
           2.45          63144           0.0693097              1             no    6.47254e-09          4  1 
           2.45          63188            0.260976              1             no    6.32568e-09          4  1 
           2.45          63230           0.0603809              1             no    6.73607e-09          4  1 
           2.45          63235            0.325326              1             no    6.23537e-09          4  1 
           2.45          63271            0.195363              1             no    6.27237e-09          4  1 
           2.45          63286            0.341296              1             no    5.78901e-09          4  1 
           2.45          63317            0.326532              1             no    9.77915e-09          4  1 
           2.45          63362           0.0610618              1             no    5.99165e-09          4  1 
           2.45          63379            0.252009              1             no    5.73348e-09          4  1 
           2.45          63408            0.534383              1             no    7.69064e-09          4  1 
           2.45          63432             0.25588              1             no    7.82446e-09          4  1 
           2.45          63437            0.123407              1             no    8.11676e-09          4  1 
           2.45          63466            0.429845              1             no    6.62496e-09          4  1 
           2.45          63468            0.350186              1             no     7.0017e-09          4  1 
           2.45          63538            0.247651              1             no    6.99726e-09          4  1 
           2.45          63583            0.289591              1             no    6.53884e-09          4  1 
           2.45          63618            0.183925              1             no    9.15945e-09          4  1 
           2.45          63769            0.498065              1             no    8.16696e-09          4  1 
           2.45          63794           0.0800864              1             no    6.31324e-09          4  1 
           2.45          63800            0.514716              1             no    9.87728e-09          4  1 
           2.45          63801           0.0247048              1             no    6.72204e-09          4  1 
           2.45          63813            0.234287              1             no    7.31488e-09          4  1 
           2.45          63846            0.196608              1             no    1.05364e-08          4  1 
           2.45          63857            0.499952              1             no     5.8804e-09          4  1 
           2.45          63863            0.327329              1             no    7.71286e-09          4  1 
           2.45          63894            0.145078              1             no    6.75528e-09          4  1 
           2.45          63974           0.0749899              1             no    6.38999e-09          4  1 
           2.45          64043            0.335538              1             no    6.03911e-09          4  1 
           2.45          64044            0.128504              1             no    7.12834e-09          4  1 
           2.45          64075            0.355302              1             no    6.51072e-09          4  1 
           2.45          64131            0.275002              1             no    6.60003e-09          4  1 
           2.45          64150            0.332329              1             no    8.45298e-09          4  1 
           2.45          64163            0.134846              1             no    1.06151e-08          4  1 
           2.45          64182             0.21324              1             no    7.31352e-09          4  1 
           2.45          64209            0.329197              1             no    6.04158e-09          4  1 
           2.45          64233            0.290369              1             no    7.91189e-09          4  1 
           2.45          64235            0.183866              1             no    8.33396e-09          4  1 
           2.45          64279            0.185811              1             no    1.04901e-08          4  1 
           2.45          64316            0.557279              1             no    7.10122e-09          4  1 
           2.45          64325            0.328555              1             no    9.97841e-09          4  1 
           2.45          64393           0.0126637              1             no     6.6952e-09          4  1 
           2.45          64450            0.227226              1             no    6.55903e-09          4  1 
           2.45          64466            0.503784              1             no    7.60131e-09          4  1 
           2.45          64542            0.292859              1             no     5.9711e-09          4  1 
           2.45          64595            0.260976              1             no    8.84243e-09          4  1 
           2.45          64601            0.124594              1             no    7.22144e-09          4  1 
           2.45          64607            0.561228              1             no    7.30204e-09          4  1 
           2.45          64625            0.223433              1             no    9.26971e-09          4  1 
           2.45          64641            0.352773              1             no    6.04489e-09          4  1 
           2.45          64642            0.416442              1             no     1.0853e-08          4  1 
           2.45          64647            0.512129              1             no    7.14377e-09          4  1 
           2.45          64652            0.192873              1             no    7.02923e-09          4  1 
           2.45          64681           0.0355399              1             no     9.8407e-09          4  1 
           2.45          64746             0.25267              1             no    9.88111e-09          4  1 
           2.45          64782            0.426693              1             no    7.19433e-09          4  1 
           2.45          64850            0.106192              1             no      6.206e-09          4  1 
           2.45          64900            0.127201              1             no    7.63324e-09          4  1 
           2.45          64904            0.015815              1             no    6.27612e-09          4  1 
           2.45          64949            0.330461              1             no    8.12763e-09          4  1 
           2.45          64971            0.494252              1             no    6.60467e-09          4  1 
           2.45          65049            0.161671              1             no    7.20435e-09          4  1 
           2.45          65064            0.276325              1             no    6.32255e-09          4  1 
           2.45          65128            0.232284              1             no    6.01632e-09          4  1 
           2.45          65187           0.0438657              1             no    6.00514e-09          4  1 
           2.45          65193            0.136771              1             no    6.48653e-09          4  1 
           2.45          65296            0.573969              1             no     5.7211e-09          4  1 
           2.45          65300            0.483417              1             no    7.02057e-09          4  1 
           2.45          65330            0.102418              1             no    1.12492e-08          4  1 
           2.45          65416            0.313226              1             no    6.60523e-09          4  1 
           2.45          65432            0.324061              1             no     6.2254e-09          4  1 
           2.45          65442            0.322077              1             no    6.91091e-09          4  1 
           2.45          65562            0.192775              1             no    7.67758e-09          4  1 
           2.45          65581            0.217655              1             no    7.65337e-09          4  1 
           2.45          65703            0.470053              1             no    8.83434e-09          4  1 
           2.45          65756            0.125839              1             no    8.07092e-09          4  1 
           2.45          65763            0.273056              1             no    6.63431e-09          4  1 
           2.45          65775             0.38915              1             no    6.03548e-09          4  1 
           2.45          65852            0.315191              1             no    6.38863e-09          4  1 
           2.45          65859            0.196666              1             no    8.98095e-09          4  1 
           2.45          65893            0.166728              1             no    7.95919e-09          4  1 
           2.45          65919            0.258448              1             no    5.94331e-09          4  1 
           2.45          65951            0.186512              1             no    6.92295e-09          4  1 
           2.45          65954            0.217013              1             no    6.20482e-09          4  1 
           2.45          66019            0.418445              1             no    7.51523e-09          4  1 
           2.45          66048           0.0769935              1             no    6.40823e-09          4  1 
           2.45          66066            0.205536              1             no    7.20507e-09          4  1 
           2.45          66110           0.0501683              1             no    8.49392e-09          4  1 
           2.45          66114            0.215749              1             no    8.13437e-09          4  1 
           2.45          66127           0.0571907              1             no    7.52744e-09          4  1 
           2.45          66129            0.368763              1             no    6.96301e-09          4  1 
           2.45          66167            0.185228              1             no    6.58323e-09          4  1 
           2.45          66224           0.0622678              1             no    8.43245e-09          4  1 
           2.45          66256            0.203027              1             no    1.00413e-08          4  1 
           2.45          66268           0.0959987              1             no    6.25632e-09          4  1 
           2.45          66316            0.362966              1             no    8.02531e-09          4  1 
           2.45          66319            0.385804              1             no    5.77744e-09          4  1 
           2.45          66412            0.431751              1             no    7.91409e-09          4  1 
           2.45          66422           0.0597974              1             no    5.86143e-09          4  1 
           2.45          66432            0.538254              1             no    1.02041e-08          4  1 
           2.45          66522            0.231097              1             no    7.60919e-09          4  1 
           2.45          66547             0.16669              1             no    8.05719e-09          4  1 
           2.45          66580            0.152742              1             no    6.32863e-09          4  1 
           2.45          66619           0.0432043              1             no    6.33205e-09          4  1 
           2.45          66636            0.138036              1             no     7.1636e-09          4  1 
           2.45          66669            0.261054              1             no    6.90407e-09          4  1 
           2.45          66728           0.0152314              1             no    5.97413e-09          4  1 
           2.45          66739            0.287743              1             no     6.0762e-09          4  1 
           2.45          66757            0.413213              1             no    6.88297e-09          4  1 
           2.45          66772             0.38205              1             no    6.25271e-09          4  1 
           2.45          66850           0.0445076              1             no    7.03884e-09          4  1 
           2.45          66875            0.127784              1             no    6.12479e-09          4  1 
           2.45          66897            0.408194              1             no    7.12208e-09          4  1 
           2.45          66920            0.246406              1             no    1.10115e-08          4  1 
           2.45          66976            0.280118              1             no    6.97144e-09          4  1 
           2.45          67051            0.424087              1             no    8.11687e-09          4  1 
           2.45          67077            0.276928              1             no    6.71329e-09          4  1 
           2.45          67106            0.357209              1             no    6.66758e-09          4  1 
           2.45          67110            0.207521              1             no    6.51908e-09          4  1 
           2.45          67123             0.33299              1             no    8.79992e-09          4  1 
           2.45          67162            0.331142              1             no    6.83956e-09          4  1 
           2.45          67164            0.457273              1             no    6.87214e-09          4  1 
           2.45          67165            0.229191              1             no    6.11017e-09          4  1 
           2.45          67226            0.260976              1             no    6.44783e-09          4  1 
           2.45          67230            0.212637              1             no    6.29415e-09          4  1 
           2.45          67273            0.359776              1             no    8.32772e-09          4  1 
           2.45          67287            0.211956              1             no    8.46227e-09          4  1 
           2.45          67313            0.245667              1             no    7.42531e-09          4  1 
           2.45          67385            0.334916              1             no    6.46924e-09          4  1 
           2.45          67414            0.203669              1             no    8.03313e-09          4  1 
           2.45          67496          0.00381271              1             no    6.94822e-09          4  1 
           2.45          67561           0.0889958              1             no    5.78705e-09          4  1 
           2.45          67578            0.431848              1             no    6.40473e-09          4  1 
           2.45          67603            0.241193              1             no    7.03721e-09          4  1 
           2.45          67621          0.00820901              1             no    9.21123e-09          4  1 
           2.45          67690            0.444454              1             no    8.09248e-09          4  1 
           2.45          67739            0.331667              1             no    8.39504e-09          4  1 
           2.45          67744            0.226701              1             no    1.03725e-08          4  1 
           2.45          67760            0.341958              1             no    5.94666e-09          4  1 
           2.45          67813            0.296614              1             no    9.82254e-09          4  1 
           2.45          67831            0.309433              1             no    6.04637e-09          4  1 
           2.45          67876             0.26545              1             no    6.43134e-09          4  1 
           2.45          67895            0.226584              1             no    8.38925e-09          4  1 
           2.45          67905            0.268582              1             no    7.00294e-09          4  1 
           2.45          67913            0.350906              1             no    7.08909e-09          4  1 
           2.45          67962            0.335597              1             no    7.26902e-09          4  1 
           2.45          68081            0.239948              1             no    7.45913e-09          4  1 
           2.45          68083            0.189566              1             no     9.9927e-09          4  1 
           2.45          68173            0.357792              1             no    7.96682e-09          4  1 
           2.45          68206           0.0445854              1             no    8.45901e-09          4  1 
           2.45          68210            0.190927              1             no    8.67009e-09          4  1 
           2.45          68280            0.543934              1             no    5.82027e-09          4  1 
           2.45          68314            0.267357              1             no     5.8061e-09          4  1 
           2.45          68330          0.00692513              1             no    6.35821e-09          4  1 
           2.45          68334           0.0469975              1             no    8.02345e-09          4  1 
           2.45          68395             0.32978              1             no    6.41479e-09          4  1 
           2.45          68401           0.0578326              1             no    8.53257e-09          4  1 
           2.45          68417            0.399926              1             no    6.10312e-09          4  1 
           2.45          68463           0.0565099              1             no    7.13318e-09          4  1 
           2.45          68489            0.420371              1             no    6.41877e-09          4  1 
           2.45          68490            0.468069              1             no    6.97388e-09          4  1 
           2.45          68491            0.223374              1             no    6.81966e-09          4  1 
           2.45          68512            0.244422              1             no     7.1516e-09          4  1 
           2.45          68518            0.239968              1             no    6.39416e-09          4  1 
           2.45          68570            0.334857              1             no    7.86496e-09          4  1 
           2.45          68614            0.288424              1             no    8.93546e-09          4  1 
           2.45          68629            0.540199              1             no    7.40578e-09          4  1 
           2.45          68641            0.119575              1             no    6.70821e-09          4  1 
           2.45          68768            0.129088              1             no    6.52699e-09          4  1 
           2.45          68818            0.250161              1             no    7.76196e-09          4  1 
           2.45          68829           0.0781995              1             no    6.07612e-09          4  1 
           2.45          68840            0.361624              1             no    6.31673e-09          4  1 
           2.45          68841            0.216372              1             no    6.34283e-09          4  1 
           2.45          68875            0.329158              1             no    6.10614e-09          4  1 
           2.45          69027            0.205595              1             no    8.40106e-09          4  1 
           2.45          69029            0.549089              1             no    6.00285e-09          4  1 
           2.45          69055            0.178205              1             no    6.46677e-09          4  1 
           2.45          69072            0.159687              1             no    5.64391e-09          4  1 
           2.45          69084            0.333554              1             no    6.05946e-09          4  1 
           2.45          69086             0.46233              1             no    6.56673e-09          4  1 
           2.45          69095            0.233548              1             no    1.22158e-08          4  1 
           2.45          69099             0.28395              1             no    6.31959e-09          4  1 
           2.45          69113            0.280098              1             no    8.51578e-09          4  1 
           2.45          69130          0.00822846              1             no    1.02626e-08          4  1 
           2.45          69140            0.310756              1             no    7.91414e-09          4  1 
           2.45          69226           0.0196666              1             no    5.87144e-09          4  1 
           2.45          69236            0.107456              1             no    7.89624e-09          4  1 
           2.45          69271            0.159706              1             no    6.11335e-09          4  1 
           2.45          69334             0.24699              1             no    1.10444e-08          4  1 
           2.45          69396            0.531251              1             no    9.03335e-09          4  1 
           2.45          69402           0.0565682              1             no    6.25756e-09          4  1 
           2.45          69459            0.360379              1             no    8.98821e-09          4  1 
           2.45          69493            0.472601              1             no    7.06287e-09          4  1 
           2.45          69496            0.102963              1             no    8.24779e-09          4  1 
           2.45          69510            0.198475              1             no     7.9036e-09          4  1 
           2.45          69525            0.168596              1             no    1.58247e-08          4  1 
           2.45          69545           0.0425429              1             no     6.8604e-09          4  1 
           2.45          69551           0.0253662              1             no    6.87235e-09          4  1 
           2.45          69577              0.3234              1             no    5.94722e-09          4  1 
           2.45          69598            0.296653              1             no    6.46007e-09          4  1 
           2.45          69657            0.441361              1             no    6.58128e-09          4  1 
           2.45          69671            0.403798              1             no     6.9842e-09          4  1 
           2.45          69713           0.0120606              1             no    1.01374e-08          4  1 
           2.45          69749            0.239987              1             no    6.14415e-09          4  1 
           2.45          69846           0.0330111              1             no    1.03892e-08          4  1 
           2.45          69855            0.122804              1             no      6.893e-09          4  1 
           2.45          69877            0.260354              1             no    5.86937e-09          4  1 
           2.45          69920            0.271773              1             no    6.03586e-09          4  1 
           2.45          69956            0.525552              1             no    6.27517e-09          4  1 
           2.45          70041             0.17805              1             no    5.76721e-09          4  1 
           2.45          70047           0.0253857              1             no    6.90739e-09          4  1 
           2.45          70090            0.461747              1             no    8.63103e-09          4  1 
           2.45          70145            0.290875              1             no    6.85752e-09          4  1 
           2.45          70152            0.382147              1             no    9.49295e-09          4  1 
           2.45          70173            0.320852              1             no     5.8442e-09          4  1 
           2.45          70184           0.0520747              1             no    6.65119e-09          4  1 
           2.45          70191            0.417142              1             no    9.17513e-09          4  1 
           2.45          70259           0.0826347              1             no    6.27408e-09          4  1 
           2.45          70262            0.315055              1             no    7.94043e-09          4  1 
           2.45          70312            0.176941              1             no    8.82789e-09          4  1 
           2.45          70359             0.17058              1             no    6.38803e-09          4  1 
           2.45          70402            0.238645              1             no    9.17914e-09          4  1 
           2.45          70415           0.0317467              1             no    6.01034e-09          4  1 
           2.45          70458            0.238664              1             no    8.74229e-09          4  1 
           2.45          70459            0.234813              1             no    2.56086e-08          4  1 
           2.45          70485             0.37954              1             no    5.88698e-09          4  1 
           2.45          70622            0.466766              1             no    6.09603e-09          4  1 
           2.45          70632             0.42539              1             no    7.57897e-09          4  1 
           2.45          70635             0.28716              1             no    6.50031e-09          4  1 
           2.45          70641            0.264167              1             no    5.92673e-09          4  1 
           2.45          70675            0.439435              1             no     5.9909e-09          4  1 
           2.45          70690            0.289008              1             no     6.4491e-09          4  1 
           2.45          70692            0.149532              1             no    7.96389e-09          4  1 
           2.45          70711            0.162274              1             no    6.66767e-09          4  1 
           2.45          70713            0.399907              1             no    6.95196e-09          4  1 
           2.45          70720            0.184528              1             no    7.11242e-09          4  1 
           2.45          70774            0.419068              1             no     9.0749e-09          4  1 
           2.45          70868            0.507636              1             no    6.88816e-09          4  1 
           2.45          70902           0.0196861              1             no    6.00573e-09          4  1 
           2.45          70923           0.0139475              1             no     1.0654e-08          4  1 
           2.45          70929            0.146264              1             no    7.36795e-09          4  1 
           2.45          70935            0.251503              1             no    6.20526e-09          4  1 
           2.45          70976            0.209349              1             no    6.09493e-09          4  1 
           2.45          70984            0.367363              1             no      6.455e-09          4  1 
           2.45          71036             0.27436              1             no    6.60242e-09          4  1 
           2.45          71054           0.0686289              1             no    6.27379e-09          4  1 
           2.45          71061            0.253954              1             no    1.05259e-08          4  1 
           2.45          71093            0.132336              1             no    6.53227e-09          4  1 
           2.45          71148            0.195343              1             no    6.59792e-09          4  1 
           2.45          71157           0.0539616              1             no    6.84773e-09          4  1 
           2.45          71237            0.584804              1             no    9.54796e-09          4  1 
           2.45          71350            0.253312              1             no    1.16886e-08          4  1 
           2.45          71363           0.0655359              1             no    5.99198e-09          4  1 
           2.45          71395            0.422919              1             no    1.05579e-08          4  1 
           2.45          71446            0.538176              1             no    6.89591e-09          4  1 
           2.45          71450            0.434377              1             no     7.4475e-09          4  1 
           2.45          71478            0.380843              1             no    6.59636e-09          4  1 
           2.45          71537            0.250764              1             no    7.24141e-09          4  1 
           2.45          71552            0.208085              1             no     7.2436e-09          4  1 
           2.45          71623            0.475111              1             no    7.50557e-09          4  1 
           2.45          71644           0.0215924              1             no     6.4797e-09          4  1 
           2.45          71677           0.0209505              1             no    6.34501e-09          4  1 
           2.45          71719            0.239929              1             no    6.04438e-09          4  1 
           2.45          71728            0.229774              1             no    7.22582e-09          4  1 
           2.45          71733           0.0877508              1             no    8.01041e-09          4  1 
           2.45          71837            0.366176              1             no    6.40181e-09          4  1 
           2.45          71880             0.33369              1             no    6.25226e-09          4  1 
           2.45          71971            0.179528              1             no     6.5225e-09          4  1 
           2.45          71994            0.366876              1             no    6.68228e-09          4  1 
           2.45          72000            0.441361              1             no    6.18202e-09          4  1 
           2.45          72065           0.0622484              1             no    1.56412e-08          4  1 
           2.45          72080            0.372498              1             no    6.44179e-09          4  1 
           2.45          72102            0.164764              1             no    8.79232e-09          4  1 
           2.45          72147            0.382108              1             no    6.47962e-09          4  1 
           2.45          72175            0.300485              1             no    6.60571e-09          4  1 
           2.45          72180            0.354699              1             no    6.90506e-09          4  1 
           2.45          72225            0.113253              1             no    7.94232e-09          4  1 
           2.45          72234            0.426615              1             no    6.13444e-09          4  1 
           2.45          72237           0.0966795              1             no    6.86923e-09          4  1 
           2.45          72251            0.188399              1             no     7.5928e-09          4  1 
           2.45          72288            0.283814              1             no    7.04246e-09          4  1 
           2.45          72362           0.0750482              1             no    6.97238e-09          4  1 
           2.45          72368            0.462311              1             no    7.12584e-09          4  1 
           2.45          72409            0.252009              1             no    8.48485e-09          4  1 
           2.45          72452             0.16418              1             no    6.15503e-09          4  1 
           2.45          72465          0.00760598              1             no    9.71752e-09          4  1 
           2.45          72519           0.0324081              1             no    6.65378e-09          4  1 
           2.45          72535            0.271831              1             no     8.0698e-09          4  1 
           2.45          72550            0.350167              1             no    6.23644e-09          4  1 
           2.45          72621            0.265431              1             no    6.54056e-09          4  1 
           2.45          72686            0.468108              1             no     6.7355e-09          4  1 
           2.45          72713           0.0922054              1             no    9.10825e-09          4  1 
           2.45          72743            0.212617              1             no    6.51374e-09          4  1 
           2.45          72757             0.27755              1             no    6.08443e-09          4  1 
           2.45          72784            0.329158              1             no    6.82349e-09          4  1 
           2.45          72795           0.0845995              1             no     9.9709e-09          4  1 
           2.45          72812            0.360399              1             no    8.33273e-09          4  1 
           2.45          72836            0.185831              1             no    6.94279e-09          4  1 
           2.45          72926          0.00947343              1             no    8.28296e-09          4  1 
           2.45          72939           0.0705547              1             no    7.18912e-09          4  1 
           2.45          73000            0.123349              1             no    5.78228e-09          4  1 
           2.45          73059           0.0559263              1             no    7.64907e-09          4  1 
           2.45          73073           0.0323886              1             no     6.8105e-09          4  1 
           2.45          73074            0.163519              1             no    5.97137e-09          4  1 
           2.45          73079            0.211897              1             no    6.67608e-09          4  1 
           2.45          73093            0.244461              1             no    6.19851e-09          4  1 
           2.45          73100            0.539421              1             no     9.5782e-09          4  1 
           2.45          73233           0.0380882              1             no    6.87657e-09          4  1 
           2.45          73235            0.359718              1             no    6.45355e-09          4  1 
           2.45          73281            0.399265              1             no     6.7955e-09          4  1 
           2.45          73307            0.347696              1             no    6.32071e-09          4  1 
           2.45          73349           0.0617037              1             no    6.04038e-09          4  1 
           2.45          73377            0.135468              1             no    8.37382e-09          4  1 
           2.45          73443             0.28393              1             no    6.52552e-09          4  1 
           2.45          73459             0.32161              1             no    7.65308e-09          4  1 
           2.45          73529              0.4897              1             no    6.80206e-09          4  1 
           2.45          73572            0.539421              1             no    6.93109e-09          4  1 
           2.45          73585           0.0807089              1             no    6.41354e-09          4  1 
           2.45          73617            0.262319              1             no    6.34964e-09          4  1 
           2.45          73781            0.382127              1             no    7.93967e-09          4  1 
           2.45          73785            0.396055              1             no    6.65288e-09          4  1 
           2.45          73802            0.187718              1             no    5.71248e-09          4  1 
           2.45          73820            0.325306              1             no    7.13546e-09          4  1 
           2.45          73840            0.125975              1             no    5.68984e-09          4  1 
           2.45          73855           0.0749899              1             no    7.46151e-09          4  1 
           2.45          73935            0.305581              1             no    6.88447e-09          4  1 
           2.45          74009           0.0896766              1             no    6.11894e-09          4  1 
           2.45          74021             0.37635              1             no    9.31973e-09          4  1 
           2.45          74035            0.450873              1             no    6.10964e-09          4  1 
           2.45          74043            0.294085              1             no    6.64763e-09          4  1 
           2.45          74073            0.243138              1             no    6.26746e-09          4  1 
           2.45          74087            0.494875              1             no    6.51031e-09          4  1 
           2.45          74104            0.041901              1             no    8.18042e-09          4  1 
           2.45          74206            0.383917              1             no    6.58066e-09          4  1 
           2.45          74272            0.549031              1             no     5.9863e-09          4  1 
           2.45          74349             0.20042              1             no    7.49644e-09          4  1 
           2.45          74369            0.427899              1             no    8.54742e-09          4  1 
           2.45          74426            0.257144              1             no    6.68625e-09          4  1 
           2.45          74427            0.162177              1             no    9.02423e-09          4  1 
           2.45          74496            0.106873              1             no    6.08978e-09          4  1 
           2.45          74526            0.182602              1             no    1.15731e-08          4  1 
           2.45          74563            0.192134              1             no    7.99528e-09          4  1 
           2.45          74576            0.494291              1             no    6.67239e-09          4  1 
           2.45          74605            0.317019              1             no    7.04495e-09          4  1 
           2.45          74661           0.0406171              1             no    1.61508e-08          4  1 
           2.45          74680            0.313284              1             no    6.01191e-09          4  1 
           2.45          74689          0.00824791              1             no    6.90971e-09          4  1 
           2.45          74690            0.420352              1             no    6.33197e-09          4  1 
           2.45          74712           0.0825764              1             no    8.04577e-09          4  1 
           2.45          74748           0.0165153              1             no     5.7257e-09          4  1 
           2.45          74830            0.425351              1             no    6.31505e-09          4  1 
           2.45          74834            0.352112              1             no    7.07238e-09          4  1 
           2.45          74848            0.166009              1             no    7.13482e-09          4  1 
           2.45          74889             0.19795              1             no     6.6282e-09          4  1 
           2.45          74904            0.276266              1             no    8.06587e-09          4  1 
           2.45          74924            0.285798              1             no    6.76602e-09          4  1 
           2.45          74960            0.103682              1             no    8.15541e-09          4  1 
           2.45          74990            0.160951              1             no    7.31857e-09          4  1 
           2.45          74997            0.540783              1             no    8.51951e-09          4  1 
           2.45          75007            0.345051              1             no     5.6437e-09          4  1 
           2.45          75033            0.203008              1             no    5.80766e-09          4  1 
           2.45          75046            0.227771              1             no    6.18778e-09          4  1 
           2.45          75064           0.0190247              1             no    7.45127e-09          4  1 
           2.45          75070            0.371895              1             no    7.36237e-09          4  1 
           2.45          75091            0.527341              1             no      6.917e-09          4  1 
           2.45          75108            0.437489              1             no    7.90522e-09          4  1 
           2.45          75179           0.0362013              1             no    6.53059e-09          4  1 
           2.45          75225            0.303111              1             no    6.19921e-09          4  1 
           2.45          75246            0.250725              1             no    6.31074e-09          4  1 
           2.45          75303            0.315152              1             no    6.63833e-09          4  1 
           2.45          75370           0.0501878              1             no    1.14492e-08          4  1 
           2.45          75389            0.369347              1             no    6.68897e-09          4  1 
           2.45          75407            0.132356              1             no    8.12038e-09          4  1 
           2.45          75419           0.0965823              1             no    7.81739e-09          4  1 
           2.45          75424            0.276266              1             no    6.08861e-09          4  1 
           2.45          75433            0.210633              1             no    5.89013e-09          4  1 
           2.45          75477            0.513938              1             no    5.82321e-09          4  1 
           2.45          75484            0.223394              1             no    6.50378e-09          4  1 
           2.45          75519            0.107495              1             no    6.87296e-09          4  1 
           2.45          75542            0.225378              1             no    5.83378e-09          4  1 
           2.45          75549           0.0260471              1             no    6.83929e-09          4  1 
           2.45          75560            0.245025              1             no    7.12166e-09          4  1 
           2.45          75571            0.194721              1             no    6.76867e-09          4  1 
           2.45          75579             0.37386              1             no    7.04114e-09          4  1 
           2.45          75636           0.0807089              1             no    8.91759e-09          4  1 
           2.45          75645            0.347074              1             no    8.55487e-09          4  1 
           2.45          75650            0.498707              1             no     1.0763e-08          4  1 
           2.45          75725           0.0858055              1             no    8.95372e-09          4  1 
           2.45          75732            0.363608              1             no    7.87962e-09          4  1 
           2.45          75750             0.26545              1             no    7.08352e-09          4  1 
           2.45          75815            0.245084              1             no    6.89955e-09          4  1 
           2.45          75862            0.211314              1             no    6.38855e-09          4  1 
           2.45          75909           0.0399946              1             no    6.83748e-09          4  1 
           2.45          75966            0.196608              1             no    1.07568e-08          4  1 
           2.45          75980            0.091544              1             no    1.39502e-08          4  1 
           2.45          76023            0.310736              1             no    6.21002e-09          4  1 
           2.45          76034            0.378198              1             no    6.56303e-09          4  1 
           2.45          76039           0.0126442              1             no    1.08418e-08          4  1 
           2.45          76047            0.288424              1             no    6.05822e-09          4  1 
           2.45          76121            0.394246              1             no    6.87357e-09          4  1 
           2.45          76183            0.307468              1             no    6.36385e-09          4  1 
           2.45          76203            0.452701              1             no    7.21924e-09          4  1 
           2.45          76210            0.348922              1             no    5.83391e-09          4  1 
           2.45          76218            0.246329              1             no    6.34024e-09          4  1 
           2.45          76221            0.158403              1             no    6.60014e-09          4  1 
           2.45          76233            0.194059              1             no    7.67803e-09          4  1 
           2.45          76269            0.133601              1             no    9.20058e-09          4  1 
           2.45          76278           0.0457526              1             no    7.59177e-09          4  1 
           2.45          76300            0.138658              1             no    1.20623e-08          4  1 
           2.45          76326             0.36995              1             no    5.96298e-09          4  1 
           2.45          76339            0.258428              1             no    9.97955e-09          4  1 
           2.45          76392            0.339429              1             no    6.10877e-09          4  1 
           2.45          76395            0.106134              1             no    8.63807e-09          4  1 
           2.45          76420             0.45739              1             no    1.00456e-08          4  1 
           2.45          76438           0.0686872              1             no    7.42925e-09          4  1 
           2.45          76493            0.295388              1             no    7.11216e-09          4  1 
           2.45          76500            0.179995              1             no    6.15494e-09          4  1 
           2.45          76512            0.273679              1             no    9.48744e-09          4  1 
           2.45          76523            0.538235              1             no    7.41207e-09          4  1 
           2.45          76599            0.420955              1             no    8.66677e-09          4  1 
           2.45          76623            0.185792              1             no    8.67414e-09          4  1 
           2.45          76624            0.159084              1             no    6.13531e-09          4  1 
           2.45          76697            0.395394              1             no    9.25009e-09          4  1 
           2.45          76794            0.197969              1             no    6.32881e-09          4  1 
           2.45          76860            0.162254              1             no    7.24784e-09          4  1 
           2.45          76916            0.396055              1             no    5.73458e-09          4  1 
           2.45          77019            0.169977              1             no    7.08797e-09          4  1 
           2.45          77073            0.253312              1             no    5.81349e-09          4  1 
           2.45          77090            0.313868              1             no     6.8581e-09          4  1 
           2.45          77100            0.234268              1             no    8.55034e-09          4  1 
           2.45          77103            0.215846              1             no    7.26927e-09          4  1 
           2.45          77151            0.450173              1             no    8.84223e-09          4  1 
           2.45          77188            0.496801              1             no    7.78565e-09          4  1 
           2.45          77192            0.269244              1             no    6.31773e-09          4  1 
           2.45          77256            0.290233              1             no    6.20971e-09          4  1 
           2.45          77287            0.170444              1             no    6.80577e-09          4  1 
           2.45          77303            0.111911              1             no    6.48073e-09          4  1 
           2.45          77341            0.146945              1             no    7.88545e-09          4  1 
           2.45          77374            0.430525              1             no    6.40624e-09          4  1 
           2.45          77413            0.281363              1             no    7.17104e-09          4  1 
           2.45          77419            0.416539              1             no    7.14169e-09          4  1 
           2.45          77439             0.19404              1             no    6.57326e-09          4  1 
           2.45          77444             0.41329              1             no     6.3901e-09          4  1 
           2.45          77506           0.0304823              1             no    7.16646e-09          4  1 
           2.45          77532            0.343845              1             no    8.30023e-09          4  1 
           2.45          77537              0.1642              1             no    6.57697e-09          4  1 
           2.45          77540            0.282686              1             no    6.61312e-09          4  1 
           2.45          77607           0.0756707              1             no    6.75445e-09          4  1 
           2.45          77612             0.47194              1             no    5.88467e-09          4  1 
           2.45          77716            0.128446              1             no    5.98781e-09          4  1 
           2.45          77724            0.272453              1             no    6.77111e-09          4  1 
           2.45          77737            0.396114              1             no    7.36393e-09          4  1 
           2.45          77751            0.294688              1             no     7.0969e-09          4  1 
           2.45          77788           0.0596806              1             no    7.98199e-09          4  1 
           2.45          77851            0.139923              1             no    6.15665e-09          4  1 
           2.45          77860            0.361021              1             no    6.20454e-09          4  1 
           2.45          77885            0.192134              1             no    6.36786e-09          4  1 
           2.45          77906            0.378898              1             no    9.61757e-09          4  1 
           2.45          77931            0.421694              1             no    6.20657e-09          4  1 
           2.45          77959             0.50001              1             no    6.02555e-09          4  1 
           2.45          77989            0.020931              1             no    7.10378e-09          4  1 
           2.45          78000            0.543993              1             no    6.57645e-09          4  1 
           2.45          78061           0.0686094              1             no    7.08933e-09          4  1 
           2.45          78121            0.268602              1             no    8.56741e-09          4  1 
           2.45          78125            0.364776              1             no    7.12407e-09          4  1 
           2.45          78138            0.274418              1             no    6.46252e-09          4  1 
           2.45          78152            0.237983              1             no    7.95009e-09          4  1 
           2.45          78162            0.202385              1             no    6.03408e-09          4  1 
           2.45          78193           0.0107768              1             no    8.68274e-09          4  1 
           2.45          78236            0.526096              1             no    9.79734e-09          4  1 
           2.45          78261           0.0743479              1             no    1.05686e-08          4  1 
           2.45          78274            0.418406              1             no    1.01315e-08          4  1 
           2.45          78285             0.43747              1             no    7.69116e-09          4  1 
           2.45          78308            0.320229              1             no    7.64938e-09          4  1 
           2.45          78351            0.255296              1             no    6.93879e-09          4  1 
           2.45          78430            0.239365              1             no     7.4332e-09          4  1 
           2.45          78457            0.324742              1             no    6.61949e-09          4  1 
           2.45          78484            0.472504              1             no    6.74003e-09          4  1 
           2.45          78518            0.112592              1             no    7.31065e-09          4  1 
           2.45          78536            0.494194              1             no    6.73609e-09          4  1 
           2.45          78542            0.190927              1             no    1.04258e-08          4  1 
           2.45          78585            0.419671              1             no    1.03239e-08          4  1 
           2.45          78633             0.24948              1             no    1.01665e-08          4  1 
           2.45          78729            0.401113              1             no    6.53829e-09          4  1 
           2.45          78738            0.337425              1             no    1.02867e-08          4  1 
           2.45          78857            0.152645              1             no    6.31292e-09          4  1 
           2.45          78895            0.359737              1             no    7.57946e-09          4  1 
           2.45          78918           0.0126637              1             no    6.17399e-09          4  1 
           2.45          78935           0.0126442              1             no    1.05498e-08          4  1 
           2.45          78975            0.361041              1             no    6.34461e-09          4  1 
           2.45          78980            0.341335              1             no    6.94567e-09          4  1 
           2.45          79004            0.281363              1             no    1.07506e-08          4  1 
           2.45          79019            0.255199              1             no    8.08646e-09          4  1 
           2.45          79087            0.271831              1             no    7.41629e-09          4  1 
           2.45          79151            0.393604              1             no    7.37699e-09          4  1 
           2.45          79161            0.332387              1             no    8.96032e-09          4  1 
           2.45          79162            0.478282              1             no    7.51524e-09          4  1 
           2.45          79277            0.248819              1             no     5.8415e-09          4  1 
           2.45          79304            0.192153              1             no    7.45201e-09          4  1 
           2.45          79314             0.10555              1             no    7.99127e-09          4  1 
           2.45          79421             0.45986              1             no     8.1623e-09          4  1 
           2.45          79452            0.414574              1             no    8.21891e-09          4  1 
           2.45          79459            0.517187              1             no    6.43431e-09          4  1 
           2.45          79465            0.523528              1             no    6.34339e-09          4  1 
           2.45          79471            0.339993              1             no     6.5031e-09          4  1 
           2.45          79488            0.123369              1             no    7.40502e-09          4  1 
           2.45          79550            0.320268              1             no    7.06471e-09          4  1 
           2.45          79558            0.331123              1             no    5.85464e-09          4  1 
           2.45          79559            0.150836              1             no    7.39929e-09          4  1 
           2.45          79560            0.384539              1             no    6.61306e-09          4  1 
           2.45          79601            0.133581              1             no    6.83835e-09          4  1 
           2.45          79624            0.040053              1             no    1.08547e-08          4  1 
           2.45          79637            0.434883              1             no    6.16558e-09          4  1 
           2.45          79693            0.238625              1             no    6.66428e-09          4  1 
           2.45          79716           0.0387691              1             no    6.27383e-09          4  1 
           2.45          79729            0.232323              1             no    7.08453e-09          4  1 
           2.45          79748            0.313226              1             no     7.3989e-09          4  1 
           2.45          79749            0.199273              1             no    6.52479e-09          4  1 
           2.45          79794           0.0120412              1             no    7.49274e-09          4  1 
           2.45          79823             0.13364              1             no    6.19967e-09          4  1 
           2.45          79834            0.389189              1             no    6.15859e-09          4  1 
           2.45          79851            0.484059              1             no    8.45512e-09          4  1 
           2.45          79878            0.468847              1             no    6.42072e-09          4  1 
           2.45          79890             0.30562              1             no      7.325e-09          4  1 
           2.45          79914            0.314549              1             no    9.68682e-09          4  1 
           2.45          79974           0.0266501              1             no    8.10473e-09          4  1 
           2.45          79983            0.386446              1             no    6.71153e-09          4  1 
           2.45          80002            0.167351              1             no    8.76025e-09          4  1 
           2.45          80007           0.0145895              1             no    8.35264e-09          4  1 
           2.45          80038             0.32089              1             no    7.95142e-09          4  1 
           2.45          80041            0.294805              1             no     6.7375e-09          4  1 
           2.45          80081            0.307604              1             no    7.03873e-09          4  1 
           2.45          80102            0.288405              1             no    6.57786e-09          4  1 
           2.45          80128           0.0349564              1             no    6.55031e-09          4  1 
           2.45          80186           0.0311047              1             no    1.07627e-08          4  1 
           2.45          80202            0.225962              1             no    7.93892e-09          4  1 
           2.45          80218            0.164783              1             no    6.28387e-09          4  1 
           2.45          80242            0.148871              1             no    9.63221e-09          4  1 
           2.45          80257           0.0157955              1             no    5.67305e-09          4  1 
           2.45          80304             0.28574              1             no    5.96327e-09          4  1 
           2.45          80321            0.216372              1             no     9.7876e-09          4  1 
           2.45          80346           0.0814092              1             no    6.66387e-09          4  1 
           2.45          80445            0.111814              1             no    6.69267e-09          4  1 
           2.45          80514            0.294065              1             no    8.40004e-09          4  1 
           2.45          80556            0.181376              1             no    9.65417e-09          4  1 
           2.45          80605            0.303033              1             no    9.64717e-09          4  1 
           2.45          80623            0.416403              1             no    1.08989e-08          4  1 
           2.45          80628            0.415158              1             no    8.42806e-09          4  1 
           2.45          80669            0.285895              1             no    5.81753e-09          4  1 
           2.45          80676            0.301146              1             no    6.00076e-09          4  1 
           2.45          80681            0.309452              1             no    8.15147e-09          4  1 
           2.45          80725            0.132939              1             no    7.78138e-09          4  1 
           2.45          80727           0.0126831              1             no    6.38535e-09          4  1 
           2.45          80917             0.35468              1             no    6.70229e-09          4  1 
           2.45          80919            0.366215              1             no    9.09027e-09          4  1 
           2.45          80938            0.154648              1             no    6.75431e-09          4  1 
           2.45          80945            0.515981              1             no    6.34944e-09          4  1 
           2.45          81028            0.448947              1             no    9.69026e-09          4  1 
           2.45          81107           0.0234599              1             no    7.31051e-09          4  1 
           2.45          81136            0.529948              1             no    5.72697e-09          4  1 
           2.45          81140             0.28395              1             no    7.57544e-09          4  1 
           2.45          81186            0.461105              1             no     7.0311e-09          4  1 
           2.45          81236            0.405646              1             no      7.815e-09          4  1 
           2.45          81291            0.270567              1             no    5.85681e-09          4  1 
           2.45          81328           0.0247632              1             no    6.55144e-09          4  1 
           2.45          81425           0.0628903              1             no     7.6507e-09          4  1 
           2.45          81456             0.38273              1             no    7.04809e-09          4  1 
           2.45          81460            0.117708              1             no    7.42827e-09          4  1 
           2.45          81492            0.162838              1             no    6.06052e-09          4  1 
           2.45          81515            0.426635              1             no    1.01159e-08          4  1 
           2.45          81532            0.492326              1             no    6.28221e-09          4  1 
           2.45          81550            0.274438              1             no    9.96063e-09          4  1 
           2.45          81615            0.436964              1             no    8.95883e-09          4  1 
           2.45          81631            0.232945              1             no    5.83435e-09          4  1 
           2.45          81635           0.0324081              1             no    6.60975e-09          4  1 
           2.45          81637            0.258525              1             no    6.11247e-09          4  1 
           2.45          81650           0.0896766              1             no    1.06078e-08          4  1 
           2.45          81684            0.429864              1             no    1.16139e-08          4  1 
           2.45          81722            0.382711              1             no    6.51248e-09          4  1 
           2.45          81727            0.239968              1             no    9.25021e-09          4  1 
           2.45          81747            0.354699              1             no    7.04262e-09          4  1 
           2.45          81769            0.262941              1             no    5.87798e-09          4  1 
           2.45          81822            0.358453              1             no    7.35682e-09          4  1 
           2.45          81824           0.0260082              1             no    7.75248e-09          4  1 
           2.45          81867           0.0585135              1             no    7.06591e-09          4  1 
           2.45          81877           0.0578716              1             no    5.99484e-09          4  1 
           2.45          81879            0.060342              1             no    8.17316e-09          4  1 
           2.45          82003            0.160893              1             no     7.8746e-09          4  1 
           2.45          82006            0.449647              1             no    6.51168e-09          4  1 
           2.45          82039            0.412668              1             no    6.94499e-09          4  1 
           2.45          82058            0.115062              1             no    7.18101e-09          4  1 
           2.45          82067            0.280137              1             no    5.69759e-09          4  1 
           2.45          82203            0.211936              1             no    7.02422e-09          4  1 
           2.45          82212            0.304297              1             no    7.10885e-09          4  1 
           2.45          82227             0.30173              1             no    6.29423e-09          4  1 
           2.45          82231            0.271131              1             no    1.12998e-08          4  1 
           2.45          82236           0.0362013              1             no    5.95393e-09          4  1 
           2.45          82250            0.503084              1             no    6.53709e-09          4  1 
           2.45          82364             0.17877              1             no     6.7143e-09          4  1 
           2.45          82434            0.494836              1             no    8.88589e-09          4  1 
           2.45          82460            0.141887              1             no    9.80905e-09          4  1 
           2.45          82473            0.434397              1             no    6.71833e-09          4  1 
           2.45          82562            0.210633              1             no    7.14088e-09          4  1 
           2.45          82578            0.464879              1             no    5.96254e-09          4  1 
           2.45          82595             0.38915              1             no    6.62574e-09          4  1 
           2.45          82635           0.0152314              1             no    6.32157e-09          4  1 
           2.45          82649             0.20044              1             no    1.32418e-08          4  1 
           2.45          82712           0.0342561              1             no    7.43172e-09          4  1 
           2.45          82796            0.383898              1             no    9.59237e-09          4  1 
           2.45          82895            0.448908              1             no    9.53188e-09          4  1 
           2.45          82931             0.10555              1             no    9.41633e-09          4  1 
           2.45          82997            0.463673              1             no    7.37072e-09          4  1 
           2.45          83102            0.113798              1             no    9.11957e-09          4  1 
           2.45          83126            0.411384              1             no    6.53976e-09          4  1 
           2.45          83159            0.121501              1             no    5.91425e-09          4  1 
           2.45          83162           0.0673839              1             no    6.90187e-09          4  1 
           2.45          83256            0.563718              1             no    7.17596e-09          4  1 
           2.45          83281            0.344448              1             no    7.91567e-09          4  1 
           2.45          83407            0.392262              1             no    1.10705e-08          4  1 
           2.45          83418           0.0171572              1             no    8.96882e-09          4  1 
           2.45          83423            0.229094              1             no    6.12776e-09          4  1 
           2.45          83515            0.254654              1             no    5.60218e-09          4  1 
           2.45          83528            0.494272              1             no    7.54422e-09          4  1 
           2.45          83562            0.124049              1             no     1.0391e-08          4  1 
           2.45          83567             0.41722              1             no    8.55656e-09          4  1 
           2.45          83638           0.0743868              1             no    5.83507e-09          4  1 
           2.45          83683            0.381991              1             no    6.68446e-09          4  1 
           2.45          83686            0.329197              1             no     6.1567e-09          4  1 
           2.45          83701            0.267357              1             no    8.04589e-09          4  1 
           2.45          83732            0.453499              1             no    8.79002e-09          4  1 
           2.45          83754             0.34188              1             no    6.34551e-09          4  1 
           2.45          83763            0.438832              1             no    5.72159e-09          4  1 
           2.45          83778            0.545257              1             no    7.34034e-09          4  1 
           2.45          83779            0.469353              1             no    1.16318e-08          4  1 
           2.45          83847            0.255919              1             no    6.19557e-09          4  1 
           2.45          83848            0.290253              1             no     5.8308e-09          4  1 
           2.45          83851            0.105569              1             no    7.83086e-09          4  1 
           2.45          83873            0.229813              1             no    6.64334e-09          4  1 
           2.45          83935            0.254674              1             no    6.33476e-09          4  1 
           2.45          84035            0.187056              1             no    6.18583e-09          4  1 
           2.45          84107            0.132317              1             no    6.03793e-09          4  1 
           2.45          84227           0.0463751              1             no    7.11043e-09          4  1 
           2.45          84233            0.500672              1             no    6.95714e-09          4  1 
           2.45          84251              0.3113              1             no    9.71706e-09          4  1 
           2.45          84288            0.226545              1             no    6.88387e-09          4  1 
           2.45          84302            0.153326              1             no    8.84879e-09          4  1 
           2.45          84304           0.0177602              1             no    6.69809e-09          4  1 
           2.45          84318            0.409536              1             no    7.60453e-09          4  1 
           2.45          84357            0.253312              1             no    6.69716e-09          4  1 
           2.45          84372            0.278834              1             no    6.53912e-09          4  1 
           2.45          84402            0.425429              1             no    5.61644e-09          4  1 
           2.45          84433           0.0871478              1             no     6.7395e-09          4  1 
           2.45          84465            0.344428              1             no    8.76747e-09          4  1 
           2.45          84543             0.30173              1             no    6.98099e-09          4  1 
           2.45          84589            0.435583              1             no    9.55385e-09          4  1 
           2.45          84591            0.500613              1             no    7.02403e-09          4  1 
           2.45          84663            0.241816              1             no    5.98733e-09          4  1 
           2.45          84693            0.252748              1             no    1.01028e-08          4  1 
           2.45          84789          0.00507713              1             no    6.80866e-09          4  1 
           2.45          84792            0.238606              1             no     7.5548e-09          4  1 
           2.45          84796            0.254654              1             no    5.92858e-09          4  1 
           2.45          84809            0.292237              1             no      8.708e-09          4  1 
           2.45          84818            0.432373              1             no    6.53299e-09          4  1 
           2.45          84825            0.199817              1             no     6.5361e-09          4  1 
           2.45          84828            0.135507              1             no    7.58448e-09          4  1 
           2.45          84887           0.0883149              1             no    1.12363e-08          4  1 
           2.45          84921            0.214524              1             no    7.90009e-09          4  1 
           2.45          84927            0.327213              1             no    9.08157e-09          4  1 
           2.45          84931            0.305542              1             no    6.62169e-09          4  1 
           2.45          84943            0.283969              1             no    8.49571e-09          4  1 
           2.45          85003            0.264867              1             no    5.82696e-09          4  1 
           2.45          85009            0.222694              1             no    1.04374e-08          4  1 
           2.45          85062            0.157741              1             no    7.13317e-09          4  1 
           2.45          85075           0.0254051              1             no    1.06964e-08          4  1 
           2.45          85094            0.469995              1             no     6.0229e-09          4  1 
           2.45          85129            0.424729              1             no    7.16382e-09          4  1 
           2.45          85140            0.271208              1             no    6.47499e-09          4  1 
           2.45          85159            0.179412              1             no    8.36151e-09          4  1 
           2.45          85203            0.443286              1             no    6.24518e-09          4  1 
           2.45          85233           0.0393916              1             no    8.01308e-09          4  1 
           2.45          85251            0.438793              1             no    5.97895e-09          4  1 
           2.45          85288            0.478904              1             no    6.56611e-09          4  1 
           2.45          85393           0.0902991              1             no    6.78163e-09          4  1 
           2.45          85454           0.0489428              1             no    8.73044e-09          4  1 
           2.45          85542           0.0654386              1             no    8.47993e-09          4  1 
           2.45          85554           0.0590971              1             no    6.27126e-09          4  1 
           2.45          85611            0.545276              1             no    7.63004e-09          4  1 
           2.45          85721            0.561753              1             no    7.89514e-09          4  1 
           2.45          85764            0.349583              1             no    8.74947e-09          4  1 
           2.45          85778            0.102963              1             no    9.78065e-09          4  1 
           2.45          85787            0.252767              1             no    7.62239e-09          4  1 
           2.45          85796            0.272473              1             no    9.23912e-09          4  1 
           2.45          85806            0.406326              1             no    6.64156e-09          4  1 
           2.45          85811            0.292859              1             no    9.13442e-09          4  1 
           2.45          85829             0.31523              1             no    7.06234e-09          4  1 
           2.45          85886            0.485421              1             no    7.66706e-09          4  1 
           2.45          85903           0.0661195              1             no    1.42933e-08          4  1 
           2.45          85911             0.59811              1             no    6.96875e-09          4  1 
           2.45          85918            0.429183              1             no    7.71802e-09          4  1 
           2.45          85959             0.34577              1             no    7.48868e-09          4  1 
           2.45          85986            0.217675              1             no    8.04317e-09          4  1 
           2.45          86021            0.560508              1             no    8.41882e-09          4  1 
           2.45          86035            0.331103              1             no    6.63482e-09          4  1 
           2.45          86045            0.429884              1             no    6.04731e-09          4  1 
           2.45          86049            0.207404              1             no    6.26295e-09          4  1 
           2.45          86065            0.201763              1             no    7.59212e-09          4  1 
           2.45          86165             0.32091              1             no    6.59903e-09          4  1 
           2.45          86192            0.436828              1             no    9.90179e-09          4  1 
           2.45          86227            0.457312              1             no    6.14349e-09          4  1 
           2.45          86252            0.334332              1             no    9.98876e-09          4  1 
           2.45          86258            0.240609              1             no    9.21106e-09          4  1 
           2.45          86285            0.482872              1             no    7.57284e-09          4  1 
           2.45          86330            0.327213              1             no    6.80487e-09          4  1 
           2.45          86347           0.0660611              1             no    8.52936e-09          4  1 
           2.45          86352           0.0954346              1             no    6.94456e-09          4  1 
           2.45          86383            0.347035              1             no    8.21771e-09          4  1 
           2.45          86403            0.282024              1             no    8.45581e-09          4  1 
           2.45          86446           0.0559457              1             no     6.5857e-09          4  1 
           2.45          86475            0.246387              1             no    1.21576e-08          4  1 
           2.45          86480            0.122766              1             no    1.44288e-08          4  1 
           2.45          86582            0.171203              1             no    6.53929e-09          4  1 
           2.45          86584            0.266754              1             no    6.86214e-09          4  1 
           2.45          86600           0.0922054              1             no    7.57594e-09          4  1 
           2.45          86722            0.315813              1             no    7.03395e-09          4  1 
           2.45          86844            0.040014              1             no    9.75055e-09          4  1 
           2.45          86885            0.230358              1             no    6.16283e-09          4  1 
           2.45          86919            0.222791              1             no    6.38336e-09          4  1 
           2.45          86938            0.238684              1             no    6.27656e-09          4  1 
           2.45          86947            0.525493              1             no    9.15578e-09          4  1 
           2.45          86957            0.411442              1             no    6.35999e-09          4  1 
           2.45          86964            0.119517              1             no    6.24525e-09          4  1 
           2.45          87023            0.350848              1             no    1.06579e-08          4  1 
           2.45          87147            0.201724              1             no    6.84365e-09          4  1 
           2.45          87208             0.47194              1             no    6.89071e-09          4  1 
           2.45          87312            0.489136              1             no    6.40878e-09          4  1 
           2.45          87320            0.394869              1             no    7.34343e-09          4  1 
           2.45          87333            0.291556              1             no    6.38168e-09          4  1 
           2.45          87353            0.449608              1             no    6.14537e-09          4  1 
           2.45          87356            0.405004              1             no    6.26506e-09          4  1 
           2.45          87424            0.296049              1             no    7.60046e-09          4  1 
           2.45          87429            0.257105              1             no    8.50017e-09          4  1 
           2.45          87496            0.248293              1             no    8.05705e-09          4  1 
           2.45          87550            0.315132              1             no    6.90344e-09          4  1 
           2.45          87552           0.0215535              1             no    6.78556e-09          4  1 
           2.45          87583            0.115704              1             no    8.66792e-09          4  1 
           2.45          87600           0.0190636              1             no    6.19622e-09          4  1 
           2.45          87828            0.182602              1             no    6.97809e-09          4  1 
           2.45          87829            0.432354              1             no    8.24752e-09          4  1 
           2.45          87835            0.294727              1             no    7.87201e-09          4  1 
           2.45          87840            0.395511              1             no    8.46804e-09          4  1 
           2.45          87854            0.306904              1             no    6.12631e-09          4  1 
           2.45          87894            0.215768              1             no     6.2766e-09          4  1 
           2.45          87903            0.171203              1             no    6.54705e-09          4  1 
           2.45          87908            0.329839              1             no    1.01607e-08          4  1 
           2.45          87932            0.211275              1             no    1.11932e-08          4  1 
           2.45          87963          0.00694459              1             no    6.05416e-09          4  1 
           2.45          87991            0.123427              1             no    5.81906e-09          4  1 
           2.45          88038            0.525493              1             no    7.33095e-09          4  1 
           2.45          88054            0.505068              1             no    7.55493e-09          4  1 
           2.45          88104            0.127201              1             no    9.41179e-09          4  1 
           2.45          88158            0.013967              1             no    6.89971e-09          4  1 
           2.45          88179            0.564418              1             no    6.31515e-09          4  1 
           2.45          88222            0.512071              1             no    7.50245e-09          4  1 
           2.45          88258            0.392885              1             no    8.27074e-09          4  1 
           2.45          88270            0.325423              1             no    5.96963e-09          4  1 
           2.45          88296            0.235455              1             no    7.48853e-09          4  1 
           2.45          88315            0.519794              1             no    6.20984e-09          4  1 
           2.45          88324            0.247612              1             no    6.63789e-09          4  1 
           2.45          88367            0.207404              1             no    7.34053e-09          4  1 
           2.45          88417             0.22781              1             no    6.82268e-09          4  1 
           2.45          88483            0.508978              1             no    7.75201e-09          4  1 
           2.45          88504            0.206159              1             no     8.1493e-09          4  1 
           2.45          88628            0.287763              1             no    6.38075e-09          4  1 
           2.45          88660            0.362908              1             no    5.92384e-09          4  1 
           2.45          88686            0.521642              1             no     7.3298e-09          4  1 
           2.45          88697            0.257845              1             no     5.8313e-09          4  1 
           2.45          88715            0.038166              1             no    6.44309e-09          4  1 
           2.45          88737            0.158364              1             no     6.1954e-09          4  1 
           2.45          88781            0.519774              1             no    7.06207e-09          4  1 
           2.45          88793            0.233607              1             no    6.23089e-09          4  1 
           2.45          88814            0.312545              1             no    7.63895e-09          4  1 
           2.45          88827           0.0521136              1             no    7.25992e-09          4  1 
           2.45          88886             0.28963              1             no    8.57066e-09          4  1 
           2.45          88909            0.485343              1             no    7.28077e-09          4  1 
           2.45          88916            0.352618              1             no    8.99397e-09          4  1 
           2.45          88941            0.127201              1             no    9.89125e-09          4  1 
           2.45          88951            0.338106              1             no    1.01594e-08          4  1 
           2.45          89018            0.345809              1             no      7.757e-09          4  1 
           2.45          89025          0.00254829              1             no    8.15365e-09          4  1 
           2.45          89042            0.295369              1             no    8.28194e-09          4  1 
           2.45          89143            0.356567              1             no    6.10635e-09          4  1 
           2.45          89146             0.41012              1             no    8.37463e-09          4  1 
           2.45          89174            0.506313              1             no    7.09466e-09          4  1 
           2.45          89200            0.545179              1             no    6.55257e-09          4  1 
           2.45          89308            0.518451              1             no    6.24836e-09          4  1 
           2.45          89325            0.347677              1             no    7.81562e-09          4  1 
           2.45          89335           0.0603809              1             no    6.35715e-09          4  1 
           2.45          89375            0.442625              1             no    6.65803e-09          4  1 
           2.45          89435           0.0604004              1             no    7.08587e-09          4  1 
           2.45          89447            0.163558              1             no    7.92228e-09          4  1 
           2.45          89459            0.253954              1             no    7.93258e-09          4  1 
           2.45          89470            0.484662              1             no    9.06609e-09          4  1 
           2.45          89518            0.123291              1             no    8.62307e-09          4  1 
           2.45          89526            0.264809              1             no    7.29813e-09          4  1 
           2.45          89527            0.254615              1             no    6.14114e-09          4  1 
           2.45          89538            0.224795              1             no    9.47071e-09          4  1 
           2.45          89555            0.116366              1             no    1.43049e-08          4  1 
           2.45          89562            0.445193              1             no    6.68701e-09          4  1 
           2.45          89578           0.0221954              1             no    1.21527e-08          4  1 
           2.45          89595            0.414691              1             no    9.17396e-09          4  1 
           2.45          89597            0.418348              1             no    5.98514e-09          4  1 
           2.45          89599            0.013325              1             no    5.77439e-09          4  1 
           2.45          89619            0.249538              1             no    8.90033e-09          4  1 
           2.45          89639           0.0355983              1             no    6.73656e-09          4  1 
           2.45          89659            0.015212              1             no    9.88762e-09          4  1 
           2.45          89708            0.301127              1             no    7.74957e-09          4  1 
           2.45          89712            0.262902              1             no    7.05425e-09          4  1 
           2.45          89764            0.220243              1             no    8.33622e-09          4  1 
           2.45          89785            0.402436              1             no    7.81962e-09          4  1 
           2.45          89804           0.0336725              1             no    6.09502e-09          4  1 
           2.45          89810            0.266112              1             no    6.20271e-09          4  1 
           2.45          89839           0.0832961              1             no    6.16289e-09          4  1 
           2.45          89852            0.202346              1             no    8.46732e-09          4  1 
           2.45          89876            0.333048              1             no    6.44217e-09          4  1 
           2.45          89997           0.0540005              1             no    7.12547e-09          4  1 
           2.45          90006            0.134904              1             no    6.40961e-09          4  1 
           2.45          90031            0.538896              1             no    6.99784e-09          4  1 
           2.45          90063            0.399304              1             no    7.05367e-09          4  1 
           2.45          90067            0.406365              1             no    7.12195e-09          4  1 
           2.45          90181            0.183244              1             no    6.32854e-09          4  1 
           2.45          90219            0.406307              1             no    9.38094e-09          4  1 
           2.45          90238            0.387146              1             no    5.98685e-09          4  1 
           2.45          90266            0.199759              1             no    7.87222e-09          4  1 
           2.45          90282            0.303675              1             no     8.6189e-09          4  1 
           2.45          90394            0.361624              1             no    6.59153e-09          4  1 
           2.45          90397            0.183244              1             no    7.00859e-09          4  1 
           2.45          90418            0.116988              1             no    6.99381e-09          4  1 
           2.45          90443            0.260334              1             no    7.60682e-09          4  1 
           2.45          90480            0.506391              1             no    6.25178e-09          4  1 
           2.45          90531            0.141226              1             no    6.37923e-09          4  1 
           2.45          90577            0.408758              1             no    6.75204e-09          4  1 
           2.45          90635            0.195363              1             no    6.11834e-09          4  1 
           2.45          90645            0.375047              1             no    7.43043e-09          4  1 
           2.45          90671             0.23489              1             no    7.67361e-09          4  1 
           2.45          90699            0.361546              1             no    6.54195e-09          4  1 
           2.45          90702           0.0145506              1             no    1.30415e-08          4  1 
           2.45          90741            0.434922              1             no    7.58333e-09          4  1 
           2.45          90782           0.0145895              1             no    7.34904e-09          4  1 
           2.45          90824            0.187134              1             no    9.00553e-09          4  1 
           2.45          90846            0.108118              1             no     6.2539e-09          4  1 
           2.45          90939           0.0686289              1             no    7.22463e-09          4  1 
           2.45          90964            0.146945              1             no    8.07409e-09          4  1 
           2.45          90987            0.183244              1             no    7.97333e-09          4  1 
           2.45          90993             0.55154              1             no    6.14565e-09          4  1 
           2.45          91020            0.301146              1             no    8.94635e-09          4  1 
           2.45          91029            0.205556              1             no    7.10305e-09          4  1 
           2.45          91058            0.326123              1             no    5.78752e-09          4  1 
           2.45          91085            0.286459              1             no    6.61771e-09          4  1 
           2.45          91139            0.217597              1             no    7.06706e-09          4  1 
           2.45          91166           0.0234988              1             no    6.24269e-09          4  1 
           2.45          91208            0.362344              1             no    9.12656e-09          4  1 
           2.45          91263            0.318303              1             no    7.42833e-09          4  1 
           2.45          91296            0.425468              1             no    7.36256e-09          4  1 
           2.45          91303             0.19155              1             no    8.69065e-09          4  1 
           2.45          91343            0.203688              1             no     8.4177e-09          4  1 
           2.45          91376             0.49361              1             no    7.19815e-09          4  1 
           2.45          91388            0.383936              1             no     6.3019e-09          4  1 
           2.45          91393           0.0635323              1             no    7.75887e-09          4  1 
           2.45          91413            0.308246              1             no    6.22524e-09          4  1 
           2.45          91428             0.49363              1             no    9.34517e-09          4  1 
           2.45          91441             0.22532              1             no    7.50328e-09          4  1 
           2.45          91455            0.425371              1             no    6.81349e-09          4  1 
           2.45          91540            0.252631              1             no    6.43327e-09          4  1 
           2.45          91545            0.285837              1             no    7.95298e-09          4  1 
           2.45          91568            0.389733              1             no    8.97925e-09          4  1 
           2.45          91598            0.092186              1             no    7.84707e-09          4  1 
           2.45          91632            0.405684              1             no    8.85025e-09          4  1 
           2.45          91684            0.473885              1             no    6.27056e-09          4  1 
           2.45          91781              0.3113              1             no    6.14639e-09          4  1 
           2.45          91825             0.20044              1             no    7.01719e-09          4  1 
           2.45          91826            0.188963              1             no    7.35303e-09          4  1 
           2.45          91848              0.1514              1             no    1.09314e-08          4  1 
           2.45          91851            0.187095              1             no    8.76475e-09          4  1 
           2.45          91871           0.0979245              1             no    7.79716e-09          4  1 
           2.45          91887           0.0514911              1             no    1.11382e-08          4  1 
           2.45          91888             0.16097              1             no    7.05428e-09          4  1 
           2.45          91899             0.18196              1             no    8.65893e-09          4  1 
           2.45          91902            0.428522              1             no    5.63786e-09          4  1 
           2.45          91924            0.123349              1             no    6.30845e-09          4  1 
           2.45          91953            0.336141              1             no    9.26813e-09          4  1 
           2.45          91995            0.287062              1             no    7.50493e-09          4  1 
           2.45          92007           0.0279145              1             no    5.95921e-09          4  1 
           2.45          92018            0.122065              1             no    6.65653e-09          4  1 
           2.45          92031            0.585349              1             no    6.91382e-09          4  1 
           2.45          92092            0.380805              1             no    7.45973e-09          4  1 
           2.45          92131           0.0896571              1             no    7.45904e-09          4  1 
           2.45          92170            0.322116              1             no    6.07206e-09          4  1 
           2.45          92228            0.168538              1             no    1.33685e-08          4  1 
           2.45          92285            0.341199              1             no    6.16596e-09          4  1 
           2.45          92428            0.161651              1             no    6.74519e-09          4  1 
           2.45          92442           0.0591165              1             no    7.45595e-09          4  1 
           2.45          92554            0.302469              1             no    7.31869e-09          4  1 
           2.45          92693          0.00505768              1             no    6.81904e-09          4  1 
           2.45          92709            0.218998              1             no    1.11976e-08          4  1 
           2.45          92711            0.279476              1             no    6.31539e-09          4  1 
           2.45          92716            0.259051              1             no    6.99009e-09          4  1 
           2.45          92805           0.0692902              1             no    9.74555e-09          4  1 
           2.45          92817           0.0579105              1             no    6.44483e-09          4  1 
           2.45          92818            0.434338              1             no    6.94076e-09          4  1 
           2.45          92836            0.321532              1             no    7.20628e-09          4  1 
           2.45          92919            0.313284              1             no    6.83535e-09          4  1 
           2.45          92935          0.00571907              1             no    1.00472e-08          4  1 
           2.45          92964            0.299298              1             no    6.09039e-09          4  1 
           2.45          92973            0.331084              1             no    6.31448e-09          4  1 
           2.45          93026            0.222674              1             no    6.53379e-09          4  1 
           2.45          93028            0.433015              1             no    6.09561e-09          4  1 
           2.45          93045            0.306943              1             no    7.41706e-09          4  1 
           2.45          93060            0.252048              1             no    5.83491e-09          4  1 
           2.45          93089           0.0152314              1             no    7.86771e-09          4  1 
           2.45          93092            0.423561              1             no    6.52937e-09          4  1 
           2.45          93131           0.0120606              1             no    9.78646e-09          4  1 
           2.45          93183            0.433677              1             no     8.3004e-09          4  1 
           2.45          93254             0.36355              1             no    9.45556e-09          4  1 
           2.45          93258            0.265489              1             no     8.1078e-09          4  1 
           2.45          93273            0.313343              1             no    6.29835e-09          4  1 
           2.45          93306           0.0508492              1             no    7.12824e-09          4  1 
           2.45          93309            0.141245              1             no    1.11886e-08          4  1 
           2.45          93315            0.399382              1             no    7.05673e-09          4  1 
           2.45          93325            0.234229              1             no    6.54482e-09          4  1 
           2.45          93464            0.336842              1             no    6.37492e-09          4  1 
           2.45          93492            0.449589              1             no    6.11316e-09          4  1 
           2.45          93539            0.266054              1             no    6.52933e-09          4  1 
           2.45          93590            0.251484              1             no    7.26125e-09          4  1 
           2.45          93619             0.24308              1             no    6.05621e-09          4  1 
           2.45          93709            0.455931              1             no    7.78602e-09          4  1 
           2.45          93712            0.277569              1             no    6.50526e-09          4  1 
           2.45          93739          0.00505768              1             no    9.44183e-09          4  1 
           2.45          93746             0.01457              1             no    6.70681e-09          4  1 
           2.45          93752           0.0953762              1             no    7.10838e-09          4  1 
           2.45          93758            0.126598              1             no    8.44223e-09          4  1 
           2.45          93829            0.403642              1             no    7.08242e-09          4  1 
           2.45          93867            0.150777              1             no    7.83882e-09          4  1 
           2.45          93868             0.19225              1             no    6.94193e-09          4  1 
           2.45          93881             0.20363              1             no    1.03391e-08          4  1 
           2.45          93933            0.245667              1             no    7.75978e-09          4  1 
           2.45          93953            0.174937              1             no    2.72994e-08          4  1 
           2.45          93993            0.499329              1             no    8.26594e-09          4  1 
           2.45          93999            0.359095              1             no    7.55674e-09          4  1 
           2.45          94009            0.109324              1             no    6.48217e-09          4  1 
           2.45          94127           0.0437879              1             no    7.49735e-09          4  1 
           2.45          94160            0.156516              1             no      7.592e-09          4  1 
           2.45          94212           0.0107768              1             no    7.65336e-09          4  1 
           2.45          94236            0.178809              1             no    6.34834e-09          4  1 
           2.45          94245            0.264186              1             no    7.29834e-09          4  1 
           2.45          94319            0.424145              1             no    7.76368e-09          4  1 
           2.45          94370            0.381408              1             no     6.4663e-09          4  1 
           2.45          94371            0.332406              1             no    6.56641e-09          4  1 
           2.45          94419            0.166787              1             no    7.69711e-09          4  1 
           2.45          94461            0.150758              1             no    9.43095e-09          4  1 
           2.45          94517            0.313829              1             no    1.24972e-08          4  1 
           2.45          94629           0.0272726              1             no    7.12628e-09          4  1 
           2.45          94709            0.306223              1             no    8.24826e-09          4  1 
           2.45          94712            0.479001              1             no    7.02571e-09          4  1 
           2.45          94798            0.179353              1             no    7.48937e-09          4  1 
           2.45          94834            0.223355              1             no    5.99785e-09          4  1 
           2.45          94867            0.298578              1             no    6.73216e-09          4  1 
           2.45          94886            0.410139              1             no    7.76636e-09          4  1 
           2.45          94889             0.17237              1             no    6.15748e-09          4  1 
           2.45          94921            0.208124              1             no    9.95766e-09          4  1 
           2.45          94922            0.463634              1             no    8.26777e-09          4  1 
           2.45          95081            0.211197              1             no    6.61338e-09          4  1 
           2.45          95137           0.0362013              1             no    6.57438e-09          4  1 
           2.45          95190            0.282024              1             no    6.46204e-09          4  1 
           2.45          95210            0.473808              1             no    9.15017e-09          4  1 
           2.45          95316            0.175599              1             no    9.36754e-09          4  1 
           2.45          95327            0.117727              1             no    6.04788e-09          4  1 
           2.45          95345            0.519677              1             no    1.10036e-08          4  1 
           2.45          95398            0.326007              1             no    6.13074e-09          4  1 
           2.45          95422            0.532516              1             no    5.83743e-09          4  1 
           2.45          95424            0.350186              1             no    7.48331e-09          4  1 
           2.45          95445            0.236738              1             no    9.67073e-09          4  1 
           2.45          95471            0.211275              1             no    7.05494e-09          4  1 
           2.45          95544            0.406852              1             no     6.1708e-09          4  1 
           2.45          95607            0.413252              1             no    7.19509e-09          4  1 
           2.45          95662            0.194059              1             no    1.04754e-08          4  1 
           2.45          95705            0.279437              1             no    6.01002e-09          4  1 
           2.45          95748            0.106834              1             no    5.74929e-09          4  1 
           2.45          95831           0.0851636              1             no    9.62766e-09          4  1 
           2.45          95914            0.215632              1             no    6.71651e-09          4  1 
           2.45          95918            0.260373              1             no    7.52629e-09          4  1 
           2.45          95942            0.526116              1             no    6.49412e-09          4  1 
           2.45          95994            0.159745              1             no    7.51978e-09          4  1 
           2.45          96010           0.0865058              1             no    6.66719e-09          4  1 
           2.45          96042            0.242457              1             no    6.49326e-09          4  1 
           2.45          96070            0.449628              1             no    7.44762e-09          4  1 
           2.45          96083           0.0253662              1             no    6.62678e-09          4  1 
           2.45          96113             0.19155              1             no    8.09974e-09          4  1 
           2.45          96118            0.201743              1             no    6.42581e-09          4  1 
           2.45          96149            0.289027              1             no    6.35892e-09          4  1 
           2.45          96186            0.322738              1             no    5.83222e-09          4  1 
           2.45          96228            0.270528              1             no    7.85529e-09          4  1 
           2.45          96242           0.0991306              1             no    6.66928e-09          4  1 
           2.45          96289            0.331764              1             no        6.7e-09          4  1 
           2.45          96298            0.489195              1             no     7.2024e-09          4  1 
           2.45          96315            0.116307              1             no    8.88958e-09          4  1 
           2.45          96348             0.18266              1             no    1.18854e-08          4  1 
           2.45          96396             0.29033              1             no    8.37073e-09          4  1 
           2.45          96482            0.323361              1             no    6.57902e-09          4  1 
           2.45          96497            0.158422              1             no    6.60853e-09          4  1 
           2.45          96504            0.474527              1             no     7.1804e-09          4  1 
           2.45          96505           0.0221954              1             no    6.39226e-09          4  1 
           2.45          96624           0.0788026              1             no    6.26157e-09          4  1 
           2.45          96769            0.331764              1             no    8.43259e-09          4  1 
           2.45          96779           0.0253662              1             no    9.94832e-09          4  1 
           2.45          96784            0.203611              1             no    8.72543e-09          4  1 
           2.45          96802            0.319684              1             no    9.92087e-09          4  1 
           2.45          96807            0.325423              1             no    8.12868e-09          4  1 
           2.45          96829           0.0871283              1             no    1.24983e-08          4  1 
           2.45          96833            0.238664              1             no    6.26496e-09          4  1 
           2.45          96878            0.358512              1             no    6.47625e-09          4  1 
           2.45          96882            0.137433              1             no    6.84699e-09          4  1 
           2.45          96928           0.0330111              1             no    1.06029e-08          4  1 
           2.45          97001            0.267415              1             no    6.89225e-09          4  1 
           2.45          97043            0.263602              1             no    7.05643e-09          4  1 
           2.45          97051            0.283289              1             no    1.07991e-08          4  1 
           2.45          97067             0.43817              1             no    6.57223e-09          4  1 
           2.45          97072           0.0177797              1             no    8.73981e-09          4  1 
           2.45          97107           0.0597196              1             no    6.17485e-09          4  1 
           2.45          97111           0.0247437              1             no    9.68005e-09          4  1 
           2.45          97113            0.438754              1             no    9.06278e-09          4  1 
           2.45          97124            0.384617              1             no    6.22447e-09          4  1 
           2.45          97190             0.30883              1             no    7.22033e-09          4  1 
           2.45          97208            0.199778              1             no    6.25325e-09          4  1 
           2.45          97346            0.316455              1             no    6.68665e-09          4  1 
           2.45          97435            0.313849              1             no    6.98647e-09          4  1 
           2.45          97456            0.284553              1             no    7.74279e-09          4  1 
           2.45          97531            0.257164              1             no    6.77764e-09          4  1 
           2.45          97607            0.462311              1             no    6.42551e-09          4  1 
           2.45          97674          0.00696404              1             no    7.39767e-09          4  1 
           2.45          97694           0.0692902              1             no    1.50475e-08          4  1 
           2.45          97759            0.248196              1             no    6.67119e-09          4  1 
           2.45          97799            0.174957              1             no    6.99189e-09          4  1 
           2.45          97921            0.377537              1             no    5.99702e-09          4  1 
           2.45          98005            0.139942              1             no    7.33179e-09          4  1 
           2.45          98026            0.160329              1             no     6.5813e-09          4  1 
           2.45          98046            0.246912              1             no    8.73708e-09          4  1 
           2.45          98064           0.0183827              1             no    1.27438e-08          4  1 
           2.45          98090            0.226565              1             no    6.43381e-09          4  1 
           2.45          98094            0.432393              1             no    7.45853e-09          4  1 
           2.45          98127            0.116969              1             no    6.34276e-09          4  1 
           2.45          98175            0.338748              1             no    1.11063e-08          4  1 
           2.45          98253            0.251425              1             no    7.93891e-09          4  1 
           2.45          98275           0.0661584              1             no    8.12315e-09          4  1 
           2.45          98309            0.283289              1             no    6.42283e-09          4  1 
           2.45          98310            0.180598              1             no    6.25629e-09          4  1 
           2.45          98354             0.31772              1             no    1.01022e-08          4  1 
           2.45          98402            0.174296              1             no    6.96961e-09          4  1 
           2.45          98424            0.413913              1             no     7.7287e-09          4  1 
           2.45          98468            0.262241              1             no    6.48778e-09          4  1 
           2.45          98487            0.278814              1             no    1.04028e-08          4  1 
           2.45          98515            0.141829              1             no    6.46799e-09          4  1 
           2.45          98579           0.0221954              1             no    1.04948e-08          4  1 
           2.45          98603            0.371292              1             no    5.99591e-09          4  1 
           2.45          98631             0.29284              1             no    8.41015e-09          4  1 
           2.45          98683            0.329761              1             no    9.34075e-09          4  1 
           2.45          98856            0.359115              1             no    1.08206e-08          4  1 
           2.45          98860            0.123933              1             no    6.99133e-09          4  1 
           2.45          98878            0.299862              1             no    6.80445e-09          4  1 
           2.45          98902             0.29603              1             no    6.68778e-09          4  1 
           2.45          98920           0.0171183              1             no    2.30864e-08          4  1 
           2.45          98925           0.0571129              1             no    6.04002e-09          4  1 
           2.45          98951            0.337464              1             no    5.94184e-09          4  1 
           2.45          99038           0.0164958              1             no    6.40258e-09          4  1 
           2.45          99121           0.0489428              1             no    7.83537e-09          4  1 
           2.45          99204            0.327835              1             no    7.43993e-09          4  1 
           2.45          99210            0.161573              1             no    8.92893e-09          4  1 
           2.45          99233           0.0737643              1             no     7.3398e-09          4  1 
           2.45          99245            0.134826              1             no    1.01107e-08          4  1 
           2.45          99270            0.297956              1             no    7.33765e-09          4  1 
           2.45          99279            0.345187              1             no    6.29526e-09          4  1 
           2.45          99328           0.0171378              1             no    6.60714e-09          4  1 
           2.45          99336            0.190927              1             no    8.61065e-09          4  1 
           2.45          99363            0.232381              1             no    6.75111e-09          4  1 
           2.45          99390            0.245687              1             no    6.11128e-09          4  1 
           2.45          99409           0.0113798              1             no    8.96274e-09          4  1 
           2.45          99450            0.239365              1             no    6.77345e-09          4  1 
           2.45          99488            0.138756              1             no    6.51879e-09          4  1 
           2.45          99530            0.264244              1             no    1.09104e-08          4  1 
           2.45          99537            0.349564              1             no      9.174e-09          4  1 
           2.45          99606            0.476959              1             no    7.29931e-09          4  1 
           2.45          99618           0.0838992              1             no    6.07012e-09          4  1 
           2.45          99626           0.0457526              1             no    7.91184e-09          4  1 
           2.45          99734            0.503823              1             no     6.1821e-09          4  1 
           2.45          99760            0.542106              1             no    6.99079e-09          4  1 
           2.45          99763            0.490498              1             no    1.13271e-08          4  1 
           2.45          99768            0.432451              1             no    8.08341e-09          4  1 
           2.45          99833            0.338067              1             no    6.71163e-09          4  1 
           2.45          99840            0.522867              1             no    7.08895e-09          4  1 
           2.45          99841            0.277608              1             no    6.98797e-09          4  1 
           2.45          99874            0.175054              1             no    6.82171e-09          4  1 
           2.45          99883            0.231039              1             no    9.15718e-09          4  1 
           2.45          99913            0.225962              1             no    9.30034e-09          4  1 
           2.45          99932            0.227226              1             no    6.84784e-09          4  1 
           2.45          99951           0.0329916              1             no    7.56597e-09          4  1 
           2.45          99989            0.392787              1             no    7.80132e-09          4  1 