 source_e (MeV)            NPS   det_pulse (MeVee)       det_cell     corr_count            PSD       time (s)  cells_history


              4             15            0.251601              1             no       0.437365    5.59794e-09          4  1 
              4             72           0.0992692              1             no       0.403061    5.69516e-09          4  1 
              4             83            0.375513              1             no       0.379883    9.45957e-09          4  1 
              4            140            0.363377              1             no       0.413638    4.66345e-09          4  1 
              4            142             1.12477              1             no       0.395653    5.40171e-09          4  1 
              4            152            0.469892              1             no       0.399801    7.00392e-09          4  1 
              4            209            0.380675              1             no       0.346331    4.97557e-09          4  1 
              4            218           0.0240965              1             no       0.130962    5.83092e-09          4  1 
              4            286            0.882124              1             no       0.374967    7.08007e-09          4  1 
              4            382             1.09864              1             no       0.378925    5.53144e-09          4  1 
              4            421             1.06857              1             no       0.399745    5.15916e-09          4  1 
              4            494            0.404187              1             no       0.362331    9.49234e-09          4  1 
              4            495            0.212096              1             no       0.438005    5.02839e-09          4  1 
              4            535            0.568129              1             no       0.397908    6.63246e-09          4  1 
              4            546            0.937778              1             no       0.380029    4.50321e-09          4  1 
              4            547            0.372883              1             no       0.360307    4.63268e-09          4  1 
              4            550            0.480158              1             no       0.408536    8.02577e-09          4  1 
              4            704            0.104412              1             no       0.297761    8.04137e-09          4  1 
              4            751            0.562597              1             no       0.368166    5.26222e-09          4  1 
              4            779            0.678658              1             no       0.383163    4.90119e-09          4  1 
              4            791             1.10365              1             no       0.378954    5.44406e-09          4  1 
              4            894            0.581064              1             no         0.3684     4.5054e-09          4  1 
              4            998            0.190396              1             no       0.427256    6.58707e-09          4  1 
              4           1016            0.865586              1             no       0.357826    4.68948e-09          4  1 
              4           1025            0.555389              1             no        0.37845    7.77068e-09          4  1 
              4           1038            0.155449              1             no       0.294361    5.20868e-09          4  1 
              4           1041            0.735422              1             no       0.403835    4.82141e-09          4  1 
              4           1103            0.172591              1             no       0.390406    8.34696e-09          4  1 
              4           1114            0.616692              1             no       0.388433    6.53372e-09          4  1 
              4           1134            0.696443              1             no       0.424592    5.17865e-09          4  1 
              4           1174            0.900767              1             no        0.39558    5.50308e-09          4  1 
              4           1255            0.284873              1             no       0.375342    7.63109e-09          4  1 
              4           1260             1.04875              1             no       0.381143     5.6273e-09          4  1 
              4           1274            0.175143              1             no       0.402847    5.35736e-09          4  1 
              4           1345            0.438043              1             no       0.398408    5.97995e-09          4  1 
              4           1360            0.809582              1             no       0.374832     4.8196e-09          4  1 
              4           1399            0.125957              1             no       0.367615    5.01993e-09          4  1 
              4           1508            0.577168              1             no       0.395187    5.50234e-09          4  1 
              4           1557             0.43929              1             no       0.389916    5.37495e-09          4  1 
              4           1608            0.952388              1             no       0.384222    4.59581e-09          4  1 
              4           1626            0.525994              1             no       0.361973    5.49415e-09          4  1 
              4           1681            0.804945              1             no        0.38955    5.39792e-09          4  1 
              4           1741            0.756499              1             no       0.371495    4.81884e-09          4  1 
              4           1787            0.444997              1             no       0.344773    5.58251e-09          4  1 
              4           1835             1.15599              1             no       0.425273    6.17313e-09          4  1 
              4           1932            0.902637              1             no       0.396206    4.58745e-09          4  1 
              4           1964             1.02844              1             no       0.372573      8.121e-09          4  1 
              4           1997            0.346741              1             no       0.356067    4.90007e-09          4  1 
              4           2057             0.60968              1             no       0.367883    4.71762e-09          4  1 
              4           2074           0.0533942              1             no       0.308282    8.50258e-09          4  1 
              4           2116            0.550948              1             no       0.378072     7.3372e-09          4  1 
              4           2142            0.593102              1             no       0.375965    5.22303e-09          4  1 
              4           2151            0.511462              1             no       0.407297    6.04122e-09          4  1 
              4           2213            0.202551              1             no       0.357761    1.05434e-08          4  1 
              4           2218           0.0667768              1             no       0.255834    6.25128e-09          4  1 
              4           2229             0.16626              1             no       0.355595    6.66564e-09          4  1 
              4           2272            0.830581              1             no       0.392959    6.22431e-09          4  1 
              4           2328            0.311697              1             no       0.338854    8.43443e-09          4  1 
              4           2413             1.08199              1             no        0.40602    6.78772e-09          4  1 
              4           2460            0.266367              1             no        0.44442    5.14263e-09          4  1 
              4           2499            0.747012              1             no       0.369485    5.48265e-09          4  1 
              4           2524            0.570681              1             no       0.423095    4.73466e-09          4  1 
              4           2571            0.834321              1             no       0.373523     4.7507e-09          4  1 
              4           2625           0.0127008              1             no      0.0490798    7.66867e-09          4  1 
              4           2754             0.77183              1             no        0.39314    5.52301e-09          4  1 
              4           2768             1.04371              1             no       0.381157     8.7423e-09          4  1 
              4           2816            0.265705              1             no       0.359018    5.65466e-09          4  1 
              4           2823            0.863658              1             no       0.406554    5.15865e-09          4  1 
              4           2890           0.0139476              1             no       0.135475    5.48382e-09          4  1 
              4           2909            0.580382              1             no       0.371048    5.16683e-09          4  1 
              4           2921             1.17904              1             no       0.350924    5.06225e-09          4  1 
              4           2942            0.034265              1             no       0.164866    5.84624e-09          4  1 
              4           2948             0.53815              1             no       0.391805    7.01047e-09          4  1 
              4           2999            0.492859              1             no        0.37872    5.97359e-09          4  1 
              4           3035            0.955622              1             no       0.426993    4.77337e-09          4  1 
              4           3037            0.459782              1             no       0.332373    5.47669e-09          4  1 
              4           3102             0.49095              1             no       0.378804    5.33113e-09          4  1 
              4           3142           0.0922759              1             no        0.26768    5.90175e-09          4  1 
              4           3217             1.09231              1             no       0.357831    4.92881e-09          4  1 
              4           3248            0.451367              1             no       0.370938    5.84271e-09          4  1 
              4           3362            0.785894              1             no        0.35118    5.69822e-09          4  1 
              4           3446            0.284951              1             no       0.330599    4.83613e-09          4  1 
              4           3477            0.125392              1             no       0.318782    8.47673e-09          4  1 
              4           3481            0.941518              1             no       0.377113    5.16734e-09          4  1 
              4           3533            0.750051              1             no         0.3857    4.84852e-09          4  1 
              4           3545             0.10562              1             no       0.360568    6.43332e-09          4  1 
              4           3584             1.15406              1             no       0.388377    4.84869e-09          4  1 
              4           3592            0.494865              1             no       0.361793    5.42641e-09          4  1 
              4           3696            0.485301              1             no       0.392566    7.97333e-09          4  1 
              4           3720           0.0788738              1             no         0.2408    5.13263e-09          4  1 
              4           3724            0.713078              1             no        0.35557    5.72936e-09          4  1 
              4           3801           0.0482515              1             no       0.380702    4.97178e-09          4  1 
              4           3829            0.834964              1             no       0.373329     4.7493e-09          4  1 
              4           3872              1.0336              1             no       0.378194    4.98681e-09          4  1 
              4           3958             1.16491              1             no       0.356282    4.88519e-09          4  1 
              4           3983            0.748824              1             no       0.374522     5.7563e-09          4  1 
              4           3998            0.192305              1             no       0.360312     5.4171e-09          4  1 
              4           4012            0.847061              1             no       0.401067    6.42121e-09          4  1 
              4           4078            0.875774              1             no       0.362338    6.42354e-09          4  1 
              4           4110            0.490366              1             no        0.35844    6.46541e-09          4  1 
              4           4123            0.183403              1             no       0.370685    5.34653e-09          4  1 
              4           4181            0.658866              1             no       0.405345    7.52439e-09          4  1 
              4           4226            0.506359              1             no       0.387589    6.67872e-09          4  1 
              4           4263            0.709241              1             no       0.380043    5.23549e-09          4  1 
              4           4352             1.04616              1             no       0.362555    7.69136e-09          4  1 
              4           4363            0.615368              1             no       0.368534    5.27398e-09          4  1 
              4           4395            0.622458              1             no       0.372473    6.60225e-09          4  1 
              4           4420            0.402921              1             no        0.32223    6.34228e-09          4  1 
              4           4445            0.034265              1             no       0.221148    5.10666e-09          4  1 
              4           4450            0.159871              1             no       0.349823    5.15391e-09          4  1 
              4           4456           0.0133047              1             no        0.14202    4.94986e-09          4  1 
              4           4462            0.568714              1             no       0.375167    6.27601e-09          4  1 
              4           4483             1.11773              1             no       0.393036    4.92609e-09          4  1 
              4           4502            0.540156              1             no        0.33611    7.00265e-09          4  1 
              4           4613           0.0826724              1             no       0.244816    7.91676e-09          4  1 
              4           4624            0.773719              1             no       0.376394    6.85286e-09          4  1 
              4           4642            0.027973              1             no       0.181058    6.78161e-09          4  1 
              4           4710            0.187299              1             no       0.356422    5.15756e-09          4  1 
              4           4758           0.0279535              1             no       0.249477    6.07742e-09          4  1 
              4           4793             1.28306              1             no       0.405581    5.22767e-09          4  1 
              4           4861           0.0107529              1             no       0.175725    9.31961e-09          4  1 
              4           4872            0.251075              1             no       0.392816    6.06645e-09          4  1 
              4           4998            0.499891              1             no       0.386057    4.59269e-09          4  1 
              4           5014            0.985601              1             no       0.400407    4.89041e-09          4  1 
              4           5037            0.759733              1             no       0.404426    4.46472e-09          4  1 
              4           5114            0.572668              1             no       0.372576    6.32482e-09          4  1 
              4           5159            0.700319              1             no       0.344803    5.04496e-09          4  1 
              4           5161            0.463542              1             no       0.346193    6.81641e-09          4  1 
              4           5203            0.385701              1             no           0.34    5.66412e-09          4  1 
              4           5207             0.59242              1             no       0.393595    4.80541e-09          4  1 
              4           5277             0.37487              1             no       0.358345    5.28637e-09          4  1 
              4           5330            0.175844              1             no       0.452199    5.37862e-09          4  1 
              4           5363            0.489138              1             no       0.380287    8.08366e-09          4  1 
              4           5371            0.258088              1             no       0.367273    1.04306e-08          4  1 
              4           5378            0.248563              1             no       0.384091    4.61462e-09          4  1 
              4           5507            0.358974              1             no       0.360158    1.06454e-08          4  1 
              4           5641             1.25349              1             no       0.397215    5.09002e-09          4  1 
              4           5707            0.881053              1             no       0.377744    4.50085e-09          4  1 
              4           5868             0.83623              1             no       0.381872    4.86968e-09          4  1 
              4           5892            0.758311              1             no       0.377209    5.11987e-09          4  1 
              4           5945            0.681872              1             no       0.370101    5.25617e-09          4  1 
              4           5987           0.0839775              1             no       0.355138    1.15423e-08          4  1 
              4           5997            0.794192              1             no       0.376429    4.89588e-09          4  1 
              4           6180           0.0196357              1             no       0.256944    8.20249e-09          4  1 
              4           6226             1.26453              1             no       0.364014    5.80092e-09          4  1 
              4           6244            0.309067              1             no       0.393231    1.31229e-08          4  1 
              4           6246            0.484015              1             no        0.38564    6.70069e-09          4  1 
              4           6266             1.09216              1             no       0.371259    6.69581e-09          4  1 
              4           6372            0.159248              1             no       0.267034    5.07286e-09          4  1 
              4           6383            0.600193              1             no       0.370549    5.26769e-09          4  1 
              4           6444            0.535598              1             no       0.361448    7.39792e-09          4  1 
              4           6460             1.16489              1             no        0.38806    6.09413e-09          4  1 
              4           6538             1.08267              1             no       0.381043    6.17615e-09          4  1 
              4           6552            0.536299              1             no       0.364571    5.71929e-09          4  1 
              4           6577            0.258049              1             no       0.369669    6.42443e-09          4  1 
              4           6700            0.538929              1             no       0.341683    5.11454e-09          4  1 
              4           6747            0.112009              1             no       0.362435    6.14602e-09          4  1 
              4           6771           0.0368558              1             no       0.223573    5.76214e-09          4  1 
              4           6830           0.0769453              1             no       0.238228    5.60915e-09          4  1 
              4           6833            0.532423              1             no       0.355225    6.98048e-09          4  1 
              4           6875            0.407401              1             no       0.343884    5.01965e-09          4  1 
              4           6902            0.951784              1             no       0.366312    5.60719e-09          4  1 
              4           6903            0.212739              1             no       0.430272    5.52691e-09          4  1 
              4           6905            0.630776              1             no       0.370711    4.50182e-09          4  1 
              4           6946            0.137567              1             no       0.369725    4.99009e-09          4  1 
              4           6960            0.357591              1             no       0.352454      5.054e-09          4  1 
              4           7054            0.455263              1             no       0.383296    5.36906e-09          4  1 
              4           7084            0.534312              1             no       0.369463    6.50614e-09          4  1 
              4           7118            0.706144              1             no        0.35749     4.6061e-09          4  1 
              4           7158            0.618621              1             no       0.414082     7.9607e-09          4  1 
              4           7194             0.75011              1             no        0.34495    5.76243e-09          4  1 
              4           7247            0.946797              1             no       0.356246     4.9889e-09          4  1 
              4           7297            0.252244              1             no       0.395629    5.32084e-09          4  1 
              4           7325            0.631361              1             no       0.344081    6.35382e-09          4  1 
              4           7328            0.955563              1             no       0.403616    5.13404e-09          4  1 
              4           7380            0.326988              1             no       0.432444    9.74717e-09          4  1 
              4           7390            0.640984              1             no       0.363866    6.16572e-09          4  1 
              4           7421            0.354435              1             no       0.359165    5.64805e-09          4  1 
              4           7478            0.880975              1             no       0.350182    8.29667e-09          4  1 
              4           7494            0.845132              1             no       0.387553     6.8528e-09          4  1 
              4           7571            0.674859              1             no       0.398539    5.28885e-09          4  1 
              4           7615           0.0456997              1             no       0.360188    8.18861e-09          4  1 
              4           7672             1.03023              1             no       0.408475    5.32367e-09          4  1 
              4           7691            0.639269              1             no       0.393942    8.51482e-09          4  1 
              4           7767           0.0107529              1             no              0    7.95085e-09          4  1 
              4           7794            0.431595              1             no       0.364416    8.14346e-09          4  1 
              4           7806            0.326307              1             no       0.344994    5.06985e-09          4  1 
              4           7882             1.23905              1             no       0.402456    7.66512e-09          4  1 
              4           7908            0.430991              1             no       0.404881    9.69051e-09          4  1 
              4           7965             0.98864              1             no       0.399748    4.87604e-09          4  1 
              4           7977            0.228713              1             no       0.403202    5.10457e-09          4  1 
              4           8006            0.794115              1             no       0.361895    5.93375e-09          4  1 
              4           8039            0.494145              1             no       0.363425    7.07646e-09          4  1 
              4           8040           0.0776076              1             no       0.293926    4.99743e-09          4  1 
              4           8053           0.0515241              1             no       0.208696    4.66716e-09          4  1 
              4           8180            0.118398              1             no       0.332511    6.58858e-09          4  1 
              4           8209            0.803095              1             no        0.40083    5.84632e-09          4  1 
              4           8282           0.0146099              1             no       0.130667    4.77907e-09          4  1 
              4           8350             1.13807              1             no       0.392722    5.62793e-09          4  1 
              4           8394           0.0107529              1             no              0    6.12855e-09          4  1 
              4           8396            0.819029              1             no       0.418742    8.56904e-09          4  1 
              4           8518             1.10811              1             no       0.386077    7.98895e-09          4  1 
              4           8524            0.677255              1             no       0.369632    5.00657e-09          4  1 
              4           8564            0.362675              1             no       0.401762    7.17789e-09          4  1 
              4           8646             1.01618              1             no       0.377564    6.27963e-09          4  1 
              4           8679            0.688222              1             no       0.371299    4.72786e-09          4  1 
              4           8754            0.754629              1             no       0.375048    6.52487e-09          4  1 
              4           8809            0.207032              1             no       0.346914    5.88537e-09          4  1 
              4           8812            0.228089              1             no       0.334358    7.98896e-09          4  1 
              4           8823           0.0693482              1             no       0.292697    5.49484e-09          4  1 
              4           8846           0.0348884              1             no         0.3445    5.78729e-09          4  1 
              4           8910            0.223628              1             no        0.37831    5.27144e-09          4  1 
              4           8911             1.22166              1             no       0.351118    6.93288e-09          4  1 
              4           8922             1.11152              1             no       0.350491    5.79291e-09          4  1 
              4           8934            0.550967              1             no        0.36183    5.24581e-09          4  1 
              4           9018            0.564973              1             no       0.438679     4.8444e-09          4  1 
              4           9056             0.90328              1             no       0.375372    4.66532e-09          4  1 
              4           9135           0.0687443              1             no       0.294984    6.10399e-09          4  1 
              4           9147             1.11201              1             no       0.374967    5.52093e-09          4  1 
              4           9179            0.606563              1             no       0.377096    6.29398e-09          4  1 
              4           9191            0.298937              1             no        0.37039    5.35803e-09          4  1 
              4           9300           0.0566473              1             no       0.223865    5.22013e-09          4  1 
              4           9400            0.526715              1             no       0.360405    6.56928e-09          4  1 
              4           9430            0.972881              1             no       0.387982    4.73086e-09          4  1 
              4           9466           0.0311093              1             no       0.244208    6.69512e-09          4  1 
              4           9475            0.678619              1             no       0.371875    8.84352e-09          4  1 
              4           9489           0.0482905              1             no       0.249294    6.64501e-09          4  1 
              4           9498            0.789011              1             no       0.407145    5.06421e-09          4  1 
              4           9582            0.293795              1             no       0.366132    8.67777e-09          4  1 
              4           9611             0.55348              1             no       0.423539    4.94694e-09          4  1 
              4           9676            0.893072              1             no       0.380448    6.74952e-09          4  1 
              4           9712              0.5842              1             no       0.355485    4.54916e-09          4  1 
              4           9733             0.19996              1             no       0.317584     7.6922e-09          4  1 
              4           9774            0.184084              1             no       0.359259    5.10712e-09          4  1 
              4           9776            0.110139              1             no       0.305447    5.28151e-09          4  1 
              4           9798            0.122898              1             no        0.28388    5.44294e-09          4  1 
              4           9813            0.131177              1             no       0.382982    6.35507e-09          4  1 
              4           9856            0.313567              1             no       0.359384    5.12907e-09          4  1 
              4           9857              1.2082              1             no       0.355626    7.64164e-09          4  1 
              4           9877            0.532481              1             no       0.366014    6.54439e-09          4  1 
              4           9886            0.131177              1             no       0.339026    8.36273e-09          4  1 
              4           9899             1.15352              1             no       0.358754    4.99695e-09          4  1 
              4           9916            0.867495              1             no       0.375429    5.74833e-09          4  1 
              4           9921              1.0986              1             no       0.392379    4.54104e-09          4  1 
              4           9964            0.655048              1             no       0.400898    5.20531e-09          4  1 
              4          10038            0.399122              1             no       0.343013    5.34246e-09          4  1 
              4          10068            0.935207              1             no        0.36264    7.24971e-09          4  1 
              4          10071            0.449536              1             no       0.408199    5.50936e-09          4  1 
              4          10081            0.435472              1             no       0.396377    5.45714e-09          4  1 
              4          10136             1.07435              1             no       0.391047     6.2446e-09          4  1 
              4          10189             1.06282              1             no       0.409714    5.35569e-09          4  1 
              4          10240            0.568811              1             no       0.351507    5.86524e-09          4  1 
              4          10299            0.020298              1             no      0.0921305    5.44998e-09          4  1 
              4          10300            0.553539              1             no       0.345193    9.81073e-09          4  1 
              4          10320            0.156735              1             no       0.369128    6.28208e-09          4  1 
              4          10345             1.19308              1             no       0.372541    5.05577e-09          4  1 
              4          10369            0.332754              1             no       0.361492    7.08259e-09          4  1 
              4          10403            0.191058              1             no       0.332586    6.17164e-09          4  1 
              4          10443            0.124125              1             no       0.276051    5.94523e-09          4  1 
              4          10479            0.976641              1             no       0.372706    7.81608e-09          4  1 
              4          10496            0.326423              1             no       0.354896    5.40165e-09          4  1 
              4          10506            0.272893              1             no       0.354558    4.99171e-09          4  1 
              4          10522            0.593648              1             no       0.404594    6.94539e-09          4  1 
              4          10594             0.14643              1             no       0.399361    6.36281e-09          4  1 
              4          10628             1.17645              1             no       0.369596    6.99254e-09          4  1 
              4          10725            0.707371              1             no       0.384711    6.75847e-09          4  1 
              4          10729           0.0610887              1             no       0.165816    5.41705e-09          4  1 
              4          10730            0.369786              1             no       0.401306    5.59909e-09          4  1 
              4          10755             1.23188              1             no       0.394867    5.41361e-09          4  1 
              4          10775           0.0177072              1             no       0.106711    5.97254e-09          4  1 
              4          10852            0.549701              1             no       0.388284    5.41317e-09          4  1 
              4          10885             1.08838              1             no        0.41357     6.1489e-09          4  1 
              4          10911            0.967154              1             no       0.375738    6.75269e-09          4  1 
              4          11022            0.542688              1             no       0.368606    8.02464e-09          4  1 
              4          11031           0.0495956              1             no       0.280833    6.86468e-09          4  1 
              4          11104            0.644178              1             no       0.360942    5.37022e-09          4  1 
              4          11106             0.58418              1             no       0.375171    5.23224e-09          4  1 
              4          11115           0.0374597              1             no       0.287051    5.08128e-09          4  1 
              4          11160             1.26272              1             no       0.382818    5.11581e-09          4  1 
              4          11173             1.18482              1             no        0.37836    4.68409e-09          4  1 
              4          11196            0.387707              1             no       0.363061    7.06425e-09          4  1 
              4          11209              1.1548              1             no       0.358878    4.95181e-09          4  1 
              4          11239            0.682456              1             no       0.370668    4.94825e-09          4  1 
              4          11254             1.18601              1             no       0.363971    5.53396e-09          4  1 
              4          11261             0.48271              1             no       0.365375    5.40235e-09          4  1 
              4          11284            0.940213              1             no       0.374881    5.29815e-09          4  1 
              4          11323            0.749389              1             no       0.430335    7.51367e-09          4  1 
              4          11350            0.841275              1             no       0.396948    4.86006e-09          4  1 
              4          11357             0.86358              1             no       0.355657     9.5082e-09          4  1 
              4          11373            0.360805              1             no       0.345805     5.5657e-09          4  1 
              4          11416            0.799861              1             no       0.368963     5.6173e-09          4  1 
              4          11421            0.447004              1             no       0.363359    4.86055e-09          4  1 
              4          11454            0.222382              1             no       0.340312     8.1288e-09          4  1 
              4          11540             0.95681              1             no        0.35771    5.78736e-09          4  1 
              4          11607            0.455321              1             no       0.372208    6.80582e-09          4  1 
              4          11632           0.0687053              1             no       0.313581    5.16156e-09          4  1 
              4          11647            0.704274              1             no       0.419124    5.55778e-09          4  1 
              4          11655             0.56435              1             no       0.392807     4.8375e-09          4  1 
              4          11738           0.0234927              1             no       0.160862    6.46729e-09          4  1 
              4          11755             1.07626              1             no       0.375602    5.79615e-09          4  1 
              4          11846             1.12539              1             no       0.360867    6.05681e-09          4  1 
              4          11859             0.53887              1             no       0.380653    5.53644e-09          4  1 
              4          11950           0.0897825              1             no       0.261228    6.14669e-09          4  1 
              4          11987            0.953148              1             no       0.360535    7.81496e-09          4  1 
              4          12056            0.171345              1             no       0.315143    7.36417e-09          4  1 
              4          12065            0.311716              1             no       0.363517    5.74949e-09          4  1 
              4          12099            0.261945              1             no       0.339927    5.61768e-09          4  1 
              4          12147            0.211609              1             no       0.415263    4.99175e-09          4  1 
              4          12149            0.481405              1             no       0.373083    7.61159e-09          4  1 
              4          12156            0.542065              1             no       0.353721    4.90721e-09          4  1 
              4          12208            0.424621              1             no       0.358382    5.17172e-09          4  1 
              4          12227            0.187902              1             no       0.338171    5.24856e-09          4  1 
              4          12251            0.945356              1             no       0.364084    5.96102e-09          4  1 
              4          12305           0.0731078              1             no       0.407407     6.7688e-09          4  1 
              4          12356            0.606465              1             no       0.342434    5.83768e-09          4  1 
              4          12362            0.998438              1             no       0.386967    6.58735e-09          4  1 
              4          12463             0.08014              1             no        0.33228    6.16285e-09          4  1 
              4          12642            0.191078              1             no       0.426037    5.34398e-09          4  1 
              4          12718            0.152215              1             no       0.363066    4.87693e-09          4  1 
              4          12731            0.177734              1             no       0.383056    5.24202e-09          4  1 
              4          12765            0.142553              1             no       0.427712    4.99549e-09          4  1 
              4          12774            0.954959              1             no       0.385839    6.86914e-09          4  1 
              4          12863            0.770505              1             no       0.387951    4.44495e-09          4  1 
              4          12902            0.889196              1             no         0.3756     5.5822e-09          4  1 
              4          12933            0.575142              1             no       0.374361    7.74812e-09          4  1 
              4          12989            0.894981              1             no       0.369646    4.84673e-09          4  1 
              4          13001            0.571402              1             no       0.353493    5.17052e-09          4  1 
              4          13085            0.989478              1             no       0.402028     5.5114e-09          4  1 
              4          13112           0.0304664              1             no       0.143862    4.98957e-09          4  1 
              4          13153            0.232648              1             no       0.380306    5.87635e-09          4  1 
              4          13173           0.0171033              1             no       0.109339    6.47832e-09          4  1 
              4          13188            0.527319              1             no       0.393831    4.63959e-09          4  1 
              4          13195            0.283626              1             no        0.32294    7.07597e-09          4  1 
              4          13223            0.360221              1             no       0.357073    5.52597e-09          4  1 
              4          13410             0.81075              1             no       0.384479    5.88978e-09          4  1 
              4          13418            0.175825              1             no       0.386772    5.11663e-09          4  1 
              4          13667             1.24349              1             no       0.359442    5.45108e-09          4  1 
              4          13683            0.593706              1             no       0.392709    5.10266e-09          4  1 
              4          13697            0.656217              1             no       0.348443    5.71845e-09          4  1 
              4          13750            0.910935              1             no       0.391185    6.71552e-09          4  1 
              4          13774           0.0668548              1             no       0.247086    5.66431e-09          4  1 
              4          13783            0.871391              1             no       0.392864     4.6224e-09          4  1 
              4          13793            0.461107              1             no       0.378649    5.83057e-09          4  1 
              4          13794             0.74559              1             no        0.36661    7.35162e-09          4  1 
              4          13819           0.0992887              1             no       0.313125    6.69732e-09          4  1 
              4          13836            0.308502              1             no       0.327966    6.37622e-09          4  1 
              4          13851            0.318067              1             no       0.372122    6.64195e-09          4  1 
              4          13865             1.02647              1             no       0.356473    6.34059e-09          4  1 
              4          13928            0.184123              1             no       0.279412    6.93002e-09          4  1 
              4          13942           0.0916136              1             no       0.353179    5.54032e-09          4  1 
              4          14049            0.469327              1             no       0.339227    6.11286e-09          4  1 
              4          14083            0.366571              1             no       0.361144    1.17219e-08          4  1 
              4          14089            0.389519              1             no       0.385827    5.20935e-09          4  1 
              4          14104            0.824094              1             no       0.394445    9.04063e-09          4  1 
              4          14108            0.652477              1             no       0.403433    4.46165e-09          4  1 
              4          14134            0.660015              1             no       0.348386    9.31938e-09          4  1 
              4          14240             1.20002              1             no       0.383147    6.69236e-09          4  1 
              4          14257            0.219129              1             no        0.38599    5.39075e-09          4  1 
              4          14258            0.593765              1             no       0.416391    4.98371e-09          4  1 
              4          14351            0.678619              1             no       0.407641    6.83492e-09          4  1 
              4          14355            0.891786              1             no       0.378047    6.32458e-09          4  1 
              4          14452            0.655087              1             no       0.387255    5.85719e-09          4  1 
              4          14457            0.826763              1             no       0.370058    6.78026e-09          4  1 
              4          14460            0.809504              1             no        0.39294    7.65076e-09          4  1 
              4          14607            0.718903              1             no       0.391058    5.31305e-09          4  1 
              4          14640             1.10692              1             no       0.373311    7.26651e-09          4  1 
              4          14706            0.874644              1             no       0.368797     5.7882e-09          4  1 
              4          14715            0.880332              1             no       0.391795     4.6691e-09          4  1 
              4          14717           0.0387259              1             no       0.343058    7.12337e-09          4  1 
              4          14724            0.491593              1             no       0.349699    9.08645e-09          4  1 
              4          14809              1.0666              1             no       0.379516    7.13039e-09          4  1 
              4          14812            0.846476              1             no       0.368965    5.71793e-09          4  1 
              4          14871            0.790238              1             no       0.391993    5.09097e-09          4  1 
              4          14917            0.218525              1             no       0.395882    6.31015e-09          4  1 
              4          14926            0.685047              1             no       0.377655    5.16861e-09          4  1 
              4          14936            0.764135              1             no       0.370306    4.87748e-09          4  1 
              4          14937            0.580927              1             no       0.368419    5.31495e-09          4  1 
              4          14963            0.335287              1             no       0.406344    8.41486e-09          4  1 
              4          15030            0.207713              1             no        0.36425    6.89384e-09          4  1 
              4          15043            0.237673              1             no       0.420375    7.65993e-09          4  1 
              4          15094            0.159793              1             no       0.325613    5.36123e-09          4  1 
              4          15149            0.964544              1             no       0.374775    5.25828e-09          4  1 
              4          15157            0.877177              1             no       0.404863    6.39113e-09          4  1 
              4          15228          0.00886332              1             no              0    1.36914e-08          4  1 
              4          15283            0.531215              1             no       0.441401    4.61395e-09          4  1 
              4          15308            0.584823              1             no       0.351809    5.24707e-09          4  1 
              4          15315            0.931973              1             no       0.404197    5.59458e-09          4  1 
              4          15445             1.00276              1             no         0.4164    5.37012e-09          4  1 
              4          15468            0.930707              1             no       0.400645    6.95521e-09          4  1 
              4          15469            0.545903              1             no       0.344241    6.92703e-09          4  1 
              4          15491            0.757025              1             no       0.353456    7.12628e-09          4  1 
              4          15499            0.611686              1             no       0.381294    6.79306e-09          4  1 
              4          15566            0.400427              1             no       0.391273     2.8791e-08          4  1 
              4          15691            0.274685              1             no       0.421814    6.51219e-09          4  1 
              4          15706            0.674158              1             no       0.397972    4.69369e-09          4  1 
              4          15733           0.0381415              1             no       0.182329    8.62745e-09          4  1 
              4          15754            0.452068              1             no         0.3536     7.3117e-09          4  1 
              4          15816             1.13879              1             no       0.379576    4.71274e-09          4  1 
              4          15826           0.0145514              1             no       0.085676    7.14805e-09          4  1 
              4          15948            0.206428              1             no       0.409927    4.84358e-09          4  1 
              4          15982              1.1446              1             no       0.389377    5.19976e-09          4  1 
              4          16074            0.397914              1             no         0.3794    8.30441e-09          4  1 
              4          16111            0.529929              1             no       0.360535    5.55273e-09          4  1 
              4          16113            0.743603              1             no       0.354701    4.83233e-09          4  1 
              4          16119             1.05137              1             no       0.369321    4.42475e-09          4  1 
              4          16168           0.0642055              1             no       0.206614    6.19092e-09          4  1 
              4          16234             1.27462              1             no       0.394144    5.13528e-09          4  1 
              4          16266            0.649964              1             no       0.381346    5.36031e-09          4  1 
              4          16305            0.132463              1             no       0.326029    6.35789e-09          4  1 
              4          16323            0.305911              1             no       0.424478    5.09855e-09          4  1 
              4          16336            0.946057              1             no       0.408413    5.58565e-09          4  1 
              4          16426             1.00602              1             no        0.34916    8.07513e-09          4  1 
              4          16449            0.505618              1             no       0.374018    5.96076e-09          4  1 
              4          16523            0.787764              1             no       0.400495    5.45315e-09          4  1 
              4          16536            0.866326              1             no       0.396713    5.67421e-09          4  1 
              4          16611            0.806835              1             no       0.376011    9.04353e-09          4  1 
              4          16665            0.485301              1             no       0.368844     6.5028e-09          4  1 
              4          16677            0.542727              1             no       0.349844    6.09788e-09          4  1 
              4          16730            0.697787              1             no       0.426565     6.5766e-09          4  1 
              4          16788            0.664593              1             no       0.371135    4.75473e-09          4  1 
              4          16802            0.699618              1             no       0.418098    5.75384e-09          4  1 
              4          16850             0.93772              1             no       0.377976    5.85505e-09          4  1 
              4          16865            0.385642              1             no       0.399404    6.16415e-09          4  1 
              4          16886            0.572025              1             no       0.403167    4.58769e-09          4  1 
              4          16961            0.944168              1             no       0.386907    5.22196e-09          4  1 
              4          17005            0.196142              1             no       0.411759    4.92983e-09          4  1 
              4          17074            0.912805              1             no       0.377729    5.87273e-09          4  1 
              4          17078            0.513293              1             no        0.35852    7.21279e-09          4  1 
              4          17080            0.227407              1             no       0.388727     4.8186e-09          4  1 
              4          17173             1.02961              1             no       0.371507    6.26011e-09          4  1 
              4          17358           0.0234927              1             no       0.161692    5.69029e-09          4  1 
              4          17373             0.47373              1             no       0.365681    7.89052e-09          4  1 
              4          17462            0.321924              1             no       0.389749    4.97118e-09          4  1 
              4          17526            0.245952              1             no       0.325598    7.84234e-09          4  1 
              4          17546             0.33854              1             no       0.421428     5.9244e-09          4  1 
              4          17565            0.594349              1             no       0.361247    5.58648e-09          4  1 
              4          17594            0.580285              1             no       0.400685    7.66169e-09          4  1 
              4          17704            0.879027              1             no       0.379235    4.69167e-09          4  1 
              4          17794            0.118418              1             no       0.310742    5.75595e-09          4  1 
              4          17871            0.386947              1             no       0.395036    5.73923e-09          4  1 
              4          17893            0.105035              1             no       0.320104    8.36152e-09          4  1 
              4          17926            0.302152              1             no       0.381342    8.76586e-09          4  1 
              4          17960             0.56622              1             no       0.381326    7.05315e-09          4  1 
              4          17983            0.503807              1             no       0.367939    5.10146e-09          4  1 
              4          18022            0.552214              1             no       0.363271    5.58315e-09          4  1 
              4          18076            0.649925              1             no       0.356852    4.66064e-09          4  1 
              4          18110             1.29451              1             no       0.374861    5.51986e-09          4  1 
              4          18125           0.0209798              1             no              0    4.90013e-09          4  1 
              4          18152             0.29323              1             no       0.336345    6.34938e-09          4  1 
              4          18161           0.0597641              1             no       0.253911    5.26249e-09          4  1 
              4          18235           0.0215447              1             no       0.176311    8.05729e-09          4  1 
              4          18247          0.00442192              1             no              0    5.16683e-09          4  1 
              4          18263            0.403622              1             no       0.381853    7.58232e-09          4  1 
              4          18305             0.72652              1             no        0.40007    4.92082e-09          4  1 
              4          18324            0.979972              1             no       0.383207    6.03256e-09          4  1 
              4          18364             1.20907              1             no       0.368628    5.13044e-09          4  1 
              4          18365            0.756363              1             no       0.376481    6.28313e-09          4  1 
              4          18377            0.348728              1             no       0.337672    5.77445e-09          4  1 
              4          18381           0.0540176              1             no       0.269744    5.44583e-09          4  1 
              4          18388            0.893656              1             no       0.379479    9.11798e-09          4  1 
              4          18456              1.2837              1             no       0.384467    6.61929e-09          4  1 
              4          18524            0.882865              1             no       0.384846    6.94951e-09          4  1 
              4          18557            0.237069              1             no       0.348809    4.96143e-09          4  1 
              4          18574            0.162403              1             no       0.403263    8.03649e-09          4  1 
              4          18576             1.05388              1             no       0.402895    5.58923e-09          4  1 
              4          18611            0.508229              1             no       0.393522    6.12267e-09          4  1 
              4          18649            0.126034              1             no       0.322102    5.10736e-09          4  1 
              4          18692              0.2052              1             no       0.266376    5.95922e-09          4  1 
              4          18706            0.496697              1             no        0.36799    1.14329e-08          4  1 
              4          18747            0.178357              1             no       0.428025    9.30481e-09          4  1 
              4          18852            0.707371              1             no       0.385592    4.74118e-09          4  1 
              4          18856            0.672911              1             no       0.400677    6.59364e-09          4  1 
              4          18881           0.0699521              1             no       0.298803    4.71814e-09          4  1 
              4          18966             1.14771              1             no       0.367273    5.65611e-09          4  1 
              4          18990            0.148982              1             no       0.315246    7.21389e-09          4  1 
              4          19003            0.241433              1             no       0.366064    4.76249e-09          4  1 
              4          19041            0.405434              1             no        0.36434    7.53582e-09          4  1 
              4          19077              0.2786              1             no       0.312963    5.87821e-09          4  1 
              4          19086            0.710644              1             no       0.378526    7.08351e-09          4  1 
              4          19118            0.471081              1             no       0.385147    5.74438e-09          4  1 
              4          19126            0.619108              1             no       0.386791    5.24748e-09          4  1 
              4          19148             1.18274              1             no       0.396749    5.28725e-09          4  1 
              4          19228            0.660775              1             no       0.386811    5.40297e-09          4  1 
              4          19238            0.203233              1             no       0.322151    6.09856e-09          4  1 
              4          19262             0.71378              1             no       0.390235    5.22957e-09          4  1 
              4          19264            0.482048              1             no       0.358038    4.97757e-09          4  1 
              4          19285             1.19304              1             no        0.37301    4.82113e-09          4  1 
              4          19330            0.962596              1             no         0.4205    4.85809e-09          4  1 
              4          19338            0.817198              1             no       0.379085     5.7763e-09          4  1 
              4          19446           0.0183695              1             no       0.137858    5.82402e-09          4  1 
              4          19472            0.242095              1             no        0.33336     4.9296e-09          4  1 
              4          19515            0.477022              1             no        0.34715    6.87988e-09          4  1 
              4          19528            0.639503              1             no       0.392458    5.37104e-09          4  1 
              4          19552            0.785758              1             no       0.350249    6.52216e-09          4  1 
              4          19570            0.633328              1             no       0.407511    4.93664e-09          4  1 
              4          19587             0.86245              1             no       0.375457    6.32836e-09          4  1 
              4          19706            0.308444              1             no       0.387899    6.45026e-09          4  1 
              4          19711            0.924902              1             no       0.420472    5.33004e-09          4  1 
              4          19724            0.960745              1             no       0.413463    5.05195e-09          4  1 
              4          19778            0.368461              1             no       0.350674    6.31074e-09          4  1 
              4          19795            0.436796              1             no       0.379164    5.54497e-09          4  1 
              4          19926           0.0666989              1             no       0.274533    7.30244e-09          4  1 
              4          19934            0.581648              1             no       0.377943    6.02506e-09          4  1 
              4          19937            0.952427              1             no       0.355347    6.36166e-09          4  1 
              4          19947            0.603349              1             no       0.363316    7.32013e-09          4  1 
              4          19983            0.166806              1             no       0.396006    1.02047e-08          4  1 
              4          19989             1.18856              1             no       0.399164    5.56872e-09          4  1 
              4          20042            0.302113              1             no       0.410794    5.09621e-09          4  1 
              4          20068            0.622497              1             no       0.357241     4.6178e-09          4  1 
              4          20111            0.549019              1             no       0.342251    4.81515e-09          4  1 
              4          20132             0.59881              1             no       0.356409     4.6929e-09          4  1 
              4          20202            0.150949              1             no       0.378888    4.84879e-09          4  1 
              4          20294            0.625614              1             no       0.391051    5.58845e-09          4  1 
              4          20308            0.230076              1             no       0.328931    5.43808e-09          4  1 
              4          20390             1.29895              1             no       0.378438    4.77405e-09          4  1 
              4          20400             1.25877              1             no       0.379347     4.6267e-09          4  1 
              4          20409             0.63401              1             no       0.356746    5.52322e-09          4  1 
              4          20447             1.09658              1             no       0.410442    6.00408e-09          4  1 
              4          20461            0.327086              1             no       0.395331    9.32212e-09          4  1 
              4          20474            0.469347              1             no       0.381423    5.57075e-09          4  1 
              4          20532            0.149021              1             no       0.336863    4.45066e-09          4  1 
              4          20594            0.693404              1             no       0.382374    6.39788e-09          4  1 
              4          20762            0.923032              1             no       0.362612    5.25456e-09          4  1 
              4          20797            0.724572              1             no       0.373723    6.08993e-09          4  1 
              4          20920            0.689469              1             no       0.338193    5.25355e-09          4  1 
              4          20935             1.28113              1             no       0.402694    4.86295e-09          4  1 
              4          20950            0.117775              1             no       0.334105    4.95451e-09          4  1 
              4          20968             1.25557              1             no       0.395097    4.80949e-09          4  1 
              4          21047             1.00728              1             no       0.362606    7.48905e-09          4  1 
              4          21070            0.258147              1             no       0.308029    4.85892e-09          4  1 
              4          21234            0.408044              1             no       0.449515    7.58473e-09          4  1 
              4          21253            0.423355              1             no       0.371463    4.47322e-09          4  1 
              4          21278            0.783927              1             no       0.361777    5.50684e-09          4  1 
              4          21312            0.683703              1             no       0.388626    6.16786e-09          4  1 
              4          21359            0.593024              1             no       0.395362     6.2074e-09          4  1 
              4          21380             0.79279              1             no       0.381763    4.99207e-09          4  1 
              4          21406            0.651853              1             no       0.357738    5.03132e-09          4  1 
              4          21422            0.549662              1             no       0.381295    5.04083e-09          4  1 
              4          21511            0.752038              1             no       0.359296    7.66293e-09          4  1 
              4          21541             1.01174              1             no       0.376199    5.44972e-09          4  1 
              4          21597            0.801751              1             no        0.38549    4.77958e-09          4  1 
              4          21635             0.04831              1             no       0.433468    6.92228e-09          4  1 
              4          21645              1.0157              1             no        0.40425    4.97925e-09          4  1 
              4          21659           0.0788738              1             no       0.313411    6.24565e-09          4  1 
              4          21742            0.012058              1             no              0     7.8082e-09          4  1 
              4          21789            0.636581              1             no       0.361364    4.74335e-09          4  1 
              4          21808            0.594992              1             no       0.375884    5.17987e-09          4  1 
              4          21945           0.0584784              1             no       0.259494    1.07737e-08          4  1 
              4          21964            0.885962              1             no        0.37121    5.05329e-09          4  1 
              4          21974            0.226862              1             no       0.305513    5.91757e-09          4  1 
              4          21987            0.632666              1             no       0.383706    5.78826e-09          4  1 
              4          21993            0.799257              1             no       0.436315    5.47684e-09          4  1 
              4          22072            0.621173              1             no       0.374373    8.15631e-09          4  1 
              4          22101            0.385642              1             no       0.348083    6.55653e-09          4  1 
              4          22197            0.126638              1             no       0.335487    5.17901e-09          4  1 
              4          22199            0.199376              1             no       0.334636    4.60259e-09          4  1 
              4          22271             0.33593              1             no       0.375181    5.53982e-09          4  1 
              4          22379            0.849009              1             no       0.379841    5.23585e-09          4  1 
              4          22434            0.325703              1             no       0.377213     7.4743e-09          4  1 
              4          22610            0.583538              1             no       0.369008    5.43955e-09          4  1 
              4          22633            0.946116              1             no       0.363895    7.56055e-09          4  1 
              4          22699            0.590024              1             no        0.38027    4.59268e-09          4  1 
              4          22719           0.0706533              1             no       0.377171    4.96456e-09          4  1 
              4          22821             1.17833              1             no       0.418267    7.26018e-09          4  1 
              4          22852              0.5707              1             no       0.394034     6.9896e-09          4  1 
              4          23048            0.395888              1             no       0.363381    7.96195e-09          4  1 
              4          23076            0.961466              1             no       0.369289     4.7011e-09          4  1 
              4          23094             1.13297              1             no       0.362906    5.29539e-09          4  1 
              4          23098           0.0846398              1             no       0.284925    5.14226e-09          4  1 
              4          23225            0.071939              1             no       0.308963    5.04251e-09          4  1 
              4          23336            0.884774              1             no       0.409952    5.52007e-09          4  1 
              4          23393            0.373019              1             no       0.356781    7.31926e-09          4  1 
              4          23396            0.786498              1             no       0.363814    4.91009e-09          4  1 
              4          23397            0.237031              1             no       0.383794     8.7027e-09          4  1 
              4          23453            0.619264              1             no       0.392073    7.41685e-09          4  1 
              4          23507            0.316177              1             no       0.352104    5.65339e-09          4  1 
              4          23537             0.07003              1             no       0.216968    4.70585e-09          4  1 
              4          23570           0.0101295              1             no      0.0615385    5.72812e-09          4  1 
              4          23577            0.290658              1             no       0.365659    7.91506e-09          4  1 
              4          23605            0.733532              1             no       0.382276     6.5885e-09          4  1 
              4          23702             1.09545              1             no       0.348609    5.74264e-09          4  1 
              4          23707            0.522254              1             no       0.364715    4.81545e-09          4  1 
              4          23715            0.353189              1             no       0.369588    6.49046e-09          4  1 
              4          23738             0.51528              1             no       0.380803    7.18138e-09          4  1 
              4          23834            0.715747              1             no       0.358926    4.91635e-09          4  1 
              4          23857            0.201928              1             no       0.365136     4.7681e-09          4  1 
              4          23871            0.337196              1             no       0.373772    1.23997e-08          4  1 
              4          23880             0.04831              1             no       0.341532    5.55453e-09          4  1 
              4          23925             1.06336              1             no       0.368048    5.34144e-09          4  1 
              4          24021            0.156637              1             no       0.316005    4.86338e-09          4  1 
              4          24041            0.641023              1             no       0.406692    4.86347e-09          4  1 
              4          24050            0.974089              1             no       0.382222    7.76171e-09          4  1 
              4          24058             1.04688              1             no       0.380019    4.70765e-09          4  1 
              4          24087            0.731584              1             no       0.408537    4.95189e-09          4  1 
              4          24149            0.224271              1             no       0.436984    4.55561e-09          4  1 
              4          24188            0.138151              1             no       0.344755    4.97211e-09          4  1 
              4          24301            0.348066              1             no       0.354768    4.47566e-09          4  1 
              4          24448            0.890403              1             no       0.379378    5.10235e-09          4  1 
              4          24458              1.0794              1             no        0.38449    7.67474e-09          4  1 
              4          24481            0.340371              1             no       0.353345    5.39637e-09          4  1 
              4          24505            0.585505              1             no        0.38753    5.18149e-09          4  1 
              4          24521            0.131138              1             no       0.324124    5.92786e-09          4  1 
              4          24530           0.0190123              1             no       0.265369    4.69229e-09          4  1 
              4          24589            0.539513              1             no       0.358933    5.34735e-09          4  1 
              4          24635            0.118379              1             no        0.36959    5.19737e-09          4  1 
              4          24650           0.0470827              1             no       0.228796    6.30154e-09          4  1 
              4          24651            0.318709              1             no       0.371432    9.03307e-09          4  1 
              4          24661            0.580226              1             no       0.392936    4.82903e-09          4  1 
              4          24688            0.289977              1             no       0.395002    5.01673e-09          4  1 
              4          24715            0.536299              1             no       0.359885    5.06901e-09          4  1 
              4          24726            0.840165              1             no       0.382425     5.3485e-09          4  1 
              4          24766           0.0999315              1             no        0.34308    8.74041e-09          4  1 
              4          24780            0.599414              1             no       0.375028    6.26447e-09          4  1 
              4          24784            0.642211              1             no       0.356164    6.24317e-09          4  1 
              4          24803            0.455906              1             no       0.360366    5.08631e-09          4  1 
              4          24837            0.891202              1             no       0.386251    5.59553e-09          4  1 
              4          24916            0.498099              1             no        0.38639    5.49775e-09          4  1 
              4          24924            0.285555              1             no       0.423494    4.91608e-09          4  1 
              4          24990            0.935811              1             no       0.390321    5.41568e-09          4  1 
              4          24999            0.176429              1             no       0.360163    8.31508e-09          4  1 
              4          25047            0.163066              1             no       0.401744      1.085e-08          4  1 
              4          25064            0.328878              1             no       0.427708     7.3866e-09          4  1 
              4          25100           0.0629783              1             no       0.321992    4.76865e-09          4  1 
              4          25114             1.07305              1             no       0.389199    4.68412e-09          4  1 
              4          25152            0.956226              1             no       0.393966    5.29229e-09          4  1 
              4          25202             1.10484              1             no       0.380274    5.25613e-09          4  1 
              4          25229            0.501119              1             no       0.379981    6.96182e-09          4  1 
              4          25232             1.22686              1             no       0.391848    5.74334e-09          4  1 
              4          25278            0.910896              1             no       0.378542    4.76206e-09          4  1 
              4          25280            0.404908              1             no       0.364861    5.95309e-09          4  1 
              4          25291             1.10445              1             no       0.359102    6.98569e-09          4  1 
              4          25307             1.07957              1             no       0.364435    4.83134e-09          4  1 
              4          25360            0.491106              1             no       0.394471    6.65923e-09          4  1 
              4          25374            0.970816              1             no       0.399201    5.23256e-09          4  1 
              4          25422            0.524806              1             no       0.382354    5.08951e-09          4  1 
              4          25427            0.669619              1             no       0.388218    4.75511e-09          4  1 
              4          25432            0.961992              1             no       0.394298    4.95737e-09          4  1 
              4          25451            0.528624              1             no       0.378303    8.19072e-09          4  1 
              4          25611           0.0833737              1             no        0.32757    6.34404e-09          4  1 
              4          25613             1.02141              1             no       0.384541    7.36804e-09          4  1 
              4          25628              1.0072              1             no       0.408858    6.10791e-09          4  1 
              4          25645           0.0865294              1             no         0.2267    4.77288e-09          4  1 
              4          25686             1.11508              1             no       0.407089    7.60164e-09          4  1 
              4          25708            0.497417              1             no        0.40983    7.65622e-09          4  1 
              4          25733            0.112067              1             no       0.305754    5.68478e-09          4  1 
              4          25815            0.491632              1             no       0.386045    5.66179e-09          4  1 
              4          25898            0.937058              1             no       0.371424    5.02241e-09          4  1 
              4          25963            0.928818              1             no       0.383738    5.86735e-09          4  1 
              4          26003           0.0655691              1             no       0.261735    6.82392e-09          4  1 
              4          26057            0.843282              1             no       0.362024    5.84092e-09          4  1 
              4          26127            0.629432              1             no       0.376455    6.91257e-09          4  1 
              4          26137            0.875229              1             no       0.367772    4.91981e-09          4  1 
              4          26205            0.221057              1             no       0.359711    6.21597e-09          4  1 
              4          26265           0.0216421              1             no      0.0882088    5.97202e-09          4  1 
              4          26308            0.707274              1             no       0.388289    7.31488e-09          4  1 
              4          26340            0.712455              1             no       0.375649    8.82029e-09          4  1 
              4          26414            0.559889              1             no       0.420987    9.00857e-09          4  1 
              4          26530            0.946661              1             no       0.355454    5.51833e-09          4  1 
              4          26531            0.404849              1             no       0.371121    5.84432e-09          4  1 
              4          26567            0.812094              1             no       0.375231    5.69968e-09          4  1 
              4          26595            0.243323              1             no       0.334241    7.47572e-09          4  1 
              4          26612           0.0177266              1             no       0.105495    4.82916e-09          4  1 
              4          26675           0.0718806              1             no        0.39729    5.13011e-09          4  1 
              4          26700            0.129891              1             no       0.391422    7.17087e-09          4  1 
              4          26718            0.170721              1             no       0.278982    6.86488e-09          4  1 
              4          26734            0.374227              1             no       0.355578    5.18703e-09          4  1 
              4          26756            0.314249              1             no       0.360526    6.07305e-09          4  1 
              4          26765            0.683002              1             no       0.383321    4.99481e-09          4  1 
              4          26778            0.989341              1             no       0.402694    5.33999e-09          4  1 
              4          26815             0.91935              1             no       0.391842    4.72476e-09          4  1 
              4          26960            0.774459              1             no        0.37455    5.52021e-09          4  1 
              4          26966            0.291243              1             no       0.421845    6.38746e-09          4  1 
              4          26967            0.496697              1             no       0.387285    5.48036e-09          4  1 
              4          26973            0.976056              1             no       0.399094     6.0097e-09          4  1 
              4          27029           0.0126619              1             no            0.1    7.74673e-09          4  1 
              4          27065             1.09849              1             no       0.385327    5.65978e-09          4  1 
              4          27087             1.12288              1             no       0.401454     7.2358e-09          4  1 
              4          27100             0.43105              1             no       0.397505    4.88996e-09          4  1 
              4          27108            0.383733              1             no       0.398091    5.77988e-09          4  1 
              4          27112             1.23777              1             no       0.354952    5.75395e-09          4  1 
              4          27159            0.375552              1             no       0.393537    5.26294e-09          4  1 
              4          27212            0.347442              1             no       0.362918    5.49824e-09          4  1 
              4          27278            0.764797              1             no       0.391788    4.90626e-09          4  1 
              4          27298             0.78194              1             no       0.378939    6.00993e-09          4  1 
              4          27316            0.386265              1             no       0.365727    5.78446e-09          4  1 
              4          27327            0.119002              1             no       0.357505    4.91221e-09          4  1 
              4          27347            0.499872              1             no       0.345271    5.01403e-09          4  1 
              4          27397           0.0845814              1             no       0.359972    5.44202e-09          4  1 
              4          27428            0.447666              1             no       0.378443    7.99274e-09          4  1 
              4          27455            0.346215              1             no       0.360378    6.00211e-09          4  1 
              4          27482            0.384532              1             no       0.409321    5.22498e-09          4  1 
              4          27485             0.37935              1             no       0.335524    6.69973e-09          4  1 
              4          27562            0.884832              1             no       0.366004    5.15872e-09          4  1 
              4          27584           0.0826724              1             no        0.36098    5.84092e-09          4  1 
              4          27687             1.24462              1             no       0.374407    5.12346e-09          4  1 
              4          27708             1.19485              1             no       0.406583    5.16221e-09          4  1 
              4          27718            0.142066              1             no       0.362677    6.16109e-09          4  1 
              4          27747             0.80438              1             no       0.392294    5.94421e-09          4  1 
              4          27772            0.389538              1             no        0.40211     5.1187e-09          4  1 
              4          27809            0.518339              1             no       0.420271    5.47431e-09          4  1 
              4          27818            0.417589              1             no       0.413304    5.01631e-09          4  1 
              4          27960            0.464263              1             no       0.388285    7.32673e-09          4  1 
              4          27982            0.966959              1             no       0.360523    6.33638e-09          4  1 
              4          28012            0.127963              1             no       0.307505    4.69799e-09          4  1 
              4          28022             0.90852              1             no       0.350158    5.73574e-09          4  1 
              4          28033            0.905266              1             no       0.374656    6.82743e-09          4  1 
              4          28093             1.08701              1             no       0.355919    7.29848e-09          4  1 
              4          28138            0.896949              1             no       0.356086    7.45933e-09          4  1 
              4          28165              1.1847              1             no       0.369699    4.53535e-09          4  1 
              4          28323            0.695235              1             no        0.38218    9.53215e-09          4  1 
              4          28390             0.14641              1             no       0.264236    1.16311e-08          4  1 
              4          28403             0.21533              1             no       0.351366    5.17187e-09          4  1 
              4          28580            0.395343              1             no       0.370535    4.95229e-09          4  1 
              4          28609            0.718143              1             no       0.383307    5.54187e-09          4  1 
              4          28643             1.26208              1             no       0.377441    4.84973e-09          4  1 
              4          28654            0.845814              1             no       0.426555    6.81047e-09          4  1 
              4          28666            0.703436              1             no       0.347816     4.4478e-09          4  1 
              4          28672            0.662002              1             no       0.411017    5.05152e-09          4  1 
              4          28676            0.383869              1             no       0.369989    7.77712e-09          4  1 
              4          28687            0.209622              1             no       0.367066    1.03897e-08          4  1 
              4          28779            0.256179              1             no       0.282792    4.84706e-09          4  1 
              4          28786            0.227446              1             no       0.391744     5.0181e-09          4  1 
              4          28790            0.495528              1             no       0.375462    4.60857e-09          4  1 
              4          28817            0.253647              1             no       0.351279    8.26486e-09          4  1 
              4          28838            0.369104              1             no       0.360407    7.15672e-09          4  1 
              4          28855            0.260679              1             no       0.344194     9.9685e-09          4  1 
              4          28886            0.976641              1             no       0.384394    5.30834e-09          4  1 
              4          28987            0.349332              1             no       0.366196    4.69411e-09          4  1 
              4          29004            0.468003              1             no       0.413736    6.36771e-09          4  1 
              4          29007            0.487775              1             no       0.370807    6.01894e-09          4  1 
              4          29046            0.651152              1             no       0.343405    4.71723e-09          4  1 
              4          29071            0.532481              1             no       0.393598    6.33409e-09          4  1 
              4          29093             1.13302              1             no       0.362389    5.38931e-09          4  1 
              4          29100            0.139456              1             no       0.350747     4.8507e-09          4  1 
              4          29146            0.766064              1             no       0.375222    5.09165e-09          4  1 
              4          29265             1.09549              1             no       0.372513    5.23072e-09          4  1 
              4          29339            0.644782              1             no       0.356677    4.81253e-09          4  1 
              4          29362            0.857229              1             no       0.393287    4.83036e-09          4  1 
              4          29383            0.386343              1             no       0.390662    6.97339e-09          4  1 
              4          29406            0.353208              1             no       0.423836    7.03343e-09          4  1 
              4          29649            0.890423              1             no       0.387924    5.32599e-09          4  1 
              4          29759            0.598907              1             no       0.379867    5.69745e-09          4  1 
              4          29896            0.977303              1             no       0.382181     4.7997e-09          4  1 
              4          29978            0.702228              1             no       0.396571    7.15884e-09          4  1 
              4          30092             0.81525              1             no       0.361975    8.97681e-09          4  1 
              4          30107            0.494203              1             no       0.421521    5.04822e-09          4  1 
              4          30127            0.328235              1             no       0.343027    7.12441e-09          4  1 
              4          30148            0.018389              1             no      0.0338983    4.42675e-09          4  1 
              4          30218            0.364097              1             no       0.411107     9.0648e-09          4  1 
              4          30260            0.367877              1             no       0.372147    5.95892e-09          4  1 
              4          30271             1.16415              1             no       0.357501    8.68912e-09          4  1 
              4          30418            0.256686              1             no       0.418532    5.31639e-09          4  1 
              4          30515            0.610965              1             no       0.352442    5.09973e-09          4  1 
              4          30600            0.285477              1             no       0.347526    6.77116e-09          4  1 
              4          30652            0.690794              1             no       0.414331    7.62562e-09          4  1 
              4          30655             1.19111              1             no       0.403101    4.58177e-09          4  1 
              4          30688             0.80177              1             no       0.408611    5.98701e-09          4  1 
              4          30777           0.0310898              1             no       0.140977    7.13635e-09          4  1 
              4          30792            0.716916              1             no       0.399207    5.74633e-09          4  1 
              4          30870           0.0826724              1             no       0.406927    7.34895e-09          4  1 
              4          30884            0.469288              1             no       0.336516    4.83825e-09          4  1 
              4          30886             0.10821              1             no       0.363996    5.02195e-09          4  1 
              4          30927            0.676125              1             no       0.369443    5.61075e-09          4  1 
              4          30944            0.322586              1             no       0.416486    5.76497e-09          4  1 
              4          31007            0.425245              1             no       0.407421    7.56514e-09          4  1 
              4          31047            0.502424              1             no       0.380273    9.00279e-09          4  1 
              4          31049             1.11263              1             no       0.380482    5.25268e-09          4  1 
              4          31085            0.979796              1             no       0.346097    5.08131e-09          4  1 
              4          31249            0.829217              1             no       0.405915    5.40673e-09          4  1 
              4          31318            0.212174              1             no       0.380922     4.8674e-09          4  1 
              4          31332            0.444491              1             no       0.394075    4.87217e-09          4  1 
              4          31444            0.329579              1             no        0.35339    5.38355e-09          4  1 
              4          31481             0.63325              1             no       0.397318     4.9604e-09          4  1 
              4          31490            0.414355              1             no       0.384138    7.68242e-09          4  1 
              4          31572           0.0063699              1             no              0    8.90216e-09          4  1 
              4          31574            0.200681              1             no       0.348379    5.48666e-09          4  1 
              4          31629            0.862489              1             no        0.38732     5.2055e-09          4  1 
              4          31639            0.602005              1             no       0.377783    5.57103e-09          4  1 
              4          31709             1.31315              1             no       0.374939    6.01971e-09          4  1 
              4          31718            0.846535              1             no       0.391605    7.57554e-09          4  1 
              4          31756            0.511482              1             no       0.382488    5.33372e-09          4  1 
              4          31768            0.268315              1             no       0.419994    7.60643e-09          4  1 
              4          31794            0.909046              1             no       0.364655    6.69444e-09          4  1 
              4          31815           0.0935226              1             no       0.305145    4.89753e-09          4  1 
              4          31827           0.0324144              1             no       0.214543       4.55e-09          4  1 
              4          31868            0.999763              1             no       0.373108    5.31742e-09          4  1 
              4          31879            0.425225              1             no       0.338311    5.25873e-09          4  1 
              4          31907            0.792829              1             no       0.393145    4.72477e-09          4  1 
              4          31947            0.342241              1             no       0.396095    4.85001e-09          4  1 
              4          31968             1.13938              1             no       0.378218    7.16008e-09          4  1 
              4          31993            0.701566              1             no       0.391448    4.76929e-09          4  1 
              4          32044             1.12087              1             no       0.387939    5.11026e-09          4  1 
              4          32089            0.352526              1             no       0.343096    6.33593e-09          4  1 
              4          32097            0.445075              1             no       0.359244    9.19958e-09          4  1 
              4          32260            0.655652              1             no       0.367372    5.06331e-09          4  1 
              4          32310            0.580927              1             no       0.409027    7.72441e-09          4  1 
              4          32346            0.492898              1             no       0.324191    5.23624e-09          4  1 
              4          32395            0.679164              1             no       0.369568     5.7952e-09          4  1 
              4          32492            0.245368              1             no       0.342172    4.99295e-09          4  1 
              4          32507           0.0540176              1             no       0.293184    4.55452e-09          4  1 
              4          32602            0.507566              1             no       0.381524    4.79416e-09          4  1 
              4          32610            0.109418              1             no       0.295353    4.78018e-09          4  1 
              4          32706             0.10821              1             no       0.245905    5.07447e-09          4  1 
              4          32729             0.11008              1             no        0.39232     4.7918e-09          4  1 
              4          32768             1.02842              1             no       0.383831    4.83342e-09          4  1 
              4          32778           0.0107723              1             no              0    5.52321e-09          4  1 
              4          32866            0.568246              1             no       0.349765     4.6044e-09          4  1 
              4          32868            0.222382              1             no       0.415032    6.03675e-09          4  1 
              4          32968            0.843886              1             no       0.382147    5.41424e-09          4  1 
              4          33060            0.374324              1             no       0.379423    4.89269e-09          4  1 
              4          33111            0.138833              1             no       0.338712    7.82079e-09          4  1 
              4          33134            0.715611              1             no       0.361498    7.30263e-09          4  1 
              4          33151            0.375435              1             no       0.418772    6.07153e-09          4  1 
              4          33380            0.943564              1             no          0.379    4.70802e-09          4  1 
              4          33401            0.801751              1             no        0.35371    5.11095e-09          4  1 
              4          33420            0.337819              1             no       0.395744    4.83462e-09          4  1 
              4          33443            0.409349              1             no       0.407681    6.38924e-09          4  1 
              4          33512            0.615368              1             no       0.359164    4.92281e-09          4  1 
              4          33599            0.234498              1             no       0.417927    5.55135e-09          4  1 
              4          33634            0.611024              1             no       0.358753    5.19234e-09          4  1 
              4          33689            0.355137              1             no       0.434096    5.38427e-09          4  1 
              4          33728            0.108171              1             no       0.292815    6.14279e-09          4  1 
              4          33790             1.23954              1             no       0.399139    5.68894e-09          4  1 
              4          33860            0.760882              1             no       0.386124    7.02513e-09          4  1 
              4          33948            0.052128              1             no       0.279148    5.28104e-09          4  1 
              4          34049             0.28425              1             no       0.373904    5.56055e-09          4  1 
              4          34093            0.105094              1             no       0.278221    7.11747e-09          4  1 
              4          34169            0.826704              1             no       0.383162    6.40625e-09          4  1 
              4          34208            0.144501              1             no       0.422351    4.86839e-09          4  1 
              4          34215            0.131119              1             no        0.38761    4.76796e-09          4  1 
              4          34238            0.419498              1             no       0.385558    7.66844e-09          4  1 
              4          34240            0.764194              1             no       0.354423     6.7879e-09          4  1 
              4          34531            0.214083              1             no       0.347407    6.20811e-09          4  1 
              4          34573             0.51904              1             no       0.414825     4.9883e-09          4  1 
              4          34629            0.356325              1             no       0.387656    5.62599e-09          4  1 
              4          34645              1.2658              1             no       0.379286    4.44828e-09          4  1 
              4          34655            0.492294              1             no       0.370133    6.54243e-09          4  1 
              4          34676           0.0157981              1             no        0.15783    5.41938e-09          4  1 
              4          34724            0.357007              1             no       0.358378    5.12278e-09          4  1 
              4          34730            0.511404              1             no        0.40982    5.66223e-09          4  1 
              4          34732            0.114561              1             no        0.34909     5.3653e-09          4  1 
              4          34749           0.0609913              1             no       0.363782    5.69599e-09          4  1 
              4          34780            0.427874              1             no       0.376554    4.82367e-09          4  1 
              4          34788            0.624971              1             no       0.389396    1.21903e-08          4  1 
              4          34795            0.901351              1             no       0.351451     5.0556e-09          4  1 
              4          34808            0.457737              1             no       0.385309    5.42751e-09          4  1 
              4          34829            0.568928              1             no       0.439191    6.65191e-09          4  1 
              4          34934          0.00697378              1             no              0    5.37505e-09          4  1 
              4          34953           0.0285769              1             no        0.26653    9.05125e-09          4  1 
              4          34988            0.397194              1             no       0.368661     5.3377e-09          4  1 
              4          35050            0.263172              1             no       0.362472     7.9089e-09          4  1 
              4          35052            0.696092              1             no       0.403117    5.25081e-09          4  1 
              4          35135            0.224934              1             no       0.313675    5.23601e-09          4  1 
              4          35150           0.0362325              1             no       0.174731    7.41502e-09          4  1 
              4          35180           0.0521475              1             no        0.25551    5.28019e-09          4  1 
              4          35188            0.535617              1             no       0.378055    6.63273e-09          4  1 
              4          35210            0.929986              1             no       0.432479    5.37973e-09          4  1 
              4          35244           0.0737506              1             no       0.447174    4.84291e-09          4  1 
              4          35278            0.408083              1             no        0.34627    6.80046e-09          4  1 
              4          35293            0.187299              1             no       0.386999     6.7854e-09          4  1 
              4          35301            0.649886              1             no       0.404053    4.86565e-09          4  1 
              4          35305             1.07692              1             no       0.356378    5.45629e-09          4  1 
              4          35319             0.10373              1             no       0.250329    8.42859e-09          4  1 
              4          35367             0.53628              1             no       0.376535    5.32368e-09          4  1 
              4          35383            0.538169              1             no       0.383465    6.12937e-09          4  1 
              4          35433            0.594466              1             no       0.432218     4.9901e-09          4  1 
              4          35507            0.302152              1             no       0.353942     8.4863e-09          4  1 
              4          35581            0.146566              1             no       0.342903    5.27991e-09          4  1 
              4          35592             0.37937              1             no       0.408113     6.3863e-09          4  1 
              4          35606            0.713663              1             no       0.374086      5.865e-09          4  1 
              4          35637            0.289334              1             no       0.358513    5.13057e-09          4  1 
              4          35645             1.14781              1             no       0.385554    7.36593e-09          4  1 
              4          35702            0.696404              1             no       0.417203    4.80468e-09          4  1 
              4          35709            0.977303              1             no       0.368547     5.2064e-09          4  1 
              4          35746            0.753986              1             no       0.403322    5.61343e-09          4  1 
              4          35804            0.774907              1             no       0.365033    6.11869e-09          4  1 
              4          35842            0.799257              1             no        0.37241    5.13757e-09          4  1 
              4          35846            0.227427              1             no       0.368908    6.04337e-09          4  1 
              4          35884            0.840165              1             no       0.380176    5.88975e-09          4  1 
              4          35892             1.06977              1             no       0.395105    5.70521e-09          4  1 
              4          35921            0.526676              1             no       0.389466    4.43344e-09          4  1 
              4          35965             0.96842              1             no       0.396347    5.19024e-09          4  1 
              4          35982            0.115204              1             no       0.314001    5.82757e-09          4  1 
              4          35994              1.0015              1             no       0.418307      5.998e-09          4  1 
              4          36053            0.365909              1             no       0.405558    6.50175e-09          4  1 
              4          36059            0.555428              1             no       0.362326    5.45666e-09          4  1 
              4          36062            0.873183              1             no       0.405153    4.72016e-09          4  1 
              4          36098            0.485885              1             no       0.432666    1.32117e-08          4  1 
              4          36117            0.538773              1             no       0.360438    4.53159e-09          4  1 
              4          36123            0.856002              1             no       0.393123    5.56748e-09          4  1 
              4          36191            0.639679              1             no        0.37551    8.51412e-09          4  1 
              4          36199             0.15917              1             no       0.387345    6.83004e-09          4  1 
              4          36224            0.765479              1             no       0.349654    6.85849e-09          4  1 
              4          36270            0.022207              1             no       0.170175    5.07347e-09          4  1 
              4          36279            0.790959              1             no       0.383534    5.44273e-09          4  1 
              4          36324           0.0298431              1             no       0.148172    5.37133e-09          4  1 
              4          36330            0.446263              1             no       0.390938    5.48754e-09          4  1 
              4          36378             1.03157              1             no        0.36215    5.08435e-09          4  1 
              4          36412            0.944752              1             no       0.390008    5.56161e-09          4  1 
              4          36492             1.09229              1             no       0.367753    6.78887e-09          4  1 
              4          36530            0.732909              1             no       0.333829    4.78924e-09          4  1 
              4          36550            0.519741              1             no       0.365279    4.62794e-09          4  1 
              4          36618           0.0114152              1             no              0    5.89663e-09          4  1 
              4          36643            0.381921              1             no       0.371774     5.0837e-09          4  1 
              4          36716            0.522157              1             no       0.412274    4.95359e-09          4  1 
              4          36907            0.364039              1             no       0.325235    6.96554e-09          4  1 
              4          36961             0.59055              1             no       0.367925     4.7614e-09          4  1 
              4          36979           0.0146099              1             no      0.0866667    4.70689e-09          4  1 
              4          37029             1.02591              1             no       0.358587    4.55403e-09          4  1 
              4          37038            0.284912              1             no       0.395255     7.6152e-09          4  1 
              4          37069            0.396531              1             no       0.401405    5.23049e-09          4  1 
              4          37128            0.859177              1             no        0.38276    4.89573e-09          4  1 
              4          37175            0.844587              1             no       0.366792    4.70021e-09          4  1 
              4          37226           0.0826919              1             no       0.275618    6.56399e-09          4  1 
              4          37282             0.18987              1             no       0.331589    7.41072e-09          4  1 
              4          37345            0.603407              1             no        0.35379    6.78271e-09          4  1 
              4          37393             1.09742              1             no       0.338114    6.03254e-09          4  1 
              4          37409           0.0235121              1             no       0.053024     4.9441e-09          4  1 
              4          37438           0.0228693              1             no       0.109881    5.37837e-09          4  1 
              4          37447            0.734078              1             no        0.37151    4.85626e-09          4  1 
              4          37501            0.417589              1             no       0.368942    7.90587e-09          4  1 
              4          37506             0.43364              1             no       0.423162    4.77011e-09          4  1 
              4          37559           0.0610498              1             no       0.196554    5.56414e-09          4  1 
              4          37574            0.570097              1             no       0.374393    6.72263e-09          4  1 
              4          37615            0.973446              1             no       0.387677    4.79005e-09          4  1 
              4          37634            0.704858              1             no       0.416068    7.04266e-09          4  1 
              4          37681            0.557415              1             no       0.349817    6.97776e-09          4  1 
              4          37702            0.669151              1             no       0.376292    5.58661e-09          4  1 
              4          37861            0.790258              1             no       0.398417    7.22489e-09          4  1 
              4          37875            0.866307              1             no       0.364971    4.96217e-09          4  1 
              4          37900           0.0565694              1             no       0.313361    9.46807e-09          4  1 
              4          37916             1.18924              1             no       0.423571    5.13723e-09          4  1 
              4          37977            0.168052              1             no       0.377883    6.88366e-09          4  1 
              4          37990            0.437342              1             no       0.365418    5.78957e-09          4  1 
              4          37995            0.683703              1             no        0.39045     5.9851e-09          4  1 
              4          38096            0.723247              1             no       0.373626    5.51168e-09          4  1 
              4          38102             1.14508              1             no       0.368066    5.07582e-09          4  1 
              4          38235            0.110723              1             no       0.326531    5.21466e-09          4  1 
              4          38327            0.179604              1             no       0.357484    5.43318e-09          4  1 
              4          38395            0.977478              1             no       0.379621    5.95014e-09          4  1 
              4          38442            0.738052              1             no       0.378246    6.14797e-09          4  1 
              4          38460            0.518417              1             no       0.336602    4.83847e-09          4  1 
              4          38595             1.13302              1             no       0.383227    5.89105e-09          4  1 
              4          38652            0.546565              1             no       0.361466    7.29999e-09          4  1 
              4          38711            0.886644              1             no       0.397596    5.62123e-09          4  1 
              4          38712            0.704079              1             no        0.38366    4.72024e-09          4  1 
              4          38758             1.05721              1             no        0.37699    4.74963e-09          4  1 
              4          38774            0.335326              1             no       0.366504    5.17451e-09          4  1 
              4          38776            0.319995              1             no       0.363974     5.9638e-09          4  1 
              4          38779           0.0884774              1             no       0.243505    5.72057e-09          4  1 
              4          38794           0.0463815              1             no       0.328013    5.59973e-09          4  1 
              4          38802           0.0203564              1             no       0.030622    6.43116e-09          4  1 
              4          38897            0.292606              1             no       0.385127    9.59639e-09          4  1 
              4          38943            0.731623              1             no       0.419059    6.60004e-09          4  1 
              4          38952            0.215349              1             no       0.410855    7.03333e-09          4  1 
              4          39103             0.32769              1             no       0.332184    9.00297e-09          4  1 
              4          39152             1.25935              1             no       0.365543    4.85562e-09          4  1 
              4          39162             0.33591              1             no       0.392136    4.66614e-09          4  1 
              4          39246            0.392733              1             no       0.340459    7.72641e-09          4  1 
              4          39266             0.78079              1             no       0.375505    5.36747e-09          4  1 
              4          39283            0.139456              1             no       0.382735    4.98261e-09          4  1 
              4          39289            0.786517              1             no       0.376808    5.86441e-09          4  1 
              4          39293           0.0203175              1             no        0.12464    7.49174e-09          4  1 
              4          39364           0.0457971              1             no       0.304551     5.8036e-09          4  1 
              4          39452            0.736143              1             no       0.399153    4.74419e-09          4  1 
              4          39468            0.768615              1             no       0.368148    4.79477e-09          4  1 
              4          39474           0.0820685              1             no       0.340375    7.36686e-09          4  1 
              4          39505            0.875716              1             no       0.374753    5.46428e-09          4  1 
              4          39580           0.0336417              1             no       0.148813    7.45812e-09          4  1 
              4          39595             0.50819              1             no        0.38351    5.41059e-09          4  1 
              4          39715            0.479515              1             no       0.357329    8.86299e-09          4  1 
              4          39740           0.0814646              1             no       0.311813     5.9717e-09          4  1 
              4          39793            0.771693              1             no       0.362413    4.77514e-09          4  1 
              4          39816            0.268296              1             no       0.367603    6.81941e-09          4  1 
              4          39839             1.18219              1             no       0.381327    4.96719e-09          4  1 
              4          39960            0.613556              1             no       0.352097    6.36267e-09          4  1 
              4          40002             1.07562              1             no       0.366898    6.71907e-09          4  1 
              4          40014             1.05709              1             no       0.378727    4.50272e-09          4  1 
              4          40040             0.80551              1             no         0.3923    6.57156e-09          4  1 
              4          40153            0.483937              1             no       0.355231    5.85242e-09          4  1 
              4          40187            0.216577              1             no       0.375517    6.16796e-09          4  1 
              4          40220             0.83247              1             no       0.370539     4.5773e-09          4  1 
              4          40249            0.309807              1             no       0.371982    5.04386e-09          4  1 
              4          40252            0.544559              1             no       0.363727     9.6052e-09          4  1 
              4          40295            0.420784              1             no       0.392019    5.74843e-09          4  1 
              4          40323            0.177052              1             no       0.315656    5.96962e-09          4  1 
              4          40471            0.835646              1             no       0.396639    5.65643e-09          4  1 
              4          40517            0.321924              1             no       0.399552     5.5678e-09          4  1 
              4          40539            0.034304              1             no       0.295855    6.04839e-09          4  1 
              4          40581             1.22493              1             no       0.395105    4.94382e-09          4  1 
              4          40647            0.288146              1             no       0.357761    4.67688e-09          4  1 
              4          40760            0.505696              1             no        0.37161    5.26768e-09          4  1 
              4          40786            0.420141              1             no       0.368277    5.65916e-09          4  1 
              4          40790            0.772511              1             no       0.388633    5.46288e-09          4  1 
              4          40793            0.977985              1             no        0.37807    8.50446e-09          4  1 
              4          40807            0.660113              1             no         0.3823    8.55147e-09          4  1 
              4          40816            0.732909              1             no       0.395678    5.25171e-09          4  1 
              4          40817            0.237712              1             no       0.313038    5.89403e-09          4  1 
              4          40827            0.284853              1             no        0.33714    5.04292e-09          4  1 
              4          40867             0.19885              1             no       0.390282    9.52013e-09          4  1 
              4          40868            0.683041              1             no       0.369353    5.10267e-09          4  1 
              4          40925           0.0374402              1             no       0.287721    6.85295e-09          4  1 
              4          41031            0.458419              1             no       0.441848    5.64024e-09          4  1 
              4          41102            0.363318              1             no       0.388934    2.06913e-08          4  1 
              4          41106           0.0788738              1             no       0.272907    9.86796e-09          4  1 
              4          41114            0.406115              1             no       0.357396     5.7316e-09          4  1 
              4          41223            0.704839              1             no        0.35981    7.12915e-09          4  1 
              4          41249             1.06915              1             no       0.388157    4.88615e-09          4  1 
              4          41261            0.265783              1             no       0.392627    4.99129e-09          4  1 
              4          41288             0.55424              1             no       0.374701    6.38401e-09          4  1 
              4          41333            0.880352              1             no       0.372934    4.83626e-09          4  1 
              4          41370             0.85606              1             no       0.384244     5.0514e-09          4  1 
              4          41392            0.969745              1             no       0.352396    6.68879e-09          4  1 
              4          41408            0.357572              1             no       0.388048    4.99015e-09          4  1 
              4          41485             1.10106              1             no       0.373459    4.84919e-09          4  1 
              4          41500            0.457114              1             no       0.378803    5.78074e-09          4  1 
              4          41502            0.841938              1             no       0.426159    4.69696e-09          4  1 
              4          41530            0.677995              1             no       0.377905    4.98835e-09          4  1 
              4          41625            0.332735              1             no       0.369182    4.89603e-09          4  1 
              4          41644            0.537604              1             no        0.37673    5.22839e-09          4  1 
              4          41665            0.054602              1             no       0.265787    5.03479e-09          4  1 
              4          41708           0.0253043              1             no       0.223249    6.04228e-09          4  1 
              4          41794            0.284211              1             no       0.342358    7.70206e-09          4  1 
              4          41834             0.76733              1             no       0.349674    5.04101e-09          4  1 
              4          41853            0.128684              1             no       0.340599     5.2048e-09          4  1 
              4          41908            0.721922              1             no       0.371587    4.67175e-09          4  1 
              4          41956            0.955622              1             no       0.374931    5.05898e-09          4  1 
              4          42034            0.843963              1             no       0.372372    8.88508e-09          4  1 
              4          42097            0.152157              1             no       0.338241    8.74727e-09          4  1 
              4          42105            0.341696              1             no       0.352203    5.62497e-09          4  1 
              4          42136             0.14456              1             no       0.440102    4.91421e-09          4  1 
              4          42219           0.0808413              1             no       0.306024    4.93133e-09          4  1 
              4          42232            0.718806              1             no       0.375014    4.93307e-09          4  1 
              4          42274            0.646126              1             no       0.343152    4.88961e-09          4  1 
              4          42278            0.824152              1             no       0.385955    8.05572e-09          4  1 
              4          42295             0.47895              1             no       0.383089    5.81755e-09          4  1 
              4          42314            0.513332              1             no       0.352269    5.58192e-09          4  1 
              4          42319            0.868099              1             no       0.389148    4.61068e-09          4  1 
              4          42353           0.0610887              1             no       0.322385    5.74132e-09          4  1 
              4          42387            0.992633              1             no       0.390486    4.89509e-09          4  1 
              4          42399            0.491047              1             no       0.393209     5.5512e-09          4  1 
              4          42455             0.75009              1             no       0.422324    6.96333e-09          4  1 
              4          42497            0.383928              1             no       0.385002    4.99757e-09          4  1 
              4          42565            0.125431              1             no       0.380183    6.55696e-09          4  1 
              4          42576            0.483918              1             no       0.368408     6.4301e-09          4  1 
              4          42670            0.131099              1             no       0.314562    4.88679e-09          4  1 
              4          42708             1.16692              1             no       0.397302    5.16528e-09          4  1 
              4          42813            0.134352              1             no       0.340293    6.49409e-09          4  1 
              4          42855           0.0253433              1             no       0.122982    7.14306e-09          4  1 
              4          42910            0.898234              1             no       0.392488    8.04589e-09          4  1 
              4          42959            0.080101              1             no         0.3643     1.3117e-08          4  1 
              4          42960             1.20208              1             no       0.390462    6.96352e-09          4  1 
              4          42962             0.93509              1             no       0.407641    4.77407e-09          4  1 
              4          43032            0.732889              1             no       0.381761    5.38513e-09          4  1 
              4          43146            0.283665              1             no       0.381404    6.36966e-09          4  1 
              4          43184           0.0368169              1             no       0.119048     7.7067e-09          4  1 
              4          43242            0.142086              1             no       0.281601    5.06278e-09          4  1 
              4          43324            0.939746              1             no       0.403652    5.51001e-09          4  1 
              4          43341            0.575259              1             no       0.351055    4.50253e-09          4  1 
              4          43361            0.353793              1             no       0.390486    7.75715e-09          4  1 
              4          43406            0.632763              1             no       0.378721    6.71377e-09          4  1 
              4          43439            0.623744              1             no       0.368801    6.99778e-09          4  1 
              4          43476            0.333417              1             no       0.336001     5.1845e-09          4  1 
              4          43507            0.963297              1             no       0.350731    5.97983e-09          4  1 
              4          43514             0.45723              1             no       0.355189    6.31264e-09          4  1 
              4          43516            0.212135              1             no       0.281359    8.82644e-09          4  1 
              4          43635            0.748181              1             no       0.343262    5.88616e-09          4  1 
              4          43672            0.563045              1             no       0.361922    4.99719e-09          4  1 
              4          43697            0.423375              1             no       0.314208    1.04326e-08          4  1 
              4          43745              1.0839              1             no       0.335232    5.02931e-09          4  1 
              4          43789             0.74372              1             no       0.389088    5.42217e-09          4  1 
              4          43811           0.0610887              1             no       0.280293    5.17304e-09          4  1 
              4          43819           0.0533942              1             no       0.320321    4.60521e-09          4  1 
              4          43862            0.424602              1             no       0.359866    9.35289e-09          4  1 
              4          43882            0.333943              1             no       0.405997    8.98226e-09          4  1 
              4          43895            0.511384              1             no        0.37361    6.82607e-09          4  1 
              4          43898           0.0190707              1             no              0      6.185e-09          4  1 
              4          43914            0.365967              1             no       0.368819    6.73499e-09          4  1 
              4          43929            0.404187              1             no       0.359102    5.96318e-09          4  1 
              4          43950            0.046362              1             no       0.328151    5.61451e-09          4  1 
              4          43952           0.0495956              1             no       0.255302    9.17257e-09          4  1 
              4          43969            0.851677              1             no       0.376524    4.93322e-09          4  1 
              4          43998            0.463483              1             no       0.394276    5.36788e-09          4  1 
              4          44004            0.585447              1             no        0.36125    5.14269e-09          4  1 
              4          44035            0.244063              1             no       0.385905    1.20381e-08          4  1 
              4          44059            0.360162              1             no       0.342907    6.02177e-09          4  1 
              4          44131            0.417628              1             no       0.372079    5.41914e-09          4  1 
              4          44216            0.332131              1             no       0.340997    6.15409e-09          4  1 
              4          44242            0.842639              1             no       0.354763     4.7089e-09          4  1 
              4          44282            0.311034              1             no       0.331308    1.19275e-08          4  1 
              4          44290            0.254894              1             no       0.331601    6.53337e-09          4  1 
              4          44295            0.034304              1             no       0.239637    6.44865e-09          4  1 
              4          44316            0.969141              1             no       0.367792    4.77937e-09          4  1 
              4          44435            0.119665              1             no        0.25411    7.36485e-09          4  1 
              4          44544             0.67856              1             no       0.351036    4.44223e-09          4  1 
              4          44654            0.510157              1             no       0.359655    5.95759e-09          4  1 
              4          44689            0.741772              1             no       0.358255    8.96629e-09          4  1 
              4          44764            0.254251              1             no       0.370288    9.82866e-09          4  1 
              4          44783            0.782134              1             no        0.36435    4.39635e-09          4  1 
              4          44928            0.720715              1             no       0.394319    6.98997e-09          4  1 
              4          44974            0.279769              1             no       0.382119    1.04451e-08          4  1 
              4          44981            0.285477              1             no       0.398908     4.9797e-09          4  1 
              4          44982             1.01242              1             no       0.383468    6.20137e-09          4  1 
              4          44989             1.03722              1             no       0.373662    5.85886e-09          4  1 
              4          45026            0.673554              1             no       0.389855    4.71735e-09          4  1 
              4          45074             1.14125              1             no        0.38656    5.39412e-09          4  1 
              4          45123            0.346118              1             no       0.356765    8.15322e-09          4  1 
              4          45158             1.08123              1             no       0.367859    6.04259e-09          4  1 
              4          45163            0.461633              1             no       0.383534    5.09705e-09          4  1 
              4          45233            0.768557              1             no       0.393851    5.28965e-09          4  1 
              4          45235             0.27336              1             no       0.391007    6.18938e-09          4  1 
              4          45237           0.0209408              1             no      0.0595349    6.78347e-09          4  1 
              4          45285            0.466698              1             no       0.413474    5.18429e-09          4  1 
              4          45387           0.0419595              1             no       0.150418    7.18954e-09          4  1 
              4          45443             1.24225              1             no       0.371188    5.60108e-09          4  1 
              4          45469            0.456568              1             no       0.343075    7.62466e-09          4  1 
              4          45495            0.544617              1             no       0.451642    4.67188e-09          4  1 
              4          45496            0.252342              1             no       0.352941    5.97527e-09          4  1 
              4          45500            0.270867              1             no       0.354621     5.0876e-09          4  1 
              4          45527            0.308483              1             no       0.478846    6.80938e-09          4  1 
              4          45549             1.20898              1             no       0.364436    6.07564e-09          4  1 
              4          45557            0.678775              1             no       0.410418    4.84767e-09          4  1 
              4          45572            0.296405              1             no       0.339248    6.83579e-09          4  1 
              4          45691            0.360766              1             no       0.374082    8.42686e-09          4  1 
              4          45724            0.316197              1             no       0.309882    4.74257e-09          4  1 
              4          45765           0.0126619              1             no       0.150769    6.97065e-09          4  1 
              4          45778            0.929967              1             no       0.381043     5.5474e-09          4  1 
              4          45784           0.0126814              1             no       0.201229    6.13946e-09          4  1 
              4          45882            0.379272              1             no       0.417976    4.75999e-09          4  1 
              4          45955             1.03541              1             no       0.357064    4.93813e-09          4  1 
              4          45964             1.11717              1             no       0.352764    5.69561e-09          4  1 
              4          45983            0.510196              1             no       0.372151    6.56654e-09          4  1 
              4          46000            0.316235              1             no       0.336208     5.4077e-09          4  1 
              4          46022            0.983595              1             no       0.359594    4.94344e-09          4  1 
              4          46102             0.32056              1             no       0.365216    6.31997e-09          4  1 
              4          46185            0.264439              1             no       0.290829    1.06743e-08          4  1 
              4          46285            0.328313              1             no       0.405423    5.18148e-09          4  1 
              4          46355             1.25185              1             no       0.409607    6.74945e-09          4  1 
              4          46359            0.559928              1             no       0.382271     4.6328e-09          4  1 
              4          46427            0.814588              1             no       0.372408    4.70912e-09          4  1 
              4          46516            0.429141              1             no       0.363504     5.6706e-09          4  1 
              4          46535            0.110139              1             no       0.374956    5.01798e-09          4  1 
              4          46594            0.145183              1             no       0.323762    5.68335e-09          4  1 
              4          46601            0.273984              1             no       0.371418    1.05512e-08          4  1 
              4          46615            0.647957              1             no       0.414034    8.86033e-09          4  1 
              4          46622            0.383071              1             no       0.405492    6.19592e-09          4  1 
              4          46872            0.640302              1             no       0.403012    5.04434e-09          4  1 
              4          46910            0.475678              1             no       0.364184    4.97443e-09          4  1 
              4          46981            0.637769              1             no       0.358613    5.14884e-09          4  1 
              4          47010             1.00685              1             no       0.377406    4.75017e-09          4  1 
              4          47071            0.295762              1             no       0.355002    8.40242e-09          4  1 
              4          47117              1.2537              1             no       0.415591    5.06762e-09          4  1 
              4          47133            0.323833              1             no       0.359601    4.67735e-09          4  1 
              4          47246            0.483957              1             no       0.373692    5.43742e-09          4  1 
              4          47287             1.00726              1             no       0.391139    8.29263e-09          4  1 
              4          47347            0.363981              1             no       0.379502    5.76134e-09          4  1 
              4          47392            0.764836              1             no       0.348369    5.01803e-09          4  1 
              4          47415            0.800446              1             no       0.366966     6.2536e-09          4  1 
              4          47438            0.942083              1             no       0.376783    5.26185e-09          4  1 
              4          47477            0.605784              1             no       0.398579     5.0323e-09          4  1 
              4          47491            0.520384              1             no       0.390582    5.18501e-09          4  1 
              4          47509          0.00823997              1             no              0    6.11116e-09          4  1 
              4          47550           0.0171228              1             no        0.07281     7.6181e-09          4  1 
              4          47575             0.37485              1             no       0.383932    5.68856e-09          4  1 
              4          47643           0.0635822              1             no       0.288603    7.37432e-09          4  1 
              4          47654            0.416381              1             no       0.408421      6.013e-09          4  1 
              4          47679          0.00948668              1             no       0.332649    5.30473e-09          4  1 
              4          47682             1.07873              1             no        0.37409    4.70889e-09          4  1 
              4          47702           0.0858671              1             no        0.26588    6.04523e-09          4  1 
              4          47743             1.04759              1             no       0.368199    7.06667e-09          4  1 
              4          47779             0.27149              1             no       0.370309     4.9705e-09          4  1 
              4          47790            0.441958              1             no       0.330042    5.55044e-09          4  1 
              4          47865            0.417628              1             no        0.32926     5.2472e-09          4  1 
              4          47887            0.118379              1             no       0.310186    5.36879e-09          4  1 
              4          47912           0.0839775              1             no       0.279286    6.25654e-09          4  1 
              4          48016             1.31752              1             no       0.404125    5.21697e-09          4  1 
              4          48031            0.552253              1             no       0.400388    9.10595e-09          4  1 
              4          48049            0.150871              1             no       0.395739    4.84504e-09          4  1 
              4          48117            0.914792              1             no       0.372139     4.8239e-09          4  1 
              4          48122            0.389597              1             no        0.41045     5.5623e-09          4  1 
              4          48124            0.574012              1             no       0.445278    5.14166e-09          4  1 
              4          48147            0.188467              1             no        0.37416    5.60458e-09          4  1 
              4          48164            0.215973              1             no       0.359159    7.21385e-09          4  1 
              4          48223            0.828652              1             no       0.368438     5.0093e-09          4  1 
              4          48255            0.956888              1             no       0.376389    4.99571e-09          4  1 
              4          48355            0.348085              1             no       0.373104    6.12262e-09          4  1 
              4          48390            0.783907              1             no       0.382983    6.26617e-09          4  1 
              4          48419            0.704897              1             no        0.39156    5.85021e-09          4  1 
              4          48480             0.11647              1             no       0.381669    4.90736e-09          4  1 
              4          48492            0.483957              1             no       0.381621    5.63502e-09          4  1 
              4          48608            0.648035              1             no       0.383533     4.9037e-09          4  1 
              4          48669            0.255575              1             no       0.423323     5.5156e-09          4  1 
              4          48784             0.24342              1             no       0.418294    6.96166e-09          4  1 
              4          48787             1.05957              1             no       0.366977    7.24451e-09          4  1 
              4          48893            0.734857              1             no       0.355583    5.81044e-09          4  1 
              4          48922            0.390824              1             no       0.418781    9.40352e-09          4  1 
              4          48943            0.619264              1             no       0.353853    9.00907e-09          4  1 
              4          48948            0.638432              1             no       0.418319    5.12786e-09          4  1 
              4          48991            0.656217              1             no       0.390329    6.77645e-09          4  1 
              4          49019            0.940194              1             no        0.37895    4.78455e-09          4  1 
              4          49021            0.623023              1             no       0.348623    7.07209e-09          4  1 
              4          49117            0.788446              1             no       0.345201    5.13689e-09          4  1 
              4          49139            0.837613              1             no       0.368334    5.67991e-09          4  1 
              4          49146            0.494281              1             no       0.373808    8.11197e-09          4  1 
              4          49163           0.0298626              1             no       0.148076    4.96432e-09          4  1 
              4          49169            0.449516              1             no       0.398206    4.70777e-09          4  1 
              4          49222            0.446283              1             no       0.352379    5.94975e-09          4  1 
              4          49252             0.51454              1             no       0.345196    4.66408e-09          4  1 
              4          49265            0.326365              1             no       0.347141     7.4772e-09          4  1 
              4          49316             1.13108              1             no       0.399662    4.95092e-09          4  1 
              4          49320            0.754551              1             no       0.374132     4.7254e-09          4  1 
              4          49352              0.2689              1             no       0.383295    4.98416e-09          4  1 
              4          49372             1.10616              1             no       0.421361    6.99785e-09          4  1 
              4          49414            0.771791              1             no        0.41787     9.9413e-09          4  1 
              4          49482             1.07953              1             no       0.368599    5.30955e-09          4  1 
              4          49515            0.674216              1             no       0.341163    4.95639e-09          4  1 
              4          49571            0.441257              1             no       0.399965    9.75951e-09          4  1 
              4          49582            0.531897              1             no       0.344919     5.2687e-09          4  1 
              4          49583            0.311697              1             no       0.375664    4.88702e-09          4  1 
              4          49613           0.0297652              1             no       0.337696    8.94647e-09          4  1 
              4          49626             1.37944              1             no       0.387367    4.63188e-09          4  1 
              4          49744            0.549623              1             no       0.359171    7.86774e-09          4  1 
              4          49789             0.63512              1             no       0.394185    4.69763e-09          4  1 
              4          49860            0.318651              1             no       0.391429    5.92703e-09          4  1 
              4          49872            0.668937              1             no       0.416249    6.30217e-09          4  1 
              4          49873            0.265763              1             no       0.380781    5.42976e-09          4  1 
              4          49887            0.480762              1             no       0.374878    5.60282e-09          4  1 
              4          50155            0.207129              1             no       0.334713    8.69365e-09          4  1 
              4          50203            0.484658              1             no       0.403617     5.1407e-09          4  1 
              4          50263              1.2906              1             no       0.364512    5.69423e-09          4  1 
              4          50304             0.36924              1             no       0.393353     5.1061e-09          4  1 
              4          50455            0.567545              1             no       0.393959    5.08515e-09          4  1 
              4          50473            0.553578              1             no       0.382082    5.50534e-09          4  1 
              4          50537            0.549078              1             no       0.378259    5.70684e-09          4  1 
              4          50561             0.42653              1             no       0.361208    5.43223e-09          4  1 
              4          50587           0.0941655              1             no       0.329541     6.9821e-09          4  1 
              4          50595            0.129969              1             no       0.347422    5.45819e-09          4  1 
              4          50596            0.285496              1             no       0.293941    5.01888e-09          4  1 
              4          50609           0.0814062              1             no       0.248863    5.46741e-09          4  1 
              4          50782            0.524222              1             no       0.384118    5.07744e-09          4  1 
              4          50883            0.822282              1             no       0.358926    1.17394e-08          4  1 
              4          50887            0.607089              1             no       0.381935     4.8588e-09          4  1 
              4          50926            0.921766              1             no       0.406602    4.99893e-09          4  1 
              4          50943            0.323833              1             no       0.387211    5.35082e-09          4  1 
              4          50983            0.563045              1             no        0.40164    5.85731e-09          4  1 
              4          51011            0.379311              1             no       0.354098    5.93713e-09          4  1 
              4          51023            0.806854              1             no       0.359343    6.46799e-09          4  1 
              4          51025            0.724533              1             no       0.386084    5.57624e-09          4  1 
              4          51050            0.128645              1             no       0.350697    7.82022e-09          4  1 
              4          51055             1.06605              1             no       0.400742    4.72252e-09          4  1 
              4          51059            0.143878              1             no       0.308421    5.26884e-09          4  1 
              4          51190            0.652438              1             no       0.358314    6.44455e-09          4  1 
              4          51267           0.0432063              1             no       0.204689    8.72938e-09          4  1 
              4          51305            0.434205              1             no       0.350471    6.68124e-09          4  1 
              4          51314            0.259315              1             no       0.392428     5.6159e-09          4  1 
              4          51352           0.0795166              1             no       0.350808    4.74154e-09          4  1 
              4          51369           0.0145709              1             no      0.0427807    5.00935e-09          4  1 
              4          51379            0.379993              1             no       0.368637    4.50233e-09          4  1 
              4          51555            0.692021              1             no       0.410753    5.28994e-09          4  1 
              4          51560             1.00602              1             no       0.394179    4.92989e-09          4  1 
              4          51702            0.966375              1             no       0.373259    5.85845e-09          4  1 
              4          51745            0.975394              1             no       0.407873    5.85845e-09          4  1 
              4          51802            0.593687              1             no       0.380943    7.42744e-09          4  1 
              4          51808            0.746272              1             no        0.39538    5.14662e-09          4  1 
              4          51809            0.486645              1             no       0.370587    7.95522e-09          4  1 
              4          51845            0.267692              1             no       0.375564    5.21651e-09          4  1 
              4          51860            0.286724              1             no       0.379374    5.03472e-09          4  1 
              4          51952             1.09165              1             no       0.370878    5.86881e-09          4  1 
              4          51966            0.670924              1             no       0.351315    7.69415e-09          4  1 
              4          51979            0.461574              1             no       0.333826    8.68972e-09          4  1 
              4          51984             1.05526              1             no       0.388577    5.06071e-09          4  1 
              4          52073             1.27928              1             no       0.401297    5.74183e-09          4  1 
              4          52078             1.00991              1             no        0.33649    4.97338e-09          4  1 
              4          52099            0.778239              1             no       0.369352    6.21098e-09          4  1 
              4          52132            0.101841              1             no        0.34277    4.76594e-09          4  1 
              4          52148            0.617997              1             no       0.398014    6.14655e-09          4  1 
              4          52191             0.90065              1             no       0.382178     6.0912e-09          4  1 
              4          52273             1.14721              1             no       0.380272    5.43328e-09          4  1 
              4          52352            0.449536              1             no       0.402392    5.16696e-09          4  1 
              4          52381             1.25883              1             no       0.366268    5.23562e-09          4  1 
              4          52464            0.327651              1             no       0.345719    7.15198e-09          4  1 
              4          52487              1.2933              1             no       0.382621     4.9365e-09          4  1 
              4          52491            0.811958              1             no       0.412072     5.5807e-09          4  1 
              4          52525             0.39209              1             no       0.349116    5.12809e-09          4  1 
              4          52526            0.258731              1             no       0.361617    5.84785e-09          4  1 
              4          52634            0.797329              1             no       0.386113      4.733e-09          4  1 
              4          52635            0.718202              1             no       0.381513    4.69799e-09          4  1 
              4          52734           0.0133047              1             no              0    5.38561e-09          4  1 
              4          52748            0.360805              1             no       0.375769    6.99785e-09          4  1 
              4          52779            0.685573              1             no       0.400608    5.57697e-09          4  1 
              4          52829           0.0985679              1             no       0.372925    1.01224e-08          4  1 
              4          52848              1.1579              1             no       0.385475    6.78338e-09          4  1 
              4          52854              1.1938              1             no        0.38457    4.89223e-09          4  1 
              4          52877            0.378006              1             no       0.373821    4.97995e-09          4  1 
              4          52959            0.115827              1             no       0.306424    5.10783e-09          4  1 
              4          53054              1.0418              1             no       0.373908    6.69882e-09          4  1 
              4          53056            0.575941              1             no       0.403842    6.34552e-09          4  1 
              4          53080            0.531215              1             no       0.358563    5.13088e-09          4  1 
              4          53100            0.429043              1             no        0.32622    6.06652e-09          4  1 
              4          53149            0.819614              1             no       0.372478    5.12035e-09          4  1 
              4          53169            0.763414              1             no       0.390635    5.32405e-09          4  1 
              4          53179            0.306535              1             no        0.34437    7.10371e-09          4  1 
              4          53205           0.0992302              1             no       0.325874    4.64539e-09          4  1 
              4          53231            0.504352              1             no       0.404117     5.7829e-09          4  1 
              4          53232            0.858028              1             no       0.395328    7.69012e-09          4  1 
              4          53300             1.00802              1             no        0.40039    6.17791e-09          4  1 
              4          53314            0.852924              1             no       0.399155     5.1689e-09          4  1 
              4          53335            0.265744              1             no       0.448101    8.12942e-09          4  1 
              4          53346             1.23066              1             no       0.371518    5.27701e-09          4  1 
              4          53353            0.310372              1             no        0.34438    4.55006e-09          4  1 
              4          53363            0.213382              1             no       0.333577    6.97589e-09          4  1 
              4          53412            0.890442              1             no       0.372186    6.74815e-09          4  1 
              4          53422            0.877664              1             no       0.398002    5.66884e-09          4  1 
              4          53477            0.113879              1             no       0.378549    5.54907e-09          4  1 
              4          53483             1.08904              1             no       0.378743     6.2917e-09          4  1 
              4          53494           0.0865294              1             no       0.359298    5.85242e-09          4  1 
              4          53516            0.604478              1             no       0.368825    5.94009e-09          4  1 
              4          53548            0.119041              1             no       0.319915    5.86055e-09          4  1 
              4          53564            0.572025              1             no       0.382053    6.46449e-09          4  1 
              4          53580            0.038122              1             no       0.148697    4.66597e-09          4  1 
              4          53634            0.641626              1             no       0.408313    8.85836e-09          4  1 
              4          53687            0.332014              1             no       0.344813    4.92787e-09          4  1 
              4          53692            0.815776              1             no       0.371054    9.99581e-09          4  1 
              4          53722            0.975335              1             no       0.416325    5.60771e-09          4  1 
              4          53772            0.279769              1             no       0.341178    6.57722e-09          4  1 
              4          53841             1.18607              1             no       0.361752    5.65101e-09          4  1 
              4          53922           0.0165189              1             no       0.115566    5.20344e-09          4  1 
              4          53946             1.31239              1             no       0.383854    6.59782e-09          4  1 
              4          53965             0.18987              1             no       0.365035     5.1828e-09          4  1 
              4          53976            0.937077              1             no       0.420455    4.79978e-09          4  1 
              4          54009            0.517189              1             no        0.47194    7.17856e-09          4  1 
              4          54095            0.249809              1             no       0.402527    5.08014e-09          4  1 
              4          54125            0.371656              1             no       0.345982    5.12185e-09          4  1 
              4          54133            0.217862              1             no       0.449392    5.81627e-09          4  1 
              4          54148             0.76281              1             no       0.405194    5.15219e-09          4  1 
              4          54159            0.166299              1             no       0.382336    5.65286e-09          4  1 
              4          54194            0.739201              1             no       0.373257    5.80902e-09          4  1 
              4          54261            0.570759              1             no       0.360444    7.35169e-09          4  1 
              4          54363            0.527397              1             no       0.351444    5.87129e-09          4  1 
              4          54375            0.022207              1             no       0.170175    5.53459e-09          4  1 
              4          54383            0.590511              1             no       0.361351    4.99016e-09          4  1 
              4          54384            0.271471              1             no       0.386768    4.86195e-09          4  1 
              4          54405            0.637107              1             no       0.341986    6.28774e-09          4  1 
              4          54420            0.267107              1             no        0.34787     5.4193e-09          4  1 
              4          54424             1.10879              1             no       0.378338    4.58588e-09          4  1 
              4          54429            0.245952              1             no       0.336053    6.94662e-09          4  1 
              4          54430            0.426491              1             no        0.37613    8.15726e-09          4  1 
              4          54451           0.0558681              1             no       0.293933    7.39498e-09          4  1 
              4          54497            0.206973              1             no       0.355953    6.92937e-09          4  1 
              4          54506             0.17263              1             no       0.349921    5.81306e-09          4  1 
              4          54575            0.136261              1             no       0.419728    5.71944e-09          4  1 
              4          54607            0.120307              1             no       0.221017    5.59998e-09          4  1 
              4          54623            0.479476              1             no       0.423864    4.81834e-09          4  1 
              4          54729            0.142651              1             no        0.38304    9.16103e-09          4  1 
              4          54731            0.665236              1             no       0.363016    6.41436e-09          4  1 
              4          54750             0.41194              1             no       0.371069    8.55512e-09          4  1 
              4          54802             1.02713              1             no       0.379248    8.22833e-09          4  1 
              4          54823             0.20446              1             no       0.341845    6.35055e-09          4  1 
              4          54895            0.387025              1             no        0.36521    6.51416e-09          4  1 
              4          54912             1.05325              1             no        0.40981    7.03569e-09          4  1 
              4          55060            0.279808              1             no       0.318296     7.3625e-09          4  1 
              4          55138            0.506398              1             no       0.382482    4.54637e-09          4  1 
              4          55212            0.052128              1             no       0.303812     5.1111e-09          4  1 
              4          55253           0.0667184              1             no       0.283796    5.16247e-09          4  1 
              4          55284            0.970855              1             no       0.396537     8.0647e-09          4  1 
              4          55285            0.223667              1             no       0.358213    6.16486e-09          4  1 
              4          55293             0.22805              1             no       0.421286    5.18087e-09          4  1 
              4          55398             0.68567              1             no       0.340038    4.87326e-09          4  1 
              4          55502             0.56696              1             no       0.360625    6.01696e-09          4  1 
              4          55528            0.322489              1             no       0.392691    5.16088e-09          4  1 
              4          55573            0.114561              1             no       0.360143    6.69489e-09          4  1 
              4          55589            0.572103              1             no       0.369778    5.17836e-09          4  1 
              4          55641           0.0826529              1             no       0.368136    5.83522e-09          4  1 
              4          55680            0.630737              1             no       0.366657    4.94408e-09          4  1 
              4          55747             0.79729              1             no       0.377361    5.01371e-09          4  1 
              4          55756            0.847139              1             no       0.410113     6.0453e-09          4  1 
              4          55764            0.767232              1             no       0.364495    8.65731e-09          4  1 
              4          55769             1.01371              1             no       0.390534    6.22357e-09          4  1 
              4          55770            0.554162              1             no       0.412788    4.83365e-09          4  1 
              4          55845              0.2127              1             no       0.355344    5.82683e-09          4  1 
              4          55855            0.265763              1             no       0.416771    1.05539e-08          4  1 
              4          55864            0.056511              1             no       0.324716    5.81835e-09          4  1 
              4          55919            0.641588              1             no       0.387327    5.89336e-09          4  1 
              4          55926            0.716371              1             no       0.392468    5.20304e-09          4  1 
              4          55980            0.751395              1             no       0.339253     7.2138e-09          4  1 
              4          55986            0.815854              1             no       0.390597    6.82281e-09          4  1 
              4          56000           0.0788543              1             no       0.353755     6.2405e-09          4  1 
              4          56103            0.690852              1             no       0.382885    6.53933e-09          4  1 
              4          56119             1.22489              1             no       0.368543    5.56789e-09          4  1 
              4          56162            0.126034              1             no       0.327357    5.09406e-09          4  1 
              4          56228            0.652574              1             no        0.33791    7.09391e-09          4  1 
              4          56264             1.17964              1             no       0.404313     6.2846e-09          4  1 
              4          56308            0.152936              1             no        0.39116    8.42365e-09          4  1 
              4          56320            0.210187              1             no       0.399444    6.75365e-09          4  1 
              4          56375             1.09288              1             no       0.371602    5.89047e-09          4  1 
              4          56387            0.189811              1             no       0.388547    5.48876e-09          4  1 
              4          56401            0.893812              1             no       0.381593    5.35791e-09          4  1 
              4          56444            0.626978              1             no       0.329243    5.28365e-09          4  1 
              4          56474            0.838275              1             no       0.342969    7.07144e-09          4  1 
              4          56479             0.47558              1             no       0.404317    4.40826e-09          4  1 
              4          56499             1.01692              1             no       0.383687    5.01907e-09          4  1 
              4          56519            0.539435              1             no       0.388488    5.28022e-09          4  1 
              4          56550            0.687638              1             no       0.363314    8.45348e-09          4  1 
              4          56664            0.492255              1             no       0.377879    4.90577e-09          4  1 
              4          56691            0.103769              1             no       0.305988    5.50912e-09          4  1 
              4          56747            0.242738              1             no       0.364096    6.88204e-09          4  1 
              4          56798            0.842074              1             no        0.37013    4.58632e-09          4  1 
              4          56812             1.09486              1             no       0.392029    5.94568e-09          4  1 
              4          56932            0.441121              1             no       0.386796    5.30039e-09          4  1 
              4          56956            0.901332              1             no       0.374843    4.96761e-09          4  1 
              4          56990            0.572103              1             no       0.383159    9.74174e-09          4  1 
              4          57018            0.543955              1             no       0.389987    1.11772e-08          4  1 
              4          57028            0.761583              1             no        0.38582    6.31525e-09          4  1 
              4          57066             1.14514              1             no        0.36689    8.18658e-09          4  1 
              4          57130            0.188584              1             no       0.397996    4.48805e-09          4  1 
              4          57131              1.0552              1             no       0.379479    7.01663e-09          4  1 
              4          57146             0.82088              1             no       0.399905    5.48519e-09          4  1 
              4          57190            0.946642              1             no       0.372335    6.23643e-09          4  1 
              4          57213           0.0158761              1             no              0    6.96215e-09          4  1 
              4          57327             1.01496              1             no       0.377445    4.88855e-09          4  1 
              4          57331             1.22756              1             no       0.388594    5.04407e-09          4  1 
              4          57332            0.334624              1             no       0.416638    4.59225e-09          4  1 
              4          57342               1.015              1             no       0.348546    5.71819e-09          4  1 
              4          57370            0.687599              1             no       0.408805    5.01143e-09          4  1 
              4          57375            0.750675              1             no        0.38115    5.31377e-09          4  1 
              4          57380             1.20529              1             no       0.389404    4.98897e-09          4  1 
              4          57427            0.193688              1             no       0.351202    5.73794e-09          4  1 
              4          57508            0.654931              1             no       0.400791    5.09156e-09          4  1 
              4          57518            0.688164              1             no       0.419537    7.49111e-09          4  1 
              4          57524            0.966589              1             no       0.362777    5.54766e-09          4  1 
              4          57532            0.616069              1             no       0.401315    7.64627e-09          4  1 
              4          57613            0.807497              1             no       0.391504    7.28486e-09          4  1 
              4          57639            0.979894              1             no       0.361052    7.09292e-09          4  1 
              4          57703            0.367175              1             no       0.374397    5.02881e-09          4  1 
              4          57723             1.11894              1             no       0.371459      4.633e-09          4  1 
              4          57818            0.771771              1             no       0.382367    5.79846e-09          4  1 
              4          57850             0.11197              1             no       0.413709    5.15237e-09          4  1 
              4          57883             1.19429              1             no       0.372099    4.72911e-09          4  1 
              4          57888            0.612894              1             no       0.434638    5.65533e-09          4  1 
              4          57968            0.326346              1             no       0.480033    4.86208e-09          4  1 
              4          58012            0.161176              1             no       0.335025    7.85863e-09          4  1 
              4          58016            0.161137              1             no       0.390474    7.68365e-09          4  1 
              4          58052            0.364701              1             no       0.469982    5.03006e-09          4  1 
              4          58055            0.574655              1             no       0.391559    4.78277e-09          4  1 
              4          58065              1.0756              1             no       0.394777    5.65771e-09          4  1 
              4          58190            0.831828              1             no       0.382371    5.35011e-09          4  1 
              4          58239            0.385097              1             no       0.380444    4.97068e-09          4  1 
              4          58251            0.351806              1             no       0.363511    5.02196e-09          4  1 
              4          58253            0.470672              1             no       0.369671    4.85213e-09          4  1 
              4          58274            0.441199              1             no       0.383902     5.4525e-09          4  1 
              4          58288             0.30858              1             no       0.367275    8.88089e-09          4  1 
              4          58310            0.483996              1             no       0.357844    5.72656e-09          4  1 
              4          58329            0.368539              1             no       0.390613    4.95186e-09          4  1 
              4          58378             1.11329              1             no       0.378611    5.67565e-09          4  1 
              4          58379            0.398518              1             no       0.385228    5.09884e-09          4  1 
              4          58496            0.898254              1             no       0.386125    5.13024e-09          4  1 
              4          58548            0.187357              1             no       0.390622    5.94372e-09          4  1 
              4          58570            0.511345              1             no       0.363581    4.81584e-09          4  1 
              4          58579            0.424641              1             no       0.385339    6.08529e-09          4  1 
              4          58714             0.68567              1             no        0.37734    4.76573e-09          4  1 
              4          58729             0.42655              1             no       0.410559     5.0772e-09          4  1 
              4          58777            0.424641              1             no       0.352356    6.47252e-09          4  1 
              4          58893            0.540818              1             no       0.356986    5.82781e-09          4  1 
              4          58953            0.843886              1             no       0.358717    5.33924e-09          4  1 
              4          59082             0.95755              1             no       0.412788    7.18059e-09          4  1 
              4          59100            0.243985              1             no       0.359441    5.65323e-09          4  1 
              4          59114            0.700397              1             no       0.363121    7.52966e-09          4  1 
              4          59117             0.12097              1             no       0.394042     6.1783e-09          4  1 
              4          59148            0.685008              1             no       0.390758    5.24827e-09          4  1 
              4          59155            0.359481              1             no       0.376991    8.38455e-09          4  1 
              4          59197             1.27357              1             no       0.375579    8.07253e-09          4  1 
              4          59289            0.690092              1             no       0.413736    6.33569e-09          4  1 
              4          59363            0.415018              1             no       0.386529    4.75329e-09          4  1 
              4          59375            0.423336              1             no       0.419888    4.87657e-09          4  1 
              4          59380            0.139456              1             no       0.373795    5.90136e-09          4  1 
              4          59388            0.508852              1             no       0.364291    6.48706e-09          4  1 
              4          59480             1.03224              1             no       0.377354     5.4534e-09          4  1 
              4          59508            0.333397              1             no       0.383815    4.73283e-09          4  1 
              4          59548            0.586128              1             no       0.408754    5.16611e-09          4  1 
              4          59596            0.519118              1             no       0.375586    5.64809e-09          4  1 
              4          59623            0.300106              1             no       0.411268     7.9039e-09          4  1 
              4          59676            0.661437              1             no       0.409542    7.64234e-09          4  1 
              4          59822            0.404304              1             no       0.376584    5.62411e-09          4  1 
              4          59870            0.996315              1             no       0.388926    4.65555e-09          4  1 
              4          59883            0.498567              1             no       0.369032    5.15871e-09          4  1 
              4          59893            0.549078              1             no       0.372406    4.70239e-09          4  1 
              4          59931            0.524163              1             no       0.394901    4.40747e-09          4  1 
              4          59938           0.0317521              1             no       0.119018    5.57657e-09          4  1 
              4          60020            0.232628              1             no       0.358148    7.15812e-09          4  1 
              4          60023            0.477567              1             no       0.349282    6.79511e-09          4  1 
              4          60027            0.713078              1             no       0.387013     7.0772e-09          4  1 
              4          60056            0.134333              1             no       0.407048     9.9589e-09          4  1 
              4          60064            0.373584              1             no       0.374961    6.75893e-09          4  1 
              4          60071            0.445036              1             no       0.344743    4.75283e-09          4  1 
              4          60174            0.553539              1             no       0.398297    8.24828e-09          4  1 
              4          60204             0.89428              1             no       0.366995    4.83106e-09          4  1 
              4          60216              1.0589              1             no       0.375632    4.96907e-09          4  1 
              4          60228            0.977244              1             no       0.410928    4.69152e-09          4  1 
              4          60236             1.12161              1             no       0.410469    6.80479e-09          4  1 
              4          60272            0.137528              1             no       0.332578    5.65552e-09          4  1 
              4          60277           0.0967173              1             no       0.314804    5.29872e-09          4  1 
              4          60361            0.096094              1             no       0.343402    8.78063e-09          4  1 
              4          60501          0.00315573              1             no              0     6.1301e-09          4  1 
              4          60554            0.833113              1             no       0.394033    5.11668e-09          4  1 
              4          60596           0.0170838              1             no       0.221209    4.79025e-09          4  1 
              4          60663            0.950538              1             no       0.412493    9.14477e-09          4  1 
              4          60724             1.06027              1             no       0.383619    6.88277e-09          4  1 
              4          60756            0.784531              1             no       0.371232    6.11773e-09          4  1 
              4          60774            0.725916              1             no       0.379284    7.91528e-09          4  1 
              4          60787            0.850353              1             no       0.393558    4.90008e-09          4  1 
              4          60804              1.2479              1             no       0.352055    6.18247e-09          4  1 
              4          60867             1.09412              1             no       0.365962    4.75994e-09          4  1 
              4          60882            0.613576              1             no       0.380119     4.6465e-09          4  1 
              4          60891            0.135599              1             no       0.341905    4.70362e-09          4  1 
              4          60912             1.15539              1             no       0.400088    5.00184e-09          4  1 
              4          61046            0.145183              1             no       0.389642    6.47629e-09          4  1 
              4          61096             1.20253              1             no       0.355164    6.21698e-09          4  1 
              4          61144            0.893033              1             no       0.378959    5.26164e-09          4  1 
              4          61254            0.381201              1             no       0.365527    8.88689e-09          4  1 
              4          61447            0.244102              1             no       0.383289    4.56061e-09          4  1 
              4          61450            0.781394              1             no       0.408695    5.48084e-09          4  1 
              4          61457            0.260679              1             no       0.336945     4.4602e-09          4  1 
              4          61503            0.579661              1             no       0.397856    7.70471e-09          4  1 
              4          61567            0.194311              1             no       0.291128    4.76636e-09          4  1 
              4          61588            0.536396              1             no       0.334943    4.93709e-09          4  1 
              4          61653            0.277276              1             no       0.401855    7.04675e-09          4  1 
              4          61680             1.11134              1             no       0.383254    5.83158e-09          4  1 
              4          61681            0.358312              1             no        0.38393    8.41998e-09          4  1 
              4          61747           0.0197136              1             no       0.128458    4.88987e-09          4  1 
              4          61783            0.412368              1             no       0.327035     5.2267e-09          4  1 
              4          61809             1.02713              1             no       0.350687    5.50453e-09          4  1 
              4          61898            0.124729              1             no        0.38154    5.55093e-09          4  1 
              4          61902             0.88417              1             no       0.389323    9.27194e-09          4  1 
              4          61920            0.339748              1             no       0.369073    1.06968e-08          4  1 
              4          61979            0.644743              1             no       0.394314    7.96899e-09          4  1 
              4          61994             0.56696              1             no       0.333585    8.36062e-09          4  1 
              4          62002            0.422206              1             no       0.365184    6.56337e-09          4  1 
              4          62018             0.65573              1             no       0.376181    8.23916e-09          4  1 
              4          62050            0.108288              1             no       0.317143    6.43236e-09          4  1 
              4          62060            0.794738              1             no       0.408942    4.97517e-09          4  1 
              4          62105             1.12145              1             no       0.371704    5.72198e-09          4  1 
              4          62135            0.133067              1             no       0.372566    1.22652e-08          4  1 
              4          62142            0.926909              1             no       0.380325    5.62038e-09          4  1 
              4          62225            0.229375              1             no       0.349214    5.15854e-09          4  1 
              4          62234            0.122333              1             no       0.353344    4.90571e-09          4  1 
              4          62236            0.586148              1             no       0.389199    6.20119e-09          4  1 
              4          62279            0.457192              1             no       0.405454    5.39459e-09          4  1 
              4          62283             1.19614              1             no       0.377386    7.30783e-09          4  1 
              4          62309            0.774985              1             no       0.395561    6.08364e-09          4  1 
              4          62360              1.0635              1             no       0.352486    6.26142e-09          4  1 
              4          62365            0.290055              1             no       0.399597    4.80078e-09          4  1 
              4          62393            0.489022              1             no       0.373765    5.41693e-09          4  1 
              4          62488              1.2532              1             no       0.387826    8.70762e-09          4  1 
              4          62528            0.760317              1             no       0.362046    5.20345e-09          4  1 
              4          62570           0.0827113              1             no       0.252708    6.16441e-09          4  1 
              4          62574           0.0355896              1             no       0.106185    9.42279e-09          4  1 
              4          62580            0.835548              1             no       0.382883    5.72896e-09          4  1 
              4          62596             1.06099              1             no       0.380421    4.66897e-09          4  1 
              4          62695            0.536377              1             no       0.377701    5.44543e-09          4  1 
              4          62746             1.25425              1             no       0.404631    6.49592e-09          4  1 
              4          62822            0.106866              1             no       0.337951    6.79074e-09          4  1 
              4          62831             0.83699              1             no       0.392976    7.71572e-09          4  1 
              4          62881            0.873281              1             no       0.356837    4.48371e-09          4  1 
              4          62916           0.0126814              1             no      0.0491551    7.56475e-09          4  1 
              4          62924            0.626315              1             no       0.355032    4.66167e-09          4  1 
              4          62926             0.17639              1             no       0.305908    5.46325e-09          4  1 
              4          62957            0.153501              1             no       0.356091     5.4651e-09          4  1 
              4          62962             0.92498              1             no       0.367366    5.05886e-09          4  1 
              4          62966            0.487775              1             no       0.402077    5.76143e-09          4  1 
              4          63075            0.249809              1             no       0.354024    6.96206e-09          4  1 
              4          63077            0.566259              1             no       0.372321    7.45806e-09          4  1 
              4          63136             1.23198              1             no        0.38976    5.25929e-09          4  1 
              4          63178            0.560649              1             no       0.398909    5.52915e-09          4  1 
              4          63228           0.0922759              1             no       0.420097    4.40809e-09          4  1 
              4          63251             0.73474              1             no       0.377273     4.7918e-09          4  1 
              4          63403            0.358195              1             no       0.378508    4.53274e-09          4  1 
              4          63409            0.108834              1             no       0.396993    6.45004e-09          4  1 
              4          63451            0.656295              1             no        0.41756    5.02923e-09          4  1 
              4          63487             0.73924              1             no       0.385386    4.92435e-09          4  1 
              4          63552           0.0636016              1             no       0.298928    7.93821e-09          4  1 
              4          63560            0.830425              1             no       0.376753    7.02236e-09          4  1 
              4          63561           0.0228109              1             no       0.221178     8.6337e-09          4  1 
              4          63655            0.443108              1             no       0.424056    5.25545e-09          4  1 
              4          63661            0.476925              1             no       0.431442    5.36549e-09          4  1 
              4          63692              1.1465              1             no       0.389306    6.21407e-09          4  1 
              4          63740            0.926909              1             no       0.372801    4.59607e-09          4  1 
              4          63766              0.8471              1             no       0.385296    5.62203e-09          4  1 
              4          63772            0.132424              1             no       0.321271    7.54022e-09          4  1 
              4          63792            0.914889              1             no       0.386812    5.75322e-09          4  1 
              4          63993            0.363377              1             no       0.324006    4.97263e-09          4  1 
              4          64015            0.850976              1             no       0.405265      6.065e-09          4  1 
              4          64063           0.0717832              1             no       0.361465    6.04984e-09          4  1 
              4          64083             0.48271              1             no       0.361542    4.77318e-09          4  1 
              4          64135             1.14321              1             no       0.360778    4.61153e-09          4  1 
              4          64167           0.0495567              1             no       0.370676    5.27859e-09          4  1 
              4          64194            0.610303              1             no        0.38519    5.17709e-09          4  1 
              4          64223           0.0693092              1             no       0.310849    5.93239e-09          4  1 
              4          64264             1.25807              1             no        0.36587    6.16173e-09          4  1 
              4          64287            0.022246              1             no      0.0569177    4.65933e-09          4  1 
              4          64292            0.395285              1             no       0.378474    4.81249e-09          4  1 
              4          64337            0.730941              1             no       0.372278    6.69959e-09          4  1 
              4          64358            0.535033              1             no       0.379851    5.29374e-09          4  1 
              4          64383             1.00288              1             no       0.395451    5.59696e-09          4  1 
              4          64431           0.0935421              1             no       0.325698    7.65027e-09          4  1 
              4          64446            0.274023              1             no       0.410962    5.39853e-09          4  1 
              4          64478            0.614783              1             no       0.362643    6.06764e-09          4  1 
              4          64491            0.473652              1             no       0.426116     7.3043e-09          4  1 
              4          64526            0.200662              1             no       0.351519    5.40671e-09          4  1 
              4          64577           0.0616926              1             no       0.287654    8.28144e-09          4  1 
              4          64621            0.540156              1             no       0.447149    6.69492e-09          4  1 
              4          64661            0.471899              1             no       0.376677    6.31434e-09          4  1 
              4          64665             1.17378              1             no       0.369822    5.44972e-09          4  1 
              4          64690            0.212778              1             no       0.400439    7.03566e-09          4  1 
              4          64696            0.570155              1             no        0.36537    5.21086e-09          4  1 
              4          64738            0.163631              1             no       0.337381    4.67044e-09          4  1 
              4          64780             1.25304              1             no       0.363824    5.16815e-09          4  1 
              4          64813            0.508151              1             no       0.402323    4.96185e-09          4  1 
              4          64834            0.212798              1             no       0.382735     5.8714e-09          4  1 
              4          64908            0.727046              1             no       0.359269    5.08468e-09          4  1 
              4          64929           0.0145709              1             no      0.0427807    4.65994e-09          4  1 
              4          64980             1.21157              1             no       0.411039    4.83068e-09          4  1 
              4          65022            0.695878              1             no       0.364443    5.27861e-09          4  1 
              4          65039            0.173935              1             no       0.340128    7.00093e-09          4  1 
              4          65077            0.378045              1             no       0.407636    8.85455e-09          4  1 
              4          65094            0.108814              1             no       0.308629    5.01773e-09          4  1 
              4          65215            0.301411              1             no       0.373554    6.78521e-09          4  1 
              4          65272           0.0266679              1             no       0.165814    4.94966e-09          4  1 
              4          65301           0.0310898              1             no       0.182331    7.15203e-09          4  1 
              4          65345            0.751493              1             no       0.345223    6.46231e-09          4  1 
              4          65430            0.573291              1             no       0.421237    5.33385e-09          4  1 
              4          65486            0.804906              1             no       0.385576    5.82097e-09          4  1 
              4          65492            0.149021              1             no       0.289542      5.401e-09          4  1 
              4          65502            0.544636              1             no       0.355521    4.91067e-09          4  1 
              4          65590            0.704137              1             no       0.360224    9.71577e-09          4  1 
              4          65625            0.959362              1             no       0.388008    4.67471e-09          4  1 
              4          65630            0.635296              1             no       0.352099    4.88073e-09          4  1 
              4          65641            0.683703              1             no       0.351302    4.66598e-09          4  1 
              4          65647            0.233232              1             no        0.41485    5.85905e-09          4  1 
              4          65654             1.13312              1             no       0.398391    5.54228e-09          4  1 
              4          65688            0.941694              1             no       0.375822    4.82574e-09          4  1 
              4          65739            0.304022              1             no        0.33895     1.0217e-08          4  1 
              4          65764             1.01182              1             no       0.378076    5.13828e-09          4  1 
              4          65793            0.580304              1             no       0.355623    7.69789e-09          4  1 
              4          65956            0.354474              1             no       0.404242    5.41943e-09          4  1 
              4          66008           0.0132658              1             no       0.236417    6.56705e-09          4  1 
              4          66013             1.08594              1             no       0.351732    5.07544e-09          4  1 
              4          66026            0.774362              1             no       0.381868    5.83666e-09          4  1 
              4          66074            0.490327              1             no       0.376783    9.08519e-09          4  1 
              4          66086            0.953654              1             no        0.38504    4.85067e-09          4  1 
              4          66154            0.107509              1             no       0.324334    6.57084e-09          4  1 
              4          66158             0.18724              1             no       0.356429    9.09283e-09          4  1 
              4          66277            0.913467              1             no       0.366366    7.72866e-09          4  1 
              4          66284             1.23514              1             no        0.38356    5.39752e-09          4  1 
              4          66309            0.812075              1             no       0.375983    5.35957e-09          4  1 
              4          66315            0.585447              1             no       0.395056    4.83949e-09          4  1 
              4          66317           0.0368558              1             no        0.11945     9.4312e-09          4  1 
              4          66375            0.942142              1             no       0.389662    5.14881e-09          4  1 
              4          66378            0.980498              1             no       0.367962    5.59319e-09          4  1 
              4          66379            0.909065              1             no        0.42289    4.73204e-09          4  1 
              4          66415            0.362052              1             no       0.386797    7.67065e-09          4  1 
              4          66487             0.97927              1             no       0.346979     6.9639e-09          4  1 
              4          66543             1.10047              1             no       0.357425    6.97054e-09          4  1 
              4          66618            0.908481              1             no       0.384566    5.29306e-09          4  1 
              4          66714            0.273399              1             no       0.351265    5.86654e-09          4  1 
              4          66720            0.697105              1             no       0.387526    4.95107e-09          4  1 
              4          66755              1.1675              1             no       0.377348    6.02844e-09          4  1 
              4          66758            0.562402              1             no       0.369159    7.47019e-09          4  1 
              4          66759             1.11577              1             no       0.416565    5.10071e-09          4  1 
              4          66824           0.0177851              1             no      0.0350493    6.10215e-09          4  1 
              4          66847            0.659509              1             no       0.404891    6.91683e-09          4  1 
              4          66869            0.470594              1             no       0.374824    5.63866e-09          4  1 
              4          66877            0.531936              1             no       0.394185    4.84922e-09          4  1 
              4          66894            0.627543              1             no       0.382772    5.19169e-09          4  1 
              4          66925             1.23964              1             no       0.396577    5.55552e-09          4  1 
              4          66969             0.24977              1             no       0.346124    4.83003e-09          4  1 
              4          66983             1.04819              1             no       0.394785    5.54637e-09          4  1 
              4          67002            0.233836              1             no       0.361713    7.61881e-09          4  1 
              4          67013            0.656217              1             no       0.373705    4.75159e-09          4  1 
              4          67016            0.595635              1             no       0.348628    7.51908e-09          4  1 
              4          67058            0.602647              1             no       0.396386    4.97096e-09          4  1 
              4          67112           0.0489918              1             no       0.194036    4.85317e-09          4  1 
              4          67221            0.517092              1             no       0.370654    6.21736e-09          4  1 
              4          67233             1.01685              1             no       0.399962    6.76343e-09          4  1 
              4          67237             0.87256              1             no       0.361552    4.90157e-09          4  1 
              4          67308            0.325781              1             no       0.369349    7.76937e-09          4  1 
              4          67316            0.613556              1             no       0.362479    6.91453e-09          4  1 
              4          67357            0.567584              1             no       0.392902    8.33554e-09          4  1 
              4          67441            0.421368              1             no       0.362535    6.60339e-09          4  1 
              4          67452           0.0999315              1             no       0.349318    7.53622e-09          4  1 
              4          67515              0.8381              1             no       0.376418    5.67075e-09          4  1 
              4          67657            0.753207              1             no       0.418843     7.8554e-09          4  1 
              4          67705            0.888592              1             no       0.368007    8.00696e-09          4  1 
              4          67742             1.03461              1             no       0.393715    5.82016e-09          4  1 
              4          67815            0.591895              1             no       0.386572     5.0232e-09          4  1 
              4          67892            0.177656              1             no       0.407785    4.89294e-09          4  1 
              4          67940             0.54526              1             no       0.397271    4.87011e-09          4  1 
              4          67953              1.0194              1             no       0.351398    5.48532e-09          4  1 
              4          67956            0.463561              1             no       0.384712    5.21932e-09          4  1 
              4          67973            0.312359              1             no       0.379046     5.9972e-09          4  1 
              4          68006            0.355117              1             no       0.369336    9.63574e-09          4  1 
              4          68019            0.936668              1             no        0.37031    5.70528e-09          4  1 
              4          68032             1.19232              1             no       0.376928    4.71252e-09          4  1 
              4          68158            0.348143              1             no       0.374944      8.994e-09          4  1 
              4          68164            0.464224              1             no       0.373253     7.1368e-09          4  1 
              4          68254            0.634653              1             no       0.343339    4.71808e-09          4  1 
              4          68398            0.209038              1             no       0.340788    4.75887e-09          4  1 
              4          68453            0.261906              1             no       0.388769    5.18654e-09          4  1 
              4          68511            0.496697              1             no       0.425759    6.61514e-09          4  1 
              4          68542            0.483314              1             no       0.425698    6.83334e-09          4  1 
              4          68646             1.07684              1             no       0.389562    6.95605e-09          4  1 
              4          68656             1.15093              1             no       0.370614    4.80591e-09          4  1 
              4          68689            0.676106              1             no       0.372277    6.13774e-09          4  1 
              4          68699            0.700397              1             no       0.384091    4.46791e-09          4  1 
              4          68738           0.0686469              1             no       0.285471    6.41604e-09          4  1 
              4          68749             1.00543              1             no       0.369028    5.21461e-09          4  1 
              4          68791            0.630737              1             no       0.383891    6.16591e-09          4  1 
              4          68832             0.27973              1             no       0.356894    7.04057e-09          4  1 
              4          68834            0.457153              1             no       0.408301     6.0459e-09          4  1 
              4          68916            0.808861              1             no        0.39094    5.84646e-09          4  1 
              4          68925             1.27285              1             no       0.360748    5.28819e-09          4  1 
              4          68929           0.0178046              1             no              0    4.77211e-09          4  1 
              4          69011            0.492976              1             no       0.363101    7.44686e-09          4  1 
              4          69047             0.82986              1             no       0.390132    4.93844e-09          4  1 
              4          69123            0.594953              1             no       0.351156    5.30815e-09          4  1 
              4          69208             1.09722              1             no       0.385772    6.09743e-09          4  1 
              4          69279            0.843282              1             no        0.38778    5.08026e-09          4  1 
              4          69296            0.133125              1             no       0.281241    4.97675e-09          4  1 
              4          69347           0.0641665              1             no         0.3051    5.03035e-09          4  1 
              4          69361            0.668372              1             no       0.372825    5.13907e-09          4  1 
              4          69363             0.66395              1             no       0.414623    5.16743e-09          4  1 
              4          69473            0.173137              1             no       0.385014    6.64297e-09          4  1 
              4          69535              1.1548              1             no       0.361678     8.2618e-09          4  1 
              4          69574            0.455847              1             no       0.354728     8.7824e-09          4  1 
              4          69578             1.20134              1             no       0.386373    4.79299e-09          4  1 
              4          69634            0.365929              1             no       0.381049    5.27715e-09          4  1 
              4          69675            0.104412              1             no       0.267351    5.91863e-09          4  1 
              4          69691            0.658204              1             no       0.357217    5.25607e-09          4  1 
              4          69862            0.761603              1             no        0.39668    5.25166e-09          4  1 
              4          69903            0.370389              1             no       0.343694    8.03781e-09          4  1 
              4          69905             1.26516              1             no        0.37295    5.75467e-09          4  1 
              4          69977            0.581551              1             no       0.419609     6.3932e-09          4  1 
              4          70055              0.9512              1             no       0.408929    5.20791e-09          4  1 
              4          70064            0.589245              1             no       0.382624    4.89405e-09          4  1 
              4          70083          0.00950615              1             no      0.0655738    6.19507e-09          4  1 
              4          70087            0.814023              1             no        0.37975    8.39741e-09          4  1 
              4          70158            0.552954              1             no       0.405552    1.02408e-08          4  1 
              4          70186             1.05842              1             no       0.386774    8.47922e-09          4  1 
              4          70234            0.106243              1             no       0.328383    4.68544e-09          4  1 
              4          70260           0.0674197              1             no       0.225657    5.03463e-09          4  1 
              4          70315             1.31623              1             no       0.357072     5.5116e-09          4  1 
              4          70400            0.957433              1             no        0.36413    4.82919e-09          4  1 
              4          70435           0.0088828              1             no       0.142544    5.56232e-09          4  1 
              4          70449           0.0337001              1             no       0.149711    5.89272e-09          4  1 
              4          70464             1.15737              1             no       0.373043     5.7881e-09          4  1 
              4          70480             1.18289              1             no       0.376293    5.40708e-09          4  1 
              4          70520            0.213382              1             no       0.381413    9.41196e-09          4  1 
              4          70542            0.830522              1             no       0.398335    4.56874e-09          4  1 
              4          70609             0.57335              1             no       0.407842    5.24958e-09          4  1 
              4          70644            0.637107              1             no       0.386015    5.05978e-09          4  1 
              4          70673            0.803757              1             no       0.415598    6.14557e-09          4  1 
              4          70734             1.11464              1             no       0.378679    5.27637e-09          4  1 
              4          70882              1.2709              1             no       0.399375    4.75038e-09          4  1 
              4          70883            0.847606              1             no       0.372081    4.78416e-09          4  1 
              4          70889            0.787082              1             no       0.404059    9.52806e-09          4  1 
              4          70922            0.138151              1             no        0.37225      5.303e-09          4  1 
              4          70925            0.478249              1             no       0.412936    4.61165e-09          4  1 
              4          70926            0.633387              1             no       0.416638    9.62169e-09          4  1 
              4          70963             0.83884              1             no       0.375366    7.39582e-09          4  1 
              4          70996             0.20261              1             no       0.373714    5.50423e-09          4  1 
              4          71085            0.290055              1             no       0.370853    5.82375e-09          4  1 
              4          71095            0.076244              1             no       0.357179    4.48361e-09          4  1 
              4          71279            0.406174              1             no       0.385785    7.78093e-09          4  1 
              4          71281            0.924902              1             no       0.404528    5.46496e-09          4  1 
              4          71297             1.03537              1             no       0.371207    7.29724e-09          4  1 
              4          71319            0.124749              1             no       0.325422     4.8579e-09          4  1 
              4          71320            0.259296              1             no       0.350462    4.59062e-09          4  1 
              4          71364             1.21283              1             no       0.391144     4.4919e-09          4  1 
              4          71369            0.779992              1             no       0.379861    4.94852e-09          4  1 
              4          71382            0.127398              1             no       0.344343    6.64829e-09          4  1 
              4          71384            0.538111              1             no       0.350275    5.14925e-09          4  1 
              4          71393           0.0432257              1             no       0.263632    8.31822e-09          4  1 
              4          71398            0.555993              1             no       0.356212    5.39181e-09          4  1 
              4          71445            0.111366              1             no       0.336015    8.27354e-09          4  1 
              4          71454            0.840087              1             no       0.386217    4.86984e-09          4  1 
              4          71456            0.328995              1             no       0.350346    6.86335e-09          4  1 
              4          71464            0.478873              1             no       0.412277    5.05448e-09          4  1 
              4          71505            0.478853              1             no       0.356318    5.09956e-09          4  1 
              4          71600            0.811958              1             no       0.401924    5.90229e-09          4  1 
              4          71615            0.702326              1             no       0.388501    5.17156e-09          4  1 
              4          71661            0.697845              1             no       0.383626    6.33705e-09          4  1 
              4          71690            0.829198              1             no       0.365847    5.22448e-09          4  1 
              4          71715             1.01176              1             no       0.376191    4.87443e-09          4  1 
              4          71723            0.835022              1             no       0.357999    5.21122e-09          4  1 
              4          71801             1.03545              1             no       0.375618    4.57336e-09          4  1 
              4          71827            0.917363              1             no        0.39473    4.92604e-09          4  1 
              4          71843             1.11271              1             no       0.362739    5.00423e-09          4  1 
              4          71888            0.102464              1             no        0.26597    6.41412e-09          4  1 
              4          71967            0.769862              1             no       0.384176    5.67855e-09          4  1 
              4          71986            0.753285              1             no        0.36465    6.02234e-09          4  1 
              4          72040            0.305327              1             no       0.348156    4.39165e-09          4  1 
              4          72060            0.755817              1             no       0.380206     5.7802e-09          4  1 
              4          72093           0.0591408              1             no       0.310606     6.5604e-09          4  1 
              4          72107             1.17715              1             no       0.407338    4.78607e-09          4  1 
              4          72127           0.0884189              1             no       0.307997    6.75971e-09          4  1 
              4          72128            0.324436              1             no       0.386491    6.06957e-09          4  1 
              4          72131            0.205687              1             no       0.348897    5.56188e-09          4  1 
              4          72157            0.969628              1             no       0.391193    6.40843e-09          4  1 
              4          72249            0.539474              1             no       0.388532    4.85217e-09          4  1 
              4          72250           0.0431868              1             no       0.219666    6.74702e-09          4  1 
              4          72262            0.626198              1             no        0.36412    5.36694e-09          4  1 
              4          72273             1.30213              1             no       0.367746    5.12193e-09          4  1 
              4          72306            0.738675              1             no       0.380512    5.37553e-09          4  1 
              4          72354            0.614764              1             no       0.392756    5.09143e-09          4  1 
              4          72357             1.03467              1             no       0.356698    6.25295e-09          4  1 
              4          72375             1.00101              1             no       0.393621    7.05879e-09          4  1 
              4          72413            0.152254              1             no        0.33828    4.81067e-09          4  1 
              4          72429            0.052128              1             no       0.353139    4.91288e-09          4  1 
              4          72520            0.656275              1             no       0.418581    6.30369e-09          4  1 
              4          72580            0.677314              1             no       0.393213    7.51561e-09          4  1 
              4          72646            0.422673              1             no       0.399253    5.64325e-09          4  1 
              4          72694            0.511988              1             no       0.358216    5.26346e-09          4  1 
              4          72731            0.353033              1             no       0.405617    5.83981e-09          4  1 
              4          72866             1.02322              1             no       0.376911    5.84984e-09          4  1 
              4          72874               0.373              1             no       0.355128    5.04481e-09          4  1 
              4          72888            0.602686              1             no        0.41556    5.04179e-09          4  1 
              4          72919            0.960102              1             no       0.376428    4.97052e-09          4  1 
              4          72960             0.20333              1             no       0.284729    9.98785e-09          4  1 
              4          72978            0.235784              1             no        0.33964    1.23057e-08          4  1 
              4          73045            0.754571              1             no       0.386798     5.7012e-09          4  1 
              4          73117             1.13638              1             no       0.379354    6.96799e-09          4  1 
              4          73135             1.22805              1             no       0.370721    6.62091e-09          4  1 
              4          73145            0.558623              1             no       0.367193    5.17318e-09          4  1 
              4          73158            0.443147              1             no       0.346301    4.49343e-09          4  1 
              4          73196            0.571986              1             no       0.363042    5.36747e-09          4  1 
              4          73214            0.114619              1             no       0.338375    7.91453e-09          4  1 
              4          73255            0.625595              1             no       0.345072    5.71458e-09          4  1 
              4          73260             1.15605              1             no       0.376167    4.60099e-09          4  1 
              4          73334            0.630776              1             no       0.398135    7.93814e-09          4  1 
              4          73361            0.666502              1             no       0.368113    5.12068e-09          4  1 
              4          73430             1.14902              1             no       0.365686    4.79761e-09          4  1 
              4          73490            0.565655              1             no       0.370514    4.89102e-09          4  1 
              4          73525            0.608452              1             no       0.398976    5.18022e-09          4  1 
              4          73575            0.970952              1             no       0.361127    7.47998e-09          4  1 
              4          73668             1.06843              1             no       0.369257    4.83782e-09          4  1 
              4          73713            0.708676              1             no       0.392111    5.64833e-09          4  1 
              4          73770             0.86882              1             no       0.402054    4.86707e-09          4  1 
              4          73778            0.158605              1             no       0.360722    5.15009e-09          4  1 
              4          73878             1.07936              1             no       0.369164    5.20802e-09          4  1 
              4          73951           0.0788738              1             no        0.28896    4.94408e-09          4  1 
              4          73970            0.283646              1             no       0.379232     7.2089e-09          4  1 
              4          73974            0.415661              1             no       0.370653    7.33828e-09          4  1 
              4          74061            0.572726              1             no       0.366076    6.43913e-09          4  1 
              4          74072           0.0419595              1             no       0.135562    6.23297e-09          4  1 
              4          74084            0.552331              1             no       0.343726    5.47857e-09          4  1 
              4          74092           0.0291808              1             no       0.129506    5.81267e-09          4  1 
              4          74102            0.537663              1             no       0.374443    5.32762e-09          4  1 
              4          74110             1.05318              1             no       0.400111    5.79686e-09          4  1 
              4          74131            0.288087              1             no       0.375685    6.25762e-09          4  1 
              4          74150            0.875229              1             no       0.372201    4.89797e-09          4  1 
              4          74155            0.094146              1             no       0.248707    5.54228e-09          4  1 
              4          74179            0.738013              1             no       0.352347    6.00741e-09          4  1 
              4          74183            0.124788              1             no       0.300187    5.31103e-09          4  1 
              4          74192            0.651834              1             no       0.374395    6.50161e-09          4  1 
              4          74246            0.680528              1             no       0.363275    5.38299e-09          4  1 
              4          74660            0.221719              1             no       0.358549    5.02627e-09          4  1 
              4          74714           0.0853022              1             no       0.312628    6.34207e-09          4  1 
              4          74725           0.0184084              1             no      0.0338624    5.57558e-09          4  1 
              4          74739            0.143294              1             no       0.301251    5.42897e-09          4  1 
              4          74775             0.67482              1             no        0.34845    7.82649e-09          4  1 
              4          74840            0.235842              1             no       0.396713    5.04908e-09          4  1 
              4          74939            0.790238              1             no       0.354746    6.24373e-09          4  1 
              4          74958            0.020259              1             no       0.154808     4.5229e-09          4  1 
              4          74981            0.306749              1             no       0.317648    6.88483e-09          4  1 
              4          75000            0.514092              1             no       0.345913    8.26454e-09          4  1 
              4          75011            0.778764              1             no       0.405048    6.28911e-09          4  1 
              4          75019             1.18348              1             no       0.371185    4.83872e-09          4  1 
              4          75025            0.600193              1             no       0.365259    5.98158e-09          4  1 
              4          75030             1.21165              1             no       0.381592    7.11993e-09          4  1 
              4          75058            0.884793              1             no       0.380397    5.55262e-09          4  1 
              4          75117            0.617959              1             no       0.390757    4.96532e-09          4  1 
              4          75230            0.780751              1             no       0.391018    6.80667e-09          4  1 
              4          75475            0.840145              1             no       0.377843    6.31575e-09          4  1 
              4          75482            0.704215              1             no       0.352106    7.64294e-09          4  1 
              4          75655             0.20072              1             no       0.370924    5.32801e-09          4  1 
              4          75671            0.492956              1             no       0.352841    6.67495e-09          4  1 
              4          75743            0.718202              1             no       0.365537     4.4373e-09          4  1 
              4          75765            0.175844              1             no        0.37986    8.42504e-09          4  1 
              4          75783            0.223025              1             no       0.373657    7.56595e-09          4  1 
              4          75859             1.10178              1             no       0.373214    8.88173e-09          4  1 
              4          75860            0.528585              1             no       0.367533    6.41291e-09          4  1 
              4          75882            0.197486              1             no       0.389722    4.69457e-09          4  1 
              4          75902            0.950577              1             no       0.403049    7.31629e-09          4  1 
              4          75951            0.560513              1             no       0.356711    4.51737e-09          4  1 
              4          75984            0.598167              1             no       0.389846    5.62748e-09          4  1 
              4          75992            0.855476              1             no       0.402359    4.92052e-09          4  1 
              4          76003            0.236368              1             no       0.446761    6.27181e-09          4  1 
              4          76020             1.01297              1             no         0.3763    5.34418e-09          4  1 
              4          76044           0.0929188              1             no       0.327883    8.35086e-09          4  1 
              4          76140            0.536299              1             no       0.400349    6.41786e-09          4  1 
              4          76228            0.279769              1             no       0.400501    4.55215e-09          4  1 
              4          76317             1.24868              1             no       0.402942     6.1239e-09          4  1 
              4          76382            0.349936              1             no       0.396627    9.02093e-09          4  1 
              4          76386            0.410635              1             no       0.390939    5.35144e-09          4  1 
              4          76412            0.347384              1             no       0.410475    5.16963e-09          4  1 
              4          76447            0.723812              1             no       0.374115    6.50911e-09          4  1 
              4          76457             1.26142              1             no       0.390781    6.54329e-09          4  1 
              4          76477             0.98303              1             no       0.389109    5.22375e-09          4  1 
              4          76528            0.579155              1             no       0.366352    4.77174e-09          4  1 
              4          76631             0.56885              1             no       0.369666    4.99323e-09          4  1 
              4          76661            0.595732              1             no       0.395821     7.4709e-09          4  1 
              4          76745            0.846496              1             no       0.356185    6.74022e-09          4  1 
              4          76754            0.303359              1             no       0.360817    5.96904e-09          4  1 
              4          76780             1.13686              1             no       0.388667    5.48714e-09          4  1 
              4          76887           0.0834126              1             no       0.281411    4.80413e-09          4  1 
              4          76892          0.00757765              1             no              0    6.95685e-09          4  1 
              4          76902            0.872677              1             no       0.383468    5.58003e-09          4  1 
              4          76908           0.0718611              1             no       0.290865    5.23813e-09          4  1 
              4          76922             0.29697              1             no       0.370679    4.97391e-09          4  1 
              4          76943            0.358292              1             no       0.353613    7.88271e-09          4  1 
              4          76949           0.0495567              1             no       0.319969    7.38775e-09          4  1 
              4          77000            0.492294              1             no       0.418052    7.54901e-09          4  1 
              4          77007            0.718786              1             no       0.369658     5.9745e-09          4  1 
              4          77033            0.242076              1             no        0.35962    5.00837e-09          4  1 
              4          77035             1.18472              1             no       0.357822    5.09512e-09          4  1 
              4          77038            0.258731              1             no       0.309667    7.96194e-09          4  1 
              4          77057           0.0336611              1             no       0.282986    8.43082e-09          4  1 
              4          77134            0.363377              1             no       0.367964    6.45584e-09          4  1 
              4          77140             1.04823              1             no       0.361859    5.03356e-09          4  1 
              4          77171            0.644237              1             no       0.391872    4.70677e-09          4  1 
              4          77205            0.334021              1             no       0.346825    5.01932e-09          4  1 
              4          77235            0.602745              1             no       0.357314    6.23611e-09          4  1 
              4          77270            0.918708              1             no       0.391438    5.21328e-09          4  1 
              4          77329             1.26894              1             no       0.406534    6.38036e-09          4  1 
              4          77417            0.409232              1             no       0.348391    4.81026e-09          4  1 
              4          77466             1.07059              1             no       0.378209    6.03139e-09          4  1 
              4          77491            0.633951              1             no       0.417189    5.59196e-09          4  1 
              4          77516            0.403603              1             no       0.312322    6.06488e-09          4  1 
              4          77523            0.606485              1             no       0.375024    5.18759e-09          4  1 
              4          77614            0.397856              1             no       0.324716    8.61477e-09          4  1 
              4          77702              1.1566              1             no       0.396874    8.83762e-09          4  1 
              4          77843            0.365266              1             no       0.364247    5.52189e-09          4  1 
              4          77845            0.711131              1             no       0.384348    5.65362e-09          4  1 
              4          77874             0.51715              1             no       0.401537    5.11205e-09          4  1 
              4          78030           0.0591213              1             no       0.332125    4.93091e-09          4  1 
              4          78045            0.948044              1             no       0.376592    6.70872e-09          4  1 
              4          78066            0.965147              1             no       0.383099    8.09395e-09          4  1 
              4          78071            0.615446              1             no       0.383111       6.28e-09          4  1 
              4          78132             1.07753              1             no       0.423755    6.69008e-09          4  1 
              4          78154             0.13182              1             no       0.289198    1.09734e-08          4  1 
              4          78215            0.468022              1             no       0.390494      4.872e-09          4  1 
              4          78225            0.938402              1             no        0.41378    5.03255e-09          4  1 
              4          78309            0.478269              1             no       0.330238      4.396e-09          4  1 
              4          78341            0.536922              1             no       0.370134    7.87674e-09          4  1 
              4          78364            0.468587              1             no       0.349117    4.91036e-09          4  1 
              4          78372            0.141326              1             no       0.323225    6.28179e-09          4  1 
              4          78455             1.05018              1             no       0.384968    6.52036e-09          4  1 
              4          78545           0.0286353              1             no       0.244898    6.91182e-09          4  1 
              4          78587            0.202571              1             no       0.357823    5.31721e-09          4  1 
              4          78659             0.59242              1             no       0.388169    5.45224e-09          4  1 
              4          78710             1.18104              1             no       0.375332     5.5999e-09          4  1 
              4          78732            0.847781              1             no       0.369178    5.25458e-09          4  1 
              4          78765            0.582934              1             no       0.400167    5.25658e-09          4  1 
              4          78774             1.14574              1             no       0.388408    7.03867e-09          4  1 
              4          78881           0.0330183              1             no       0.267847    8.31881e-09          4  1 
              4          79007             1.30279              1             no       0.397928    4.90056e-09          4  1 
              4          79027            0.218544              1             no       0.352081    4.91953e-09          4  1 
              4          79057            0.763531              1             no       0.366466    5.62206e-09          4  1 
              4          79073            0.165617              1             no       0.333804    6.63374e-09          4  1 
              4          79112           0.0266679              1             no       0.357195    8.42152e-09          4  1 
              4          79131            0.829276              1             no       0.390454    4.98816e-09          4  1 
              4          79137            0.646107              1             no       0.387603    5.54236e-09          4  1 
              4          79206             1.04889              1             no       0.400631    4.98152e-09          4  1 
              4          79276             0.32243              1             no       0.362977    8.87689e-09          4  1 
              4          79327             0.86806              1             no       0.408981    4.80732e-09          4  1 
              4          79385             0.19998              1             no       0.378141    7.19378e-09          4  1 
              4          79419            0.657542              1             no       0.426485    7.56259e-09          4  1 
              4          79444            0.673612              1             no       0.374696    4.86543e-09          4  1 
              4          79514             1.02189              1             no       0.389885    6.05026e-09          4  1 
              4          79539            0.525488              1             no       0.368513    5.57296e-09          4  1 
              4          79582            0.766025              1             no       0.370206    4.98929e-09          4  1 
              4          79585           0.0699521              1             no       0.389585    7.63823e-09          4  1 
              4          79607            0.729656              1             no       0.353686    4.92894e-09          4  1 
              4          79614            0.324378              1             no       0.388422    8.54433e-09          4  1 
              4          79662            0.810692              1             no         0.3828    6.07737e-09          4  1 
              4          79707            0.178318              1             no       0.392178     6.9335e-09          4  1 
              4          79723            0.668996              1             no       0.367528    5.14616e-09          4  1 
              4          79743           0.0827503              1             no       0.252825    8.84548e-09          4  1 
              4          79766            0.207558              1             no       0.376537    6.82627e-09          4  1 
              4          79820            0.199454              1             no       0.354038    5.63609e-09          4  1 
              4          79845            0.605199              1             no       0.392751    6.36982e-09          4  1 
              4          80046             0.69206              1             no       0.312973    9.57966e-09          4  1 
              4          80211            0.547305              1             no       0.371441    7.38127e-09          4  1 
              4          80212            0.874664              1             no       0.348344    7.54716e-09          4  1 
              4          80220            0.579018              1             no       0.362905    6.69602e-09          4  1 
              4          80369            0.927649              1             no       0.390416    4.89727e-09          4  1 
              4          80375            0.559402              1             no       0.383989    5.70657e-09          4  1 
              4          80431            0.782037              1             no       0.421362    4.41511e-09          4  1 
              4          80447            0.740487              1             no       0.347592    4.67315e-09          4  1 
              4          80450            0.772472              1             no       0.399395     6.0526e-09          4  1 
              4          80487            0.385623              1             no       0.389624    6.59018e-09          4  1 
              4          80528            0.801614              1             no       0.351972    4.73466e-09          4  1 
              4          80579            0.538909              1             no       0.379541    6.75743e-09          4  1 
              4          80584             1.03218              1             no       0.410761    5.28107e-09          4  1 
              4          80611           0.0986069              1             no       0.360332    4.70067e-09          4  1 
              4          80613            0.641549              1             no       0.363424    8.66153e-09          4  1 
              4          80631           0.0133242              1             no              0    5.09671e-09          4  1 
              4          80692             0.11199              1             no       0.436946    8.55891e-09          4  1 
              4          80715             1.16815              1             no       0.363533    6.20083e-09          4  1 
              4          80776            0.584901              1             no       0.361687    5.24802e-09          4  1 
              4          80864            0.665178              1             no       0.370691    5.55308e-09          4  1 
              4          80871             1.22232              1             no       0.391216    4.97237e-09          4  1 
              4          80884           0.0980225              1             no       0.278418    5.52518e-09          4  1 
              4          80895            0.636445              1             no       0.361288    4.67773e-09          4  1 
              4          80904            0.400408              1             no       0.378497    5.89859e-09          4  1 
              4          80914           0.0891007              1             no       0.370573    6.04883e-09          4  1 
              4          80918             1.06288              1             no       0.379085    6.97585e-09          4  1 
              4          80950            0.719974              1             no       0.374324    5.00545e-09          4  1 
              4          80962              1.1963              1             no       0.375806    4.80385e-09          4  1 
              4          80980            0.585914              1             no       0.359731    7.72551e-09          4  1 
              4          80989           0.0674002              1             no       0.262717    5.14743e-09          4  1 
              4          81034            0.377967              1             no       0.404216    4.81596e-09          4  1 
              4          81060            0.826646              1             no       0.347653    5.48475e-09          4  1 
              4          81159            0.771771              1             no       0.394735    5.01513e-09          4  1 
              4          81165             0.86056              1             no       0.385947    7.79231e-09          4  1 
              4          81166            0.463503              1             no       0.391569    5.24373e-09          4  1 
              4          81180            0.596959              1             no       0.366096     5.2183e-09          4  1 
              4          81219            0.396492              1             no       0.357964    4.72516e-09          4  1 
              4          81276            0.367156              1             no       0.353565    7.68162e-09          4  1 
              4          81277             1.14584              1             no       0.383972    6.49937e-09          4  1 
              4          81316            0.688846              1             no       0.377411     6.7989e-09          4  1 
              4          81367            0.170059              1             no       0.407331    8.66595e-09          4  1 
              4          81485             0.82986              1             no       0.380155    4.78215e-09          4  1 
              4          81570            0.650529              1             no       0.399641    5.64527e-09          4  1 
              4          81624           0.0259861              1             no       0.268366    5.05903e-09          4  1 
              4          81628            0.766648              1             no       0.373183    5.48225e-09          4  1 
              4          81638            0.491671              1             no       0.374445    6.09014e-09          4  1 
              4          81911             0.53439              1             no       0.381438    5.01953e-09          4  1 
              4          81993            0.347988              1             no       0.321764    7.78473e-09          4  1 
              4          82011           0.0891007              1             no       0.313293    4.51937e-09          4  1 
              4          82062            0.874508              1             no       0.354911     5.2129e-09          4  1 
              4          82142            0.274646              1             no       0.342719    5.16698e-09          4  1 
              4          82144            0.867554              1             no       0.398262    5.03783e-09          4  1 
              4          82197              1.0285              1             no       0.401777    5.77937e-09          4  1 
              4          82248           0.0712182              1             no       0.383206    6.16628e-09          4  1 
              4          82350            0.650451              1             no       0.363301    6.19596e-09          4  1 
              4          82373            0.559285              1             no       0.398767    4.89763e-09          4  1 
              4          82436            0.766044              1             no       0.373579    5.43706e-09          4  1 
              4          82481            0.233855              1             no       0.353519    7.75219e-09          4  1 
              4          82483             0.75459              1             no       0.369931    8.45312e-09          4  1 
              4          82601            0.490931              1             no       0.407349     4.6851e-09          4  1 
              4          82622            0.675405              1             no       0.379297    7.83256e-09          4  1 
              4          82645             0.49097              1             no       0.372243    6.52876e-09          4  1 
              4          82666            0.359559              1             no       0.315094     8.7633e-09          4  1 
              4          82693           0.0667574              1             no       0.370587    5.39351e-09          4  1 
              4          82783            0.350617              1             no       0.395911    6.95346e-09          4  1 
              4          82790            0.771849              1             no       0.360069    4.68413e-09          4  1 
              4          82830            0.751999              1             no       0.387291    6.30324e-09          4  1 
              4          82883             1.04874              1             no       0.376247    6.48101e-09          4  1 
              4          82952            0.137489              1             no       0.332389    4.92423e-09          4  1 
              4          82983            0.459782              1             no       0.365759    5.27957e-09          4  1 
              4          82990            0.317443              1             no       0.383039    4.73975e-09          4  1 
              4          83012            0.946096              1             no       0.378047    7.40513e-09          4  1 
              4          83034              1.1101              1             no       0.383122    4.96981e-09          4  1 
              4          83131           0.0463425              1             no       0.217318    5.64882e-09          4  1 
              4          83140           0.0973212              1             no       0.365092    7.89137e-09          4  1 
              4          83157             1.07624              1             no       0.364332    5.28904e-09          4  1 
              4          83223            0.214746              1             no       0.328647    5.10208e-09          4  1 
              4          83226            0.526793              1             no       0.388234    7.13111e-09          4  1 
              4          83246            0.561857              1             no        0.34348    4.83041e-09          4  1 
              4          83401            0.868235              1             no       0.377308    5.04472e-09          4  1 
              4          83415            0.593102              1             no       0.379249     5.4922e-09          4  1 
              4          83437            0.756519              1             no       0.385004    4.76699e-09          4  1 
              4          83509            0.986809              1             no       0.377236    4.65274e-09          4  1 
              4          83524            0.644217              1             no       0.377884    5.51938e-09          4  1 
              4          83598            0.522955              1             no       0.391157    5.71119e-09          4  1 
              4          83613            0.487814              1             no       0.429718    4.89916e-09          4  1 
              4          83665           0.0521085              1             no        0.35215    4.85287e-09          4  1 
              4          83703           0.0935616              1             no       0.366438    5.03456e-09          4  1 
              4          83728            0.543312              1             no       0.410347    5.13362e-09          4  1 
              4          83735              1.2052              1             no       0.375649    4.93477e-09          4  1 
              4          83755            0.527962              1             no       0.386009    5.33565e-09          4  1 
              4          83789             1.13297              1             no       0.386049    5.13335e-09          4  1 
              4          83824            0.859937              1             no       0.372885    6.63069e-09          4  1 
              4          83899            0.717052              1             no       0.369872    4.78479e-09          4  1 
              4          83922            0.609699              1             no       0.365794    9.66558e-09          4  1 
              4          83930            0.342299              1             no       0.373833    6.89282e-09          4  1 
              4          84071             1.35132              1             no       0.383682    6.53073e-09          4  1 
              4          84076            0.668489              1             no       0.404289    5.32735e-09          4  1 
              4          84117            0.099951              1             no       0.355876    6.83016e-09          4  1 
              4          84125            0.790316              1             no        0.37899    4.66787e-09          4  1 
              4          84126            0.697728              1             no       0.333268    5.71156e-09          4  1 
              4          84127            0.761038              1             no       0.395285    5.38068e-09          4  1 
              4          84180             1.25117              1             no       0.379175    7.25894e-09          4  1 
              4          84272            0.304645              1             no       0.359358    1.06137e-08          4  1 
              4          84324             1.08458              1             no       0.366812    5.74773e-09          4  1 
              4          84333             1.23901              1             no       0.400943    5.58216e-09          4  1 
              4          84443            0.639094              1             no       0.343971    6.04543e-09          4  1 
              4          84463            0.570856              1             no       0.358198    6.35473e-09          4  1 
              4          84565           0.0374792              1             no       0.201663    4.96575e-09          4  1 
              4          84662            0.828477              1             no       0.372231    4.61711e-09          4  1 
              4          84726            0.827912              1             no       0.379591    6.63245e-09          4  1 
              4          84781            0.796082              1             no       0.383512    4.66044e-09          4  1 
              4          84786            0.160475              1             no       0.380311    5.51326e-09          4  1 
              4          84791           0.0412778              1             no       0.183577    5.21498e-09          4  1 
              4          84836            0.739844              1             no       0.411717    7.27289e-09          4  1 
              4          84878           0.0202785              1             no         0.2805    5.01909e-09          4  1 
              4          84894             1.08395              1             no       0.395292     4.4297e-09          4  1 
              4          84945            0.964641              1             no       0.384653    5.61552e-09          4  1 
              4          85000           0.0317132              1             no       0.138821    5.45455e-09          4  1 
              4          85002            0.494164              1             no       0.381544    6.65499e-09          4  1 
              4          85016            0.852164              1             no       0.373177    7.88251e-09          4  1 
              4          85050            0.378668              1             no       0.364782    6.20772e-09          4  1 
              4          85067             1.11257              1             no       0.414294    5.14245e-09          4  1 
              4          85091             1.08577              1             no       0.367523    8.20699e-09          4  1 
              4          85109            0.954959              1             no       0.365074    6.14415e-09          4  1 
              4          85183            0.573954              1             no       0.368382    4.75538e-09          4  1 
              4          85195            0.631945              1             no       0.386055    5.72878e-09          4  1 
              4          85199            0.384493              1             no       0.359459    6.72853e-09          4  1 
              4          85268            0.356325              1             no       0.366226    1.01373e-08          4  1 
              4          85274           0.0928798              1             no       0.334522    7.32144e-09          4  1 
              4          85300            0.308444              1             no       0.383668    4.83576e-09          4  1 
              4          85380            0.709981              1             no       0.381568    5.16975e-09          4  1 
              4          85411            0.659528              1             no       0.386537    5.00124e-09          4  1 
              4          85414            0.732169              1             no       0.376816    5.45991e-09          4  1 
              4          85461             1.15344              1             no       0.381342    4.81112e-09          4  1 
              4          85462             1.14206              1             no       0.372979    6.82955e-09          4  1 
              4          85511            0.126112              1             no       0.327464    6.06668e-09          4  1 
              4          85565            0.403603              1             no       0.372412     5.3989e-09          4  1 
              4          85653            0.874469              1             no       0.405248     4.6453e-09          4  1 
              4          85723            0.835723              1             no       0.398932    8.27876e-09          4  1 
              4          85729            0.506924              1             no       0.418399    7.11947e-09          4  1 
              4          85848             0.98564              1             no        0.38292    7.14057e-09          4  1 
              4          85910            0.568149              1             no       0.387917    4.83996e-09          4  1 
              4          85964            0.233271              1             no       0.390063    8.49624e-09          4  1 
              4          85971          0.00633094              1             no              0    5.02398e-09          4  1 
              4          86030            0.509534              1             no       0.334901    6.14473e-09          4  1 
              4          86048           0.0661145              1             no       0.325869    4.86911e-09          4  1 
              4          86215            0.873943              1             no       0.340563    4.74685e-09          4  1 
              4          86263            0.522332              1             no       0.394048    6.05374e-09          4  1 
              4          86266            0.445659              1             no       0.391555    5.70733e-09          4  1 
              4          86304              1.0838              1             no       0.368172    5.01053e-09          4  1 
              4          86309            0.743701              1             no       0.422442    7.56891e-09          4  1 
              4          86319              1.0628              1             no       0.424128    6.64575e-09          4  1 
              4          86389             0.62501              1             no         0.3976    6.76133e-09          4  1 
              4          86399             0.49919              1             no       0.400531    7.35226e-09          4  1 
              4          86408            0.157903              1             no       0.341846    5.00265e-09          4  1 
              4          86413            0.831204              1             no       0.419569     5.4209e-09          4  1 
              4          86435            0.566376              1             no       0.374721    5.43358e-09          4  1 
              4          86457            0.764758              1             no       0.331618    6.53369e-09          4  1 
              4          86473           0.0381025              1             no       0.197853    4.93203e-09          4  1 
              4          86507             0.94222              1             no       0.376832      6.403e-09          4  1 
              4          86516            0.723364              1             no       0.362175    5.68697e-09          4  1 
              4          86551            0.577109              1             no       0.369844    5.06576e-09          4  1 
              4          86612            0.111425              1             no       0.376573    4.82532e-09          4  1 
              4          86633            0.750032              1             no       0.349973    5.53369e-09          4  1 
              4          86686            0.722643              1             no       0.387093    6.30569e-09          4  1 
              4          86720              0.6456              1             no       0.329763    5.72658e-09          4  1 
              4          86737            0.101802              1             no       0.355147     8.5936e-09          4  1 
              4          86764           0.0108113              1             no              0    6.12552e-09          4  1 
              4          86783            0.411804              1             no       0.354021    5.35251e-09          4  1 
              4          86795            0.796666              1             no       0.377583     5.9335e-09          4  1 
              4          86867             0.38833              1             no       0.329471    6.50471e-09          4  1 
              4          86869            0.854112              1             no       0.361812    5.94518e-09          4  1 
              4          86872             0.85532              1             no       0.423226    5.03514e-09          4  1 
              4          86875             1.14584              1             no       0.366717    7.89124e-09          4  1 
              4          86914            0.609602              1             no       0.380328    6.15329e-09          4  1 
              4          86915            0.842639              1             no       0.353145    5.61402e-09          4  1 
              4          87088            0.675346              1             no       0.412241    4.52235e-09          4  1 
              4          87111            0.219869              1             no       0.381944    5.19073e-09          4  1 
              4          87162            0.385175              1             no       0.355586    6.27439e-09          4  1 
              4          87218            0.937759              1             no       0.377275    4.91914e-09          4  1 
              4          87267            0.292412              1             no       0.356539    7.08145e-09          4  1 
              4          87335            0.253588              1             no       0.346059     4.9091e-09          4  1 
              4          87374            0.391506              1             no       0.388795    5.36317e-09          4  1 
              4          87382            0.639133              1             no        0.40192    5.25972e-09          4  1 
              4          87390             1.04688              1             no       0.422668    5.73175e-09          4  1 
              4          87478           0.0437906              1             no       0.216192    4.95356e-09          4  1 
              4          87481            0.741188              1             no       0.382586     6.5506e-09          4  1 
              4          87512             1.05327              1             no       0.377141    5.05417e-09          4  1 
              4          87563            0.643029              1             no       0.381642    4.65143e-09          4  1 
              4          87608            0.685729              1             no       0.351258    5.54183e-09          4  1 
              4          87664            0.755837              1             no        0.36932    5.26239e-09          4  1 
              4          87705            0.372922              1             no       0.408065      4.768e-09          4  1 
              4          87710             0.73287              1             no       0.417495    6.97706e-09          4  1 
              4          87717            0.545883              1             no       0.379296    5.45477e-09          4  1 
              4          87788            0.593141              1             no       0.392065    5.34345e-09          4  1 
              4          87796             0.94033              1             no       0.369448    5.73996e-09          4  1 
              4          87839             1.23333              1             no       0.380538    5.62173e-09          4  1 
              4          87888            0.628848              1             no          0.383    5.04755e-09          4  1 
              4          87896            0.740526              1             no       0.403709    5.60681e-09          4  1 
              4          87956            0.351241              1             no       0.380567    8.90783e-09          4  1 
              4          87989            0.674723              1             no       0.366342    7.16219e-09          4  1 
              4          87996            0.656899              1             no         0.3482    4.53154e-09          4  1 
              4          88079            0.318047              1             no       0.372206    1.17588e-08          4  1 
              4          88082            0.052128              1             no       0.304185    4.48209e-09          4  1 
              4          88110            0.457873              1             no        0.42442    4.66114e-09          4  1 
              4          88120            0.656236              1             no       0.372803    6.24811e-09          4  1 
              4          88122           0.0151748              1             no      0.0821566    8.64513e-09          4  1 
              4          88154            0.809484              1             no       0.386596    8.74055e-09          4  1 
              4          88348            0.916078              1             no       0.340953    6.79892e-09          4  1 
              4          88392            0.457854              1             no       0.382573    7.26771e-09          4  1 
              4          88418            0.474451              1             no       0.377238    6.01567e-09          4  1 
              4          88548           0.0336611              1             no       0.168403    5.92803e-09          4  1 
              4          88592            0.386343              1             no       0.347602    7.54454e-09          4  1 
              4          88641            0.662022              1             no       0.360895     5.2162e-09          4  1 
              4          88674            0.739902              1             no       0.348893    5.47514e-09          4  1 
              4          88676            0.686391              1             no        0.35197    5.30384e-09          4  1 
              4          88786          0.00757765              1             no              0    8.75942e-09          4  1 
              4          88806           0.0762246              1             no        0.33197    8.26091e-09          4  1 
              4          88810            0.432959              1             no       0.404661    9.12177e-09          4  1 
              4          88842            0.361448              1             no        0.39806     4.8955e-09          4  1 
              4          88871            0.904429              1             no        0.35508    5.14647e-09          4  1 
              4          88919            0.805043              1             no        0.38885    6.41405e-09          4  1 
              4          88932             0.62501              1             no       0.419074    4.88171e-09          4  1 
              4          89082             1.14518              1             no       0.373597    5.34299e-09          4  1 
              4          89125            0.058459              1             no        0.25958    6.87715e-09          4  1 
              4          89133            0.123541              1             no       0.370546    6.03011e-09          4  1 
              4          89147            0.655613              1             no       0.335156    4.74141e-09          4  1 
              4          89177            0.536241              1             no       0.343251    4.53155e-09          4  1 
              4          89191            0.490989              1             no        0.34632    7.60305e-09          4  1 
              4          89216           0.0380636              1             no       0.281474    1.22643e-08          4  1 
              4          89232            0.411842              1             no       0.360089    6.21656e-09          4  1 
              4          89247            0.767934              1             no       0.356806    9.50194e-09          4  1 
              4          89292             1.17323              1             no        0.39128    4.79949e-09          4  1 
              4          89298            0.064186              1             no       0.335053    5.07917e-09          4  1 
              4          89305            0.780712              1             no       0.376241    4.76346e-09          4  1 
              4          89307            0.103029              1             no        0.33201    6.15951e-09          4  1 
              4          89310           0.0597836              1             no       0.189964    5.64955e-09          4  1 
              4          89330           0.0585369              1             no       0.215973    5.20709e-09          4  1 
              4          89348            0.448815              1             no       0.378776    6.74895e-09          4  1 
              4          89394            0.447549              1             no       0.369837    9.16133e-09          4  1 
              4          89398            0.185954              1             no       0.327886    5.39938e-09          4  1 
              4          89411            0.205181              1             no       0.343967    6.81766e-09          4  1 
              4          89469           0.0438686              1             no        0.30373     8.7165e-09          4  1 
              4          89535            0.305892              1             no       0.432784    7.89935e-09          4  1 
              4          89551           0.0661535              1             no       0.306832    4.71093e-09          4  1 
              4          89593             1.17582              1             no       0.380196    5.68993e-09          4  1 
              4          89645            0.158605              1             no       0.316507    6.97109e-09          4  1 
              4          89675           0.0451737              1             no       0.252695    5.18516e-09          4  1 
              4          89766             1.21979              1             no       0.410872    7.16206e-09          4  1 
              4          89777            0.365967              1             no       0.367169    5.19433e-09          4  1 
              4          89779            0.680586              1             no       0.425239    5.60726e-09          4  1 
              4          89833             1.03216              1             no       0.358812    6.22063e-09          4  1 
              4          89858            0.111405              1             no       0.376639    5.16275e-09          4  1 
              4          89934             0.13819              1             no       0.298421    7.83565e-09          4  1 
              4          89963            0.506339              1             no       0.392567    4.83176e-09          4  1 
              4          90038            0.103789              1             no       0.232357    8.24253e-09          4  1 
              4          90111            0.080101              1             no       0.348006    5.96124e-09          4  1 
              4          90132            0.519702              1             no       0.359121    5.84388e-09          4  1 
              4          90259             0.96207              1             no       0.358427    7.73245e-09          4  1 
              4          90336             1.15093              1             no       0.403314    4.55088e-09          4  1 
              4          90366             0.82349              1             no       0.396319    4.89874e-09          4  1 
              4          90390            0.416927              1             no       0.398636    5.70433e-09          4  1 
              4          90426            0.291905              1             no       0.361762    5.41409e-09          4  1 
              4          90427            0.563045              1             no       0.340403    5.25455e-09          4  1 
              4          90456            0.460425              1             no        0.43036    6.52477e-09          4  1 
              4          90463             1.13244              1             no       0.394158    5.47849e-09          4  1 
              4          90477            0.453335              1             no       0.353902    4.54748e-09          4  1 
              4          90508            0.253023              1             no       0.369851    5.18451e-09          4  1 
              4          90530             1.00214              1             no       0.428749    4.96245e-09          4  1 
              4          90621            0.285496              1             no       0.387759    6.24156e-09          4  1 
              4          90665            0.161702              1             no       0.357427    4.89399e-09          4  1 
              4          90677           0.0196746              1             no       0.224752     4.7126e-09          4  1 
              4          90783            0.554805              1             no       0.376672    4.83842e-09          4  1 
              4          90820              0.3378              1             no       0.348365    7.82223e-09          4  1 
              4          90839             1.21663              1             no       0.371013    4.99209e-09          4  1 
              4          90855            0.288107              1             no       0.430832    6.06051e-09          4  1 
              4          90912            0.440497              1             no       0.393181    7.16747e-09          4  1 
              4          90981            0.268977              1             no       0.373914    4.70532e-09          4  1 
              4          91010            0.380655              1             no       0.361343    4.76758e-09          4  1 
              4          91026           0.0890618              1             no       0.327428    6.90748e-09          4  1 
              4          91212             0.51269              1             no       0.382689    5.47624e-09          4  1 
              4          91273            0.993939              1             no       0.398381    5.01722e-09          4  1 
              4          91281            0.625556              1             no       0.400243     5.5184e-09          4  1 
              4          91311           0.0133242              1             no              0    5.49476e-09          4  1 
              4          91360             1.02072              1             no       0.369759    5.10605e-09          4  1 
              4          91385            0.423959              1             no        0.33027     7.0462e-09          4  1 
              4          91414            0.274588              1             no       0.365778    5.80251e-09          4  1 
              4          91513            0.845814              1             no       0.394173    4.53104e-09          4  1 
              4          91530            0.357708              1             no       0.375647    1.08775e-08          4  1 
              4          91563            0.599492              1             no       0.372998    5.30141e-09          4  1 
              4          91573             0.52354              1             no       0.394292    5.67759e-09          4  1 
              4          91579            0.723948              1             no       0.406657    4.88517e-09          4  1 
              4          91591            0.190532              1             no       0.377262    5.65351e-09          4  1 
              4          91668            0.308541              1             no       0.408549    5.45942e-09          4  1 
              4          91673            0.647431              1             no         0.3869    7.17245e-09          4  1 
              4          91696           0.0127008              1             no              0    5.75514e-09          4  1 
              4          91787             1.18476              1             no       0.364896    5.28051e-09          4  1 
              4          91796             0.73287              1             no       0.354792    7.47908e-09          4  1 
              4          91891           0.0674781              1             no       0.234988    6.74249e-09          4  1 
              4          91926            0.643458              1             no       0.354323    5.88548e-09          4  1 
              4          91943            0.980537              1             no       0.377066    4.87808e-09          4  1 
              4          92088            0.622439              1             no       0.381811    6.98357e-09          4  1 
              4          92122            0.332034              1             no       0.446641     4.5439e-09          4  1 
              4          92139            0.013967              1             no              0    5.50269e-09          4  1 
              4          92261            0.478249              1             no       0.347481     7.1257e-09          4  1 
              4          92273            0.400992              1             no       0.376245    6.14811e-09          4  1 
              4          92296            0.852301              1             no       0.363472    7.78607e-09          4  1 
              4          92297            0.694514              1             no       0.385353    6.97302e-09          4  1 
              4          92311           0.0667379              1             no       0.284588    5.35476e-09          4  1 
              4          92323            0.644841              1             no       0.336888    5.03952e-09          4  1 
              4          92354            0.194915              1             no       0.411153    9.23587e-09          4  1 
              4          92396            0.706163              1             no       0.384569    4.57322e-09          4  1 
              4          92415            0.415602              1             no       0.362972    1.05203e-08          4  1 
              4          92431            0.445776              1             no       0.383019    6.56927e-09          4  1 
              4          92526             1.03672              1             no       0.357253    4.82105e-09          4  1 
              4          92541            0.506982              1             no         0.3694    5.20343e-09          4  1 
              4          92550            0.809309              1             no        0.38112     5.2762e-09          4  1 
              4          92570            0.498041              1             no       0.369539      4.877e-09          4  1 
              4          92585            0.558623              1             no       0.390104    7.17205e-09          4  1 
              4          92613             1.23899              1             no       0.399346     4.7951e-09          4  1 
              4          92619            0.649282              1             no       0.330623    5.32083e-09          4  1 
              4          92667            0.337235              1             no       0.373729    5.60294e-09          4  1 
              4          92704             1.27922              1             no       0.411275    6.80719e-09          4  1 
              4          92720            0.430348              1             no       0.398017    5.21646e-09          4  1 
              4          92735            0.763025              1             no       0.375134    6.14295e-09          4  1 
              4          92754            0.208298              1             no       0.372487     4.8009e-09          4  1 
              4          92823            0.744324              1             no       0.371604    5.92923e-09          4  1 
              4          92923            0.424621              1             no       0.362923    6.38305e-09          4  1 
              4          92940            0.794056              1             no       0.383608    5.08897e-09          4  1 
              4          92991            0.274646              1             no       0.414781    5.15161e-09          4  1 
              4          92997           0.0120385              1             no              0    6.64031e-09          4  1 
              4          93027              1.2147              1             no       0.375788    4.84179e-09          4  1 
              4          93144            0.725838              1             no       0.413542    2.06006e-08          4  1 
              4          93153            0.107587              1             no       0.407387    5.47105e-09          4  1 
              4          93161            0.881579              1             no       0.351401    4.67464e-09          4  1 
              4          93164            0.148417              1             no        0.36829    6.22307e-09          4  1 
              4          93182            0.660132              1             no       0.380253    4.62797e-09          4  1 
              4          93271            0.527338              1             no       0.368365    6.97213e-09          4  1 
              4          93348            0.613595              1             no       0.370742    6.68549e-09          4  1 
              4          93369            0.371052              1             no        0.38088    5.73847e-09          4  1 
              4          93417            0.154144              1             no       0.304941    5.74053e-09          4  1 
              4          93458            0.805705              1             no       0.382969    5.26951e-09          4  1 
              4          93473            0.895624              1             no       0.357983    5.27918e-09          4  1 
              4          93490            0.558642              1             no        0.35923    7.13656e-09          4  1 
              4          93535            0.617939              1             no       0.400132    5.12796e-09          4  1 
              4          93543            0.208376              1             no       0.366458    7.28744e-09          4  1 
              4          93582             1.23138              1             no       0.374369    7.49299e-09          4  1 
              4          93603            0.154163              1             no        0.29252    6.28495e-09          4  1 
              4          93657             1.02273              1             no       0.389718    5.59604e-09          4  1 
              4          93742            0.951064              1             no       0.366528    8.40467e-09          4  1 
              4          93749            0.998419              1             no       0.377395    5.78168e-09          4  1 
              4          93766            0.521631              1             no       0.363881    4.40673e-09          4  1 
              4          93848            0.159812              1             no       0.325817    5.52473e-09          4  1 
              4          93865            0.809465              1             no       0.332242    4.99099e-09          4  1 
              4          93892            0.304002              1             no       0.404011    5.03289e-09          4  1 
              4          94018             0.19248              1             no       0.353608    7.04178e-09          4  1 
              4          94035            0.261341              1             no       0.355471    5.97285e-09          4  1 
              4          94091             1.03358              1             no       0.377636    7.16495e-09          4  1 
              4          94157            0.161722              1             no       0.400867    6.27528e-09          4  1 
              4          94172            0.520988              1             no        0.36074    5.70479e-09          4  1 
              4          94183             1.03861              1             no       0.380554    4.62376e-09          4  1 
              4          94265            0.401031              1             no       0.403458     7.6106e-09          4  1 
              4          94318            0.719487              1             no       0.405767    4.58103e-09          4  1 
              4          94401            0.971615              1             no        0.39765    4.66649e-09          4  1 
              4          94413            0.309184              1             no       0.370653    5.24102e-09          4  1 
              4          94422            0.545864              1             no       0.396867    4.41429e-09          4  1 
              4          94440             1.09728              1             no       0.413712     6.4247e-09          4  1 
              4          94470             1.02191              1             no       0.402268    5.12706e-09          4  1 
              4          94483             1.20905              1             no       0.393462     4.7863e-09          4  1 
              4          94542            0.115847              1             no       0.378174    4.66282e-09          4  1 
              4          94557            0.297106              1             no       0.377065    8.28647e-09          4  1 
              4          94560           0.0292392              1             no       0.129913    5.04609e-09          4  1 
              4          94590            0.508891              1             no       0.430715    4.72462e-09          4  1 
              4          94624            0.828048              1             no       0.358709    5.42748e-09          4  1 
              4          94706             1.06021              1             no       0.396888    5.94491e-09          4  1 
              4          94743             1.18546              1             no       0.353917    6.85468e-09          4  1 
              4          94758             1.04184              1             no       0.376381    5.08746e-09          4  1 
              4          94771            0.540098              1             no       0.389238    4.94023e-09          4  1 
              4          94782            0.126054              1             no       0.352341    9.55784e-09          4  1 
              4          94844            0.665898              1             no       0.367453    7.38502e-09          4  1 
              4          94862            0.580343              1             no       0.371039    4.85238e-09          4  1 
              4          94905            0.112009              1             no       0.334087    9.67913e-09          4  1 
              4          94972            0.612835              1             no       0.367991    5.31406e-09          4  1 
              4          95052            0.571421              1             no       0.370185    6.23421e-09          4  1 
              4          95111            0.403603              1             no       0.381872    7.39151e-09          4  1 
              4          95195            0.866852              1             no       0.418427    5.60694e-09          4  1 
              4          95223           0.0368364              1             no       0.223162    5.84191e-09          4  1 
              4          95295             0.56061              1             no       0.362487    8.47478e-09          4  1 
              4          95303             0.19809              1             no       0.394827    4.79442e-09          4  1 
              4          95308              1.2499              1             no       0.393944    5.06133e-09          4  1 
              4          95331            0.425264              1             no       0.347258    5.34315e-09          4  1 
              4          95360            0.738597              1             no       0.373563    7.57669e-09          4  1 
              4          95386            0.457172              1             no       0.373386    4.84568e-09          4  1 
              4          95468            0.691495              1             no       0.417657    5.33591e-09          4  1 
              4          95478            0.755233              1             no       0.364586    5.04076e-09          4  1 
              4          95531            0.792985              1             no       0.399651    5.29451e-09          4  1 
              4          95533            0.727708              1             no       0.372996    4.81035e-09          4  1 
              4          95587            0.116548              1             no       0.316396    9.09985e-09          4  1 
              4          95591            0.637808              1             no       0.360546    6.83711e-09          4  1 
              4          95617            0.537643              1             no       0.386377    5.06153e-09          4  1 
              4          95643            0.334722              1             no       0.348077    5.55758e-09          4  1 
              4          95699            0.798478              1             no       0.404611    4.94931e-09          4  1 
              4          95713            0.106944              1             no       0.332787       5.38e-09          4  1 
              4          95750            0.613517              1             no       0.382092    6.37625e-09          4  1 
              4          95785            0.625731              1             no       0.396146    5.16846e-09          4  1 
              4          95794             1.15724              1             no        0.36191    5.58834e-09          4  1 
              4          95819            0.704157              1             no       0.361071    4.65972e-09          4  1 
              4          95830           0.0692897              1             no        0.36632    5.22543e-09          4  1 
              4          95892            0.580947              1             no       0.370654    4.92716e-09          4  1 
              4          95925            0.633815              1             no       0.401051    5.77246e-09          4  1 
              4          95976            0.261945              1             no        0.37659    7.90258e-09          4  1 
              4          96054            0.226258              1             no       0.430392    5.18616e-09          4  1 
              4          96093            0.686255              1             no       0.364898    5.86293e-09          4  1 
              4          96161            0.836308              1             no       0.420036    4.36479e-09          4  1 
              4          96175           0.0661145              1             no         0.2198    5.57575e-09          4  1 
              4          96207            0.636523              1             no       0.372322    7.59592e-09          4  1 
              4          96271            0.279146              1             no       0.371528    4.71533e-09          4  1 
              4          96276            0.495391              1             no       0.381778    6.33548e-09          4  1 
              4          96329            0.789069              1             no       0.386106    7.33559e-09          4  1 
              4          96361            0.935168              1             no       0.401504    5.19775e-09          4  1 
              4          96418            0.143274              1             no       0.274507    5.62693e-09          4  1 
              4          96430            0.705968              1             no       0.410695    6.08218e-09          4  1 
              4          96437            0.204616              1             no       0.323496    6.51141e-09          4  1 
              4          96441            0.498645              1             no       0.378076    4.85548e-09          4  1 
              4          96465            0.797933              1             no       0.370612    6.32777e-09          4  1 
              4          96475            0.672249              1             no       0.361055    7.64364e-09          4  1 
              4          96598            0.252322              1             no         0.3681    5.67457e-09          4  1 
              4          96695           0.0336806              1             no      0.0931174    4.72028e-09          4  1 
              4          96706            0.143897              1             no       0.330851    5.16159e-09          4  1 
              4          96748            0.446984              1             no        0.39192    1.16735e-08          4  1 
              4          96758             1.07484              1             no       0.386683      6.952e-09          4  1 
              4          96800            0.291886              1             no       0.344434    6.51225e-09          4  1 
              4          96810             1.03806              1             no       0.398675    4.43967e-09          4  1 
              4          96814            0.613478              1             no       0.424761    5.71831e-09          4  1 
              4          96827            0.967816              1             no       0.407826    6.58936e-09          4  1 
              4          96866            0.903241              1             no       0.379637    4.95306e-09          4  1 
              4          97005            0.439971              1             no       0.400956    6.31166e-09          4  1 
              4          97021           0.0495372              1             no       0.331891    5.42831e-09          4  1 
              4          97025             0.28236              1             no       0.342532    9.61717e-09          4  1 
              4          97026            0.472386              1             no       0.358433    4.80837e-09          4  1 
              4          97066            0.264497              1             no       0.358447    4.86698e-09          4  1 
              4          97105           0.0260445              1             no      0.0964847    4.82626e-09          4  1 
              4          97227              1.2658              1             no       0.412588    5.55308e-09          4  1 
              4          97231            0.510761              1             no       0.335278    5.20117e-09          4  1 
              4          97246             1.15605              1             no       0.417534    4.82689e-09          4  1 
              4          97309            0.676768              1             no       0.387945    4.98846e-09          4  1 
              4          97312          0.00761661              1             no              0    7.05855e-09          4  1 
              4          97369            0.411239              1             no       0.348302     9.0502e-09          4  1 
              4          97388            0.118359              1             no       0.477781    5.66204e-09          4  1 
              4          97486             1.07425              1             no       0.373873    5.57491e-09          4  1 
              4          97546             1.04231              1             no         0.3761     5.3101e-09          4  1 
              4          97601             1.04447              1             no        0.36083     5.1582e-09          4  1 
              4          97618            0.156676              1             no       0.279498    6.12939e-09          4  1 
              4          97623          0.00820101              1             no      0.0760095    5.32821e-09          4  1 
              4          97640             1.00607              1             no       0.393576    5.09804e-09          4  1 
              4          97695           0.0438296              1             no       0.172444     7.5838e-09          4  1 
              4          97716           0.0367974              1             no       0.274749    4.99759e-09          4  1 
              4          97733            0.365929              1             no       0.415864    6.64338e-09          4  1 
              4          97767           0.0330183              1             no       0.307375    6.00162e-09          4  1 
              4          97769            0.762304              1             no       0.356196    8.55153e-09          4  1 
              4          97815             0.54898              1             no       0.397914     6.9079e-09          4  1 
              4          97855             0.64412              1             no       0.379846    6.09352e-09          4  1 
              4          97867            0.152819              1             no        0.34914    7.61991e-09          4  1 
              4          97905            0.814646              1             no       0.382616    4.64552e-09          4  1 
              4          97907            0.890501              1             no       0.371484    4.79046e-09          4  1 
              4          97953             1.04688              1             no       0.398292    4.71958e-09          4  1 
              4          97967            0.175728              1             no       0.397628    5.21523e-09          4  1 
              4          98103            0.513313              1             no       0.454366    5.03195e-09          4  1 
              4          98108            0.919272              1             no       0.410566    5.91517e-09          4  1 
              4          98141            0.573934              1             no       0.351831    5.01341e-09          4  1 
              4          98181             0.28871              1             no       0.390122    6.03494e-09          4  1 
              4          98238           0.0291613              1             no       0.259185    5.85497e-09          4  1 
              4          98259             1.25105              1             no       0.367485     7.6455e-09          4  1 
              4          98287            0.223667              1             no       0.412559    5.09636e-09          4  1 
              4          98298            0.372318              1             no       0.336839     6.7563e-09          4  1 
              4          98397             1.23128              1             no       0.371757    6.91471e-09          4  1 
              4          98414           0.0139476              1             no      0.0907821    5.66384e-09          4  1 
              4          98449            0.515222              1             no       0.377027    5.06489e-09          4  1 
              4          98479           0.0151943              1             no       0.166667    6.73286e-09          4  1 
              4          98536            0.721377              1             no       0.395793    5.87792e-09          4  1 
              4          98554            0.300749              1             no       0.384934    5.04776e-09          4  1 
              4          98558            0.788329              1             no       0.361338    5.29857e-09          4  1 
              4          98571            0.395246              1             no       0.368852    4.80095e-09          4  1 
              4          98723            0.279165              1             no       0.403531    5.58521e-09          4  1 
              4          98821            0.289412              1             no        0.31433    5.30354e-09          4  1 
              4          98849             1.17839              1             no       0.412891     5.1164e-09          4  1 
              4          98886           0.0215642              1             no      0.0587173    4.87482e-09          4  1 
              4          98897            0.344988              1             no       0.393337    6.06654e-09          4  1 
              4          98994            0.658847              1             no       0.375259     6.7863e-09          4  1 
              4          99006            0.425887              1             no       0.333303    5.16285e-09          4  1 
              4          99081            0.482574              1             no       0.385258    5.30341e-09          4  1 
              4          99119            0.189169              1             no       0.403357    8.53545e-09          4  1 
              4          99131            0.371695              1             no       0.364866    5.17573e-09          4  1 
              4          99145            0.819653              1             no       0.366257    5.44074e-09          4  1 
              4          99192           0.0711793              1             no       0.355774    5.91888e-09          4  1 
              4          99202            0.109418              1             no       0.283425    7.62127e-09          4  1 
              4          99203             1.07632              1             no       0.363148    4.91233e-09          4  1 
              4          99212            0.129833              1             no       0.312678    5.58506e-09          4  1 
              4          99355            0.328274              1             no       0.374258    5.08269e-09          4  1 
              4          99379            0.175786              1             no       0.321698     4.4615e-09          4  1 
              4          99417            0.647977              1             no       0.387446    5.97658e-09          4  1 
              4          99473            0.646769              1             no       0.373351    6.90159e-09          4  1 
              4          99492           0.0304859              1             no       0.123962    8.81314e-09          4  1 
              4          99546             0.69578              1             no       0.382748    7.23027e-09          4  1 
              4          99572            0.531293              1             no       0.392205    6.04398e-09          4  1 
              4          99661            0.678619              1             no       0.323851    6.35227e-09          4  1 
              4          99662            0.394038              1             no       0.387977    5.13919e-09          4  1 
              4          99739             1.22236              1             no       0.375586     5.2301e-09          4  1 
              4          99745            0.170078              1             no       0.355171    5.07815e-09          4  1 
              4          99818             1.01934              1             no       0.401468    7.45143e-09          4  1 
              4          99969           0.0794777              1             no       0.471078    5.59874e-09          4  1 
              4          99976             1.09029              1             no       0.356691    5.83637e-09          4  1 