 source_e (MeV)            NPS   det_pulse (MeVee)       det_cell     corr_count            PSD       time (s)  cells_history


           14.1             72             1.01017              1             no       0.360189    3.61142e-09          4  1 
           14.1            140             1.19476              1             no       0.407691    2.61847e-09          4  1 
           14.1            152             4.44583              1             no       0.457029    4.85946e-09          4  1 
           14.1            209             3.18942              1             no       0.385958    2.73098e-09          4  1 
           14.1            218            0.251014              1             no       0.364807    3.83759e-09          4  1 
           14.1            382              5.7322              1             no       0.521858    3.45044e-09          4  1 
           14.1            421             5.56088              1             no       0.512748    3.13743e-09          4  1 
           14.1            495             1.87683              1             no       0.357784    2.99033e-09          4  1 
           14.1            546             5.40243              1             no       0.506846    2.45361e-09          4  1 
           14.1            547              1.1175              1             no       0.359945    2.71597e-09          4  1 
           14.1            779             4.28703              1             no       0.453425    2.86778e-09          4  1 
           14.1            894             4.03306              1             no        0.44384    2.42169e-09          4  1 
           14.1           1016             4.94237              1             no       0.478113    2.56894e-09          4  1 
           14.1           1041             1.58899              1             no       0.387224    4.25677e-09          4  1 
           14.1           1114             3.27127              1             no       0.387273    4.63526e-09          4  1 
           14.1           1134             5.87075              1             no       0.529128    3.23723e-09          4  1 
           14.1           1260             5.27159              1             no       0.501142    3.55121e-09          4  1 
           14.1           1345             3.20028              1             no        0.37967     3.9961e-09          4  1 
           14.1           1360             4.27354              1             no       0.453463    2.72244e-09          4  1 
           14.1           1389             4.44344              1             no       0.458292    4.13826e-09          4  1 
           14.1           1557             3.30356              1             no       0.390414    3.39795e-09          4  1 
           14.1           1626             3.82804              1             no       0.427582    3.44441e-09          4  1 
           14.1           1681              1.0722              1             no       0.406612    4.03154e-09          4  1 
           14.1           1741             5.03756              1             no       0.504452     2.7683e-09          4  1 
           14.1           1787             3.43827              1             no       0.388848    3.60947e-09          4  1 
           14.1           1932             3.05667              1             no       0.380808    2.65922e-09          4  1 
           14.1           2057            0.165538              1             no       0.395294    4.12006e-09          4  1 
           14.1           2142             4.07884              1             no       0.423646    3.10605e-09          4  1 
           14.1           2151           0.0412288              1             no       0.244214    4.09269e-09          4  1 
           14.1           2460              1.6037              1             no       0.377286    3.00599e-09          4  1 
           14.1           2499              4.5947              1             no       0.476253    3.48214e-09          4  1 
           14.1           2571            0.369618              1             no       0.357922    3.33668e-09          4  1 
           14.1           2754             4.78211              1             no       0.467041     3.5241e-09          4  1 
           14.1           2823             4.99834              1             no       0.482317    3.09038e-09          4  1 
           14.1           2890             0.17066              1             no        0.38731    3.41819e-09          4  1 
           14.1           2909             4.36361              1             no       0.451024    2.97694e-09          4  1 
           14.1           2921             5.78533              1             no       0.564853    2.89434e-09          4  1 
           14.1           3035             5.40397              1             no       0.506381     2.6805e-09          4  1 
           14.1           3446             2.57357              1             no       0.400509    2.68228e-09          4  1 
           14.1           3481             5.18115              1             no       0.489968    3.02175e-09          4  1 
           14.1           3533             4.94289              1             no       0.477416    2.68274e-09          4  1 
           14.1           3584             5.80957              1             no       0.519879     2.7704e-09          4  1 
           14.1           3720            0.834858              1             no       0.361832    3.03308e-09          4  1 
           14.1           3724             4.53756              1             no       0.469242    3.70172e-09          4  1 
           14.1           3801            0.544523              1             no       0.376681    2.77835e-09          4  1 
           14.1           3872             5.40934              1             no       0.503836    2.84723e-09          4  1 
           14.1           3958             5.71325              1             no       0.561371      2.738e-09          4  1 
           14.1           3983             3.99473              1             no       0.411993    3.81029e-09          4  1 
           14.1           4012             2.63292              1             no       0.378353    4.93502e-09          4  1 
           14.1           4069           0.0736937              1             no       0.386628    3.02956e-09          4  1 
           14.1           4226             4.31363              1             no       0.454882    4.73647e-09          4  1 
           14.1           4263             4.79442              1             no       0.472931    3.24224e-09          4  1 
           14.1           4363             4.43518              1             no       0.462628    3.25408e-09          4  1 
           14.1           4395             1.87872              1             no       0.365862    4.66624e-09          4  1 
           14.1           4445           0.0705582              1             no       0.323213    3.12039e-09          4  1 
           14.1           4450             1.66565              1             no       0.384358     2.9813e-09          4  1 
           14.1           4456            0.152763              1             no       0.420066    2.84263e-09          4  1 
           14.1           4462             1.93111              1             no       0.357621    4.46293e-09          4  1 
           14.1           4710             1.64459              1             no        0.39199    3.00972e-09          4  1 
           14.1           4998             3.96676              1             no       0.444021     2.5305e-09          4  1 
           14.1           5014             5.23835              1             no       0.492622    2.76366e-09          4  1 
           14.1           5037             3.46259              1             no       0.418935    2.42528e-09          4  1 
           14.1           5159             4.23725              1             no       0.451375    2.89465e-09          4  1 
           14.1           5203            0.262563              1             no       0.283415    3.59974e-09          4  1 
           14.1           5207             4.23782              1             no       0.446012    2.71829e-09          4  1 
           14.1           5277             1.76955              1             no       0.366479    3.39742e-09          4  1 
           14.1           5330           0.0814253              1             no       0.327194    8.16564e-09          4  1 
           14.1           5378             1.93226              1             no       0.396021    2.52688e-09          4  1 
           14.1           5541            0.117766              1             no       0.263933    4.35161e-09          4  1 
           14.1           5587           0.0266614              1             no       0.141709    3.63007e-09          4  1 
           14.1           5588            0.240206              1             no       0.317821    4.90888e-09          4  1 
           14.1           5707             5.17457              1             no       0.487727    2.42425e-09          4  1 
           14.1           5868             4.48352              1             no       0.460007    2.71071e-09          4  1 
           14.1           5892             4.80448              1             no       0.468462    3.12229e-09          4  1 
           14.1           5945             3.75612              1             no       0.416264    3.19254e-09          4  1 
           14.1           5997             4.91943              1             no       0.479733    2.82673e-09          4  1 
           14.1           6372             1.41222              1             no       0.364316    2.98807e-09          4  1 
           14.1           6383             4.35829              1             no       0.457107    3.27108e-09          4  1 
           14.1           6523            0.742176              1             no       0.381039    2.61598e-09          4  1 
           14.1           6538             5.55951              1             no       0.510467    4.20427e-09          4  1 
           14.1           6552             3.76177              1             no       0.419688    3.65759e-09          4  1 
           14.1           6700            0.656057              1             no       0.396117     3.1268e-09          4  1 
           14.1           6747            0.777348              1             no       0.404159    4.17085e-09          4  1 
           14.1           6771           0.0298553              1             no       0.233529     3.7782e-09          4  1 
           14.1           6830            0.740482              1             no       0.385593    3.60305e-09          4  1 
           14.1           6875             3.02882              1             no       0.381378    2.83451e-09          4  1 
           14.1           6902             5.19584              1             no       0.499408    3.63515e-09          4  1 
           14.1           6903             1.86509              1             no        0.37122    3.43753e-09          4  1 
           14.1           6905              3.4313              1             no       0.397828    2.43481e-09          4  1 
           14.1           6946             1.31903              1             no       0.363404    2.97593e-09          4  1 
           14.1           6960             1.40084              1             no       0.372765     2.9144e-09          4  1 
           14.1           7084             2.73944              1             no       0.380175    4.58082e-09          4  1 
           14.1           7118             4.36931              1             no       0.447208    2.47509e-09          4  1 
           14.1           7120           0.0540044              1             no       0.280923    5.46836e-09          4  1 
           14.1           7247             5.22892              1             no       0.498408    2.86378e-09          4  1 
           14.1           7325               4.199              1             no       0.448047    4.48308e-09          4  1 
           14.1           7328             4.19184              1             no        0.44453    3.94176e-09          4  1 
           14.1           7390             4.54788              1             no       0.460773    4.22296e-09          4  1 
           14.1           7421             2.22341              1             no       0.396682     4.8732e-09          4  1 
           14.1           7571             3.72609              1             no       0.405894    3.15271e-09          4  1 
           14.1           7965             5.16306              1             no       0.491281    2.77854e-09          4  1 
           14.1           7977             1.44474              1             no       0.344994    2.93018e-09          4  1 
           14.1           8040            0.842492              1             no       0.371405    3.00273e-09          4  1 
           14.1           8053           0.0253176              1             no       0.199231    2.63686e-09          4  1 
           14.1           8180             1.21256              1             no        0.38277    4.66934e-09          4  1 
           14.1           8282            0.145791              1             no       0.344243    2.78613e-09          4  1 
           14.1           8350             5.66016              1             no       0.554893    3.62827e-09          4  1 
           14.1           8394            0.138078              1             no       0.395487    4.17252e-09          4  1 
           14.1           8646             5.47967              1             no       0.507869    4.29974e-09          4  1 
           14.1           8679             4.49372              1             no       0.460952    2.54737e-09          4  1 
           14.1           8754             5.17338              1             no        0.49216    4.76288e-09          4  1 
           14.1           8809             1.02055              1             no       0.364712    3.95303e-09          4  1 
           14.1           8823            0.649027              1             no       0.373852    3.54187e-09          4  1 
           14.1           8910             3.42623              1             no       0.410342    3.33997e-09          4  1 
           14.1           8934             2.90816              1             no       0.376121    3.19198e-09          4  1 
           14.1           9018           0.0203125              1             no        0.12464     3.5385e-09          4  1 
           14.1           9056             5.04492              1             no       0.493428     2.5475e-09          4  1 
           14.1           9117           0.0534202              1             no       0.284725    2.68538e-09          4  1 
           14.1           9135            0.711055              1             no       0.397058     4.1343e-09          4  1 
           14.1           9430             5.18923              1             no       0.498523    2.58607e-09          4  1 
           14.1           9498             4.47629              1             no        0.46527    2.93775e-09          4  1 
           14.1           9776             1.04846              1             no       0.396909    3.22561e-09          4  1 
           14.1           9856             2.60433              1             no       0.372957     2.9454e-09          4  1 
           14.1           9857             3.56649              1             no       0.391141    3.23038e-09          4  1 
           14.1           9899             5.61876              1             no       0.516637    2.85354e-09          4  1 
           14.1           9921             5.67237              1             no       0.514576     2.5283e-09          4  1 
           14.1           9964              4.3177              1             no       0.459374    3.12558e-09          4  1 
           14.1          10189              5.4407              1             no       0.506921    3.29706e-09          4  1 
           14.1          10345             5.82683              1             no       0.524265    2.87347e-09          4  1 
           14.1          10403            0.153483              1             no       0.323182    4.18224e-09          4  1 
           14.1          10443              1.3083              1             no       0.369868    3.89728e-09          4  1 
           14.1          10506             3.24299              1             no       0.386062    2.83262e-09          4  1 
           14.1          10640            0.178275              1             no       0.392178    4.62828e-09          4  1 
           14.1          10670          0.00442084              1             no              0    1.32174e-08          4  1 
           14.1          10681           0.0858267              1             no         0.3027    2.84483e-09          4  1 
           14.1          10729             0.46859              1             no        0.42945     3.4241e-09          4  1 
           14.1          10755             5.89119              1             no       0.531846    3.34258e-09          4  1 
           14.1          10852             3.81729              1             no       0.425281    3.34247e-09          4  1 
           14.1          11022            0.533033              1             no       0.394373    5.86527e-09          4  1 
           14.1          11106             4.02092              1             no       0.433914    3.05879e-09          4  1 
           14.1          11115             0.43149              1             no       0.402825    2.86909e-09          4  1 
           14.1          11160             5.97856              1             no       0.538359    3.06316e-09          4  1 
           14.1          11239             4.25704              1             no       0.421375    2.72719e-09          4  1 
           14.1          11284             0.77096              1             no       0.388486    3.15245e-09          4  1 
           14.1          11350             4.90907              1             no       0.477972     2.7417e-09          4  1 
           14.1          11373             2.99747              1             no       0.378987    3.59063e-09          4  1 
           14.1          11416              4.7266              1             no       0.476448    3.62653e-09          4  1 
           14.1          11421             1.71535              1             no       0.378774    2.68717e-09          4  1 
           14.1          11439            0.092234              1             no       0.475296    3.99073e-09          4  1 
           14.1          11540              5.2825              1             no       0.495664    3.79104e-09          4  1 
           14.1          11632            0.778692              1             no       0.356793     3.0198e-09          4  1 
           14.1          11655             2.91433              1             no       0.378157    2.74524e-09          4  1 
           14.1          11755             5.52047              1             no       0.511273    3.84998e-09          4  1 
           14.1          11846             5.67385              1             no       0.522446    4.07941e-09          4  1 
           14.1          11859             2.64059              1             no       0.408436    3.45078e-09          4  1 
           14.1          11950            0.900509              1             no       0.365146    4.18267e-09          4  1 
           14.1          12099             1.68808              1             no       0.403893    3.67428e-09          4  1 
           14.1          12147             1.42367              1             no       0.375598    2.78249e-09          4  1 
           14.1          12208             3.36937              1             no       0.394332    3.01405e-09          4  1 
           14.1          12227             1.53592              1             no       0.360269    3.23959e-09          4  1 
           14.1          12305            0.188499              1             no       0.414816     4.8414e-09          4  1 
           14.1          12362             5.25265              1             no       0.496535    4.68104e-09          4  1 
           14.1          12463            0.876807              1             no       0.381502    4.23414e-09          4  1 
           14.1          12642             1.80407              1             no       0.376758     3.3793e-09          4  1 
           14.1          12655              4.6666              1             no        0.47217    4.52389e-09          4  1 
           14.1          12863             4.71439              1             no       0.466582    2.42541e-09          4  1 
           14.1          12902             5.27354              1             no       0.497836    3.61629e-09          4  1 
           14.1          13001             4.13378              1             no       0.437652    3.19559e-09          4  1 
           14.1          13085             5.43628              1             no       0.506162    3.48192e-09          4  1 
           14.1          13173            0.249028              1             no       0.380386    4.53587e-09          4  1 
           14.1          13188             4.21305              1             no       0.450173    2.54262e-09          4  1 
           14.1          13223            0.204449              1             no       0.394932    3.57454e-09          4  1 
           14.1          13410             4.50015              1             no       0.463994    3.93407e-09          4  1 
           14.1          13413             3.92396              1             no       0.428367    4.10072e-09          4  1 
           14.1          13667             5.91735              1             no       0.569503    3.46154e-09          4  1 
           14.1          13683             3.43772              1             no       0.424357    3.06572e-09          4  1 
           14.1          13697            0.872445              1             no       0.363766    3.75953e-09          4  1 
           14.1          13750             4.77251              1             no       0.476938    4.81692e-09          4  1 
           14.1          13836           0.0139247              1             no      0.0909091     4.3633e-09          4  1 
           14.1          13942            0.905592              1             no       0.356753    3.50184e-09          4  1 
           14.1          14108             3.45753              1             no       0.391149    2.96027e-09          4  1 
           14.1          14355             5.22511              1             no       0.490002    4.41095e-09          4  1 
           14.1          14452             4.44959              1             no       0.455488    3.85085e-09          4  1 
           14.1          14584            0.272028              1             no       0.313144    5.28548e-09          4  1 
           14.1          14607             4.58636              1             no       0.473917    3.22881e-09          4  1 
           14.1          14715             4.98543              1             no       0.487625    2.59463e-09          4  1 
           14.1          14812           0.0413651              1             no       0.184087    3.71571e-09          4  1 
           14.1          14871             5.11089              1             no        0.49119    2.92093e-09          4  1 
           14.1          14926             4.67054              1             no       0.456895    3.11458e-09          4  1 
           14.1          14936             2.26612              1             no        0.38472    2.84256e-09          4  1 
           14.1          15030            0.314114              1             no       0.386819    4.91756e-09          4  1 
           14.1          15043            0.837916              1             no       0.391563    5.55251e-09          4  1 
           14.1          15149             5.15872              1             no       0.498384    3.10265e-09          4  1 
           14.1          15157             4.86316              1             no       0.482344    4.48731e-09          4  1 
           14.1          15283             3.04703              1             no       0.377807    2.56768e-09          4  1 
           14.1          15691              1.9604              1             no       0.375991    4.60778e-09          4  1 
           14.1          15706             4.37814              1             no       0.454866    2.57595e-09          4  1 
           14.1          15816            0.326344              1             no       0.382288    3.99338e-09          4  1 
           14.1          15948              1.7007              1             no       0.377558    2.76622e-09          4  1 
           14.1          15982             5.75282              1             no       0.524351    3.02882e-09          4  1 
           14.1          16111           0.0139442              1             no      0.0907821    3.45593e-09          4  1 
           14.1          16113             4.91244              1             no       0.476772    2.74819e-09          4  1 
           14.1          16119             5.45361              1             no       0.503046    2.40716e-09          4  1 
           14.1          16234             5.97042              1             no       0.536561    2.97764e-09          4  1 
           14.1          16323             2.54499              1             no       0.369891    2.95664e-09          4  1 
           14.1          16336             5.40886              1             no       0.503428     3.6967e-09          4  1 
           14.1          16523             4.83527              1             no       0.480953    3.48426e-09          4  1 
           14.1          16677             3.92263              1             no       0.437146    4.15802e-09          4  1 
           14.1          16730             3.88096              1             no       0.433746     4.6414e-09          4  1 
           14.1          16802             3.82047              1             no       0.429281    3.66588e-09          4  1 
           14.1          16850             5.18049              1             no       0.484982    3.83771e-09          4  1 
           14.1          16886             4.09546              1             no       0.449347    2.57304e-09          4  1 
           14.1          16901            0.140669              1             no       0.420186    4.11094e-09          4  1 
           14.1          17005             1.82384              1             no       0.395067     2.9355e-09          4  1 
           14.1          17274           0.0674228              1             no        0.29145    4.30704e-09          4  1 
           14.1          17462            0.926586              1             no       0.383707    2.85895e-09          4  1 
           14.1          17546            0.224898              1             no       0.364738    3.99442e-09          4  1 
           14.1          17565             4.19248              1             no        0.40867     3.5513e-09          4  1 
           14.1          17704             5.13307              1             no       0.496637    2.55676e-09          4  1 
           14.1          17711           0.0190077              1             no       0.232582    3.60273e-09          4  1 
           14.1          17983             1.61778              1             no       0.374436    3.06081e-09          4  1 
           14.1          18022            0.823894              1             no       0.371162    3.94009e-09          4  1 
           14.1          18076              4.3164              1             no       0.455944    2.54099e-09          4  1 
           14.1          18125            0.330726              1             no       0.390649    2.79371e-09          4  1 
           14.1          18161            0.550249              1             no       0.380866    3.29204e-09          4  1 
           14.1          18247           0.0546471              1             no       0.301853    3.02246e-09          4  1 
           14.1          18305             4.69544              1             no       0.479896    2.93567e-09          4  1 
           14.1          18364             5.67091              1             no       0.515914    3.01324e-09          4  1 
           14.1          18365             5.31261              1             no       0.503204    4.36725e-09          4  1 
           14.1          18377             2.99108              1             no        0.38216    3.72923e-09          4  1 
           14.1          18456             5.88619              1             no       0.567221    4.71483e-09          4  1 
           14.1          18557             3.92518              1             no       0.412778    3.11753e-09          4  1 
           14.1          18576             5.50787              1             no       0.506559    3.50692e-09          4  1 
           14.1          18611             4.41531              1             no       0.451962    4.27037e-09          4  1 
           14.1          18852             3.54867              1             no        0.40677    2.60166e-09          4  1 
           14.1          18856             4.31634              1             no       0.440722    4.69279e-09          4  1 
           14.1          18881            0.689379              1             no       0.379852     2.5408e-09          4  1 
           14.1          18966               5.888              1             no       0.532889    3.69553e-09          4  1 
           14.1          19003             2.03121              1             no       0.383008    2.72483e-09          4  1 
           14.1          19077             0.40294              1             no       0.346061    3.88767e-09          4  1 
           14.1          19262             4.75105              1             no       0.487996    3.26159e-09          4  1 
           14.1          19264             3.98581              1             no       0.433236    2.91641e-09          4  1 
           14.1          19285             5.88218              1             no       0.529285    2.61238e-09          4  1 
           14.1          19330               5.525              1             no       0.546201    2.68265e-09          4  1 
           14.1          19338             4.96652              1             no       0.488513     3.7247e-09          4  1 
           14.1          19340           0.0406445              1             no        0.23287    3.10541e-09          4  1 
           14.1          19472             1.91956              1             no       0.383087    2.80356e-09          4  1 
           14.1          19528             1.24572              1             no       0.419135    3.40588e-09          4  1 
           14.1          19570             4.53127              1             no       0.463597    2.86377e-09          4  1 
           14.1          19587            0.862922              1             no       0.392133    4.41162e-09          4  1 
           14.1          19711             5.26324              1             no       0.498056    3.29322e-09          4  1 
           14.1          19724             5.25564              1             no       0.496244    2.91026e-09          4  1 
           14.1          19778             2.81285              1             no       0.413818    4.35293e-09          4  1 
           14.1          19795             2.80021              1             no       0.402054    3.46439e-09          4  1 
           14.1          19934             4.04065              1             no       0.452795    4.06212e-09          4  1 
           14.1          19989             5.80375              1             no       0.525561     3.6013e-09          4  1 
           14.1          20042            0.688639              1             no        0.43668    3.10552e-09          4  1 
           14.1          20068             2.32207              1             no       0.412252    2.52835e-09          4  1 
           14.1          20111             3.88933              1             no       0.430208    2.65585e-09          4  1 
           14.1          20132             2.89579              1             no       0.380363    2.56344e-09          4  1 
           14.1          20202             0.54577              1             no       0.364152    2.76083e-09          4  1 
           14.1          20390             5.97371              1             no       0.573451    2.73189e-09          4  1 
           14.1          20400             6.02396              1             no       0.536018     2.5732e-09          4  1 
           14.1          20474             2.11858              1             no       0.369291    3.59749e-09          4  1 
           14.1          20532             1.39566              1             no       0.373688    2.42691e-09          4  1 
           14.1          20594             2.39436              1             no         0.4102    4.53796e-09          4  1 
           14.1          20935             5.88635              1             no       0.572222    2.80575e-09          4  1 
           14.1          20950             1.33134              1             no       0.364916    2.97388e-09          4  1 
           14.1          20968             6.03354              1             no       0.536216    2.67131e-09          4  1 
           14.1          21070             2.35614              1             no       0.394108    2.78448e-09          4  1 
           14.1          21253             3.42356              1             no       0.402043    2.43267e-09          4  1 
           14.1          21278           0.0667022              1             no       0.265401    4.94569e-09          4  1 
           14.1          21312              4.4543              1             no       0.461477    4.23929e-09          4  1 
           14.1          21359             3.99539              1             no       0.407455    4.26009e-09          4  1 
           14.1          21380             4.82125              1             no        0.48221    2.94192e-09          4  1 
           14.1          21406             4.49434              1             no       0.457192    2.99179e-09          4  1 
           14.1          21422             3.45414              1             no       0.428773    3.92691e-09          4  1 
           14.1          21541             5.55498              1             no       0.512118    3.40859e-09          4  1 
           14.1          21597            0.847536              1             no       0.360165    2.72236e-09          4  1 
           14.1          21645             5.40044              1             no       0.503256    2.84573e-09          4  1 
           14.1          21789             4.08735              1             no       0.442628    2.60743e-09          4  1 
           14.1          22101           0.0253566              1             no       0.173579    4.63756e-09          4  1 
           14.1          22197            0.221062              1             no        0.35389    3.04085e-09          4  1 
           14.1          22199              1.7362              1             no       0.386282    2.50427e-09          4  1 
           14.1          22610           0.0972781              1             no       0.338739    7.58761e-09          4  1 
           14.1          22699              3.9967              1             no       0.440535    2.52129e-09          4  1 
           14.1          22719            0.871724              1             no        0.39693    2.90048e-09          4  1 
           14.1          23076           0.0139247              1             no              0    2.58243e-09          4  1 
           14.1          23094           0.0330297              1             no       0.113797    3.12131e-09          4  1 
           14.1          23225            0.591653              1             no       0.390816    2.95842e-09          4  1 
           14.1          23336             5.30797              1             no       0.499648    3.40789e-09          4  1 
           14.1          23396             4.71134              1             no       0.469043    2.67528e-09          4  1 
           14.1          23507             2.59599              1             no       0.375655    3.57101e-09          4  1 
           14.1          23537            0.659388              1             no       0.383632    2.68941e-09          4  1 
           14.1          23702             5.60039              1             no       0.519044    3.74539e-09          4  1 
           14.1          23707            0.531027              1             no        0.38013    3.96709e-09          4  1 
           14.1          23715             1.41547              1             no       0.413038    4.59445e-09          4  1 
           14.1          23834             4.82429              1             no       0.492459     2.8324e-09          4  1 
           14.1          23857             1.40318              1             no       0.374323    2.61734e-09          4  1 
           14.1          24021             1.14739              1             no       0.396089    2.78767e-09          4  1 
           14.1          24041             4.65199              1             no       0.449539    2.72849e-09          4  1 
           14.1          24058             5.31243              1             no       0.498631    2.60946e-09          4  1 
           14.1          24087             4.43255              1             no       0.451632    2.75425e-09          4  1 
           14.1          24188             1.24195              1             no       0.359286    2.87452e-09          4  1 
           14.1          24448             4.76359              1             no       0.471261    2.96381e-09          4  1 
           14.1          24481             2.69477              1             no       0.368461    3.33071e-09          4  1 
           14.1          24505             4.11608              1             no       0.436743    3.12913e-09          4  1 
           14.1          24530            0.168654              1             no       0.331062    2.62723e-09          4  1 
           14.1          24589             1.03267              1             no       0.367883    3.23015e-09          4  1 
           14.1          24635              1.5092              1             no       0.374261     3.0351e-09          4  1 
           14.1          24715             4.71396              1             no       0.473264     3.0648e-09          4  1 
           14.1          24726             5.15804              1             no       0.492273    3.24414e-09          4  1 
           14.1          24784             4.22641              1             no       0.450266    4.23201e-09          4  1 
           14.1          24803             3.36045              1             no       0.406019    2.93199e-09          4  1 
           14.1          24816             3.34313              1             no       0.389218    3.46496e-09          4  1 
           14.1          24837             4.97248              1             no       0.485397     3.5746e-09          4  1 
           14.1          24924             2.31132              1             no       0.376623    2.77173e-09          4  1 
           14.1          25100            0.608908              1             no       0.356713    2.62171e-09          4  1 
           14.1          25114             3.25191              1             no       0.405221    2.67129e-09          4  1 
           14.1          25120               0.348              1             no       0.363926    5.91646e-09          4  1 
           14.1          25211             2.87098              1             no       0.377003    4.18898e-09          4  1 
           14.1          25278            0.719254              1             no        0.38885    2.65505e-09          4  1 
           14.1          25360             1.27951              1             no       0.382664    4.71357e-09          4  1 
           14.1          25374             5.37762              1             no       0.506953    3.05601e-09          4  1 
           14.1          25422             2.81232              1             no       0.374887    3.02201e-09          4  1 
           14.1          25427             4.85829              1             no       0.461321    2.74338e-09          4  1 
           14.1          25432             5.15087              1             no       0.498017     2.7697e-09          4  1 
           14.1          25645            0.774719              1             no       0.374133    2.58811e-09          4  1 
           14.1          25733           0.0190466              1             no              0    5.56694e-09          4  1 
           14.1          25815             4.60368              1             no       0.463141    3.53637e-09          4  1 
           14.1          25898             5.14471              1             no       0.498408    2.92923e-09          4  1 
           14.1          25963             5.25179              1             no       0.498904    3.85044e-09          4  1 
           14.1          26057               4.737              1             no       0.450907    3.84178e-09          4  1 
           14.1          26074          0.00379764              1             no              0    2.61889e-09          4  1 
           14.1          26137             5.14645              1             no       0.489533    2.64622e-09          4  1 
           14.1          26531             3.21863              1             no       0.409012    3.78404e-09          4  1 
           14.1          26567             5.84738              1             no       0.565221     3.5319e-09          4  1 
           14.1          26612            0.284823              1             no       0.361846    2.59421e-09          4  1 
           14.1          26675             0.67709              1             no        0.39037    3.01673e-09          4  1 
           14.1          26734                3.21              1             no       0.401836    3.19588e-09          4  1 
           14.1          26765             2.71787              1             no       0.369135    2.89141e-09          4  1 
           14.1          26815            0.303987              1             no       0.403998    2.70826e-09          4  1 
           14.1          26926           0.0235064              1             no       0.106877    3.07714e-09          4  1 
           14.1          26960             4.84809              1             no       0.472174     3.4582e-09          4  1 
           14.1          27108             1.67651              1             no        0.38225    3.74549e-09          4  1 
           14.1          27112             3.17923              1             no       0.382772    4.57245e-09          4  1 
           14.1          27141           0.0667996              1             no       0.303499    5.74027e-09          4  1 
           14.1          27159             3.65845              1             no       0.429628    3.19237e-09          4  1 
           14.1          27165           0.0196309              1             no       0.354167    4.02358e-09          4  1 
           14.1          27212             3.03424              1             no       0.382347    3.38984e-09          4  1 
           14.1          27347             3.86339              1             no       0.431973    2.82508e-09          4  1 
           14.1          27397             0.76465              1             no        0.35494    3.36975e-09          4  1 
           14.1          27482             2.97813              1             no       0.370056    3.11638e-09          4  1 
           14.1          27485           0.0603922              1             no       0.282812    4.75702e-09          4  1 
           14.1          27562             5.09846              1             no       0.487975    3.01284e-09          4  1 
           14.1          27687              5.9972              1             no       0.534899    3.13609e-09          4  1 
           14.1          27708             5.76159              1             no       0.523631    2.96708e-09          4  1 
           14.1          27718             1.15244              1             no       0.350587    4.15452e-09          4  1 
           14.1          27747             4.73767              1             no       0.478189    3.93155e-09          4  1 
           14.1          27772             3.16634              1             no       0.385727    3.03649e-09          4  1 
           14.1          27809             4.58705              1             no        0.46747    3.51429e-09          4  1 
           14.1          27818             3.39233              1             no       0.415178    2.78359e-09          4  1 
           14.1          28012             1.35036              1             no        0.41739    2.56252e-09          4  1 
           14.1          28022              5.5245              1             no       0.507692     3.6804e-09          4  1 
           14.1          28165             5.83774              1             no       0.525591    2.47635e-09          4  1 
           14.1          28403             1.88825              1             no       0.354219    4.11278e-09          4  1 
           14.1          28580             3.22895              1             no       0.376088    2.76592e-09          4  1 
           14.1          28609             4.45855              1             no       0.462854     3.4619e-09          4  1 
           14.1          28643             5.92898              1             no       0.531065    2.68872e-09          4  1 
           14.1          28666             4.78406              1             no       0.472978    2.40779e-09          4  1 
           14.1          28779             1.97557              1             no       0.370501    2.61605e-09          4  1 
           14.1          28786            0.284726              1             no       0.357319    4.70941e-09          4  1 
           14.1          28790           0.0329713              1             no       0.209687      3.314e-09          4  1 
           14.1          28855            0.136851              1             no       0.357336    4.64137e-09          4  1 
           14.1          29004             3.64134              1             no       0.424161    4.37817e-09          4  1 
           14.1          29046              4.2609              1             no       0.459799    2.65302e-09          4  1 
           14.1          29100             1.63548              1             no       0.366787    2.87101e-09          4  1 
           14.1          29239           0.0705388              1             no       0.286582    4.85428e-09          4  1 
           14.1          29362             5.30083              1             no       0.501729     2.8222e-09          4  1 
           14.1          29511             0.02226              1             no        0.20035     4.5656e-09          4  1 
           14.1          29648           0.0469739              1             no       0.363599    3.79603e-09          4  1 
           14.1          29649             5.22298              1             no       0.499802    3.34171e-09          4  1 
           14.1          29759             3.62772              1             no        0.42623    3.74133e-09          4  1 
           14.1          29896             5.35004              1             no       0.504172    2.69482e-09          4  1 
           14.1          30107             4.41913              1             no       0.452991    3.00437e-09          4  1 
           14.1          30148            0.286089              1             no       0.389244    2.37993e-09          4  1 
           14.1          30671          0.00379764              1             no              0    3.11755e-09          4  1 
           14.1          30688             3.97991              1             no       0.442687    3.97126e-09          4  1 
           14.1          30792            0.191109              1             no       0.389381    3.68862e-09          4  1 
           14.1          30884             3.88123              1             no       0.404813    2.82249e-09          4  1 
           14.1          30886             1.11812              1             no       0.361956    2.81583e-09          4  1 
           14.1          31085             5.48411              1             no       0.546428     2.9581e-09          4  1 
           14.1          31235            0.503626              1             no       0.374285    6.08978e-09          4  1 
           14.1          31318              1.8247              1             no        0.38551    2.83713e-09          4  1 
           14.1          31444             1.07728              1             no       0.359733     3.3492e-09          4  1 
           14.1          31481             3.36235              1             no       0.380726    2.82277e-09          4  1 
           14.1          31756             1.64637              1             no       0.372511    3.32633e-09          4  1 
           14.1          31827            0.384925              1             no       0.345358    2.44728e-09          4  1 
           14.1          31868             5.42983              1             no       0.505238    3.29555e-09          4  1 
           14.1          31879             3.14941              1             no       0.391095    3.18853e-09          4  1 
           14.1          31907             4.49312              1             no        0.46882    2.58683e-09          4  1 
           14.1          31947            0.362646              1             no       0.326298    2.83004e-09          4  1 
           14.1          31993             4.64991              1             no       0.480156     2.7052e-09          4  1 
           14.1          32044              5.7706              1             no       0.519954    3.13707e-09          4  1 
           14.1          32260             3.83854              1             no       0.405687    3.01103e-09          4  1 
           14.1          32395             5.39033              1             no       0.502076    3.69331e-09          4  1 
           14.1          32492           0.0826912              1             no       0.383891    2.76876e-09          4  1 
           14.1          32493             3.49317              1             no       0.393698    4.29812e-09          4  1 
           14.1          32507            0.446797              1             no       0.391858    2.46091e-09          4  1 
           14.1          32602             3.17545              1             no       0.391679    2.73242e-09          4  1 
           14.1          32610             1.05742              1             no       0.406291    2.75623e-09          4  1 
           14.1          32706             1.16854              1             no       0.374804    2.96089e-09          4  1 
           14.1          32729            0.893575              1             no       0.403788    2.67247e-09          4  1 
           14.1          32844           0.0228248              1             no       0.304608    4.01985e-09          4  1 
           14.1          32866             3.94427              1             no        0.43376    2.54542e-09          4  1 
           14.1          32868           0.0164954              1             no       0.191263    4.04328e-09          4  1 
           14.1          33380              5.4043              1             no       0.510678    2.69235e-09          4  1 
           14.1          33420             2.72805              1             no       0.368428    2.66623e-09          4  1 
           14.1          33512             4.33112              1             no       0.458971    2.65378e-09          4  1 
           14.1          33634             2.24302              1             no       0.374433    3.11087e-09          4  1 
           14.1          33689            0.508709              1             no        0.39428    3.34989e-09          4  1 
           14.1          33724             2.79822              1             no       0.370394    2.85254e-09          4  1 
           14.1          33728           0.0114124              1             no              0    5.56894e-09          4  1 
           14.1          33790             6.03426              1             no       0.542084    3.60699e-09          4  1 
           14.1          33948            0.583941              1             no       0.370731    3.24116e-09          4  1 
           14.1          34208           0.0635667              1             no       0.308517    3.49533e-09          4  1 
           14.1          34215              1.2776              1             no        0.35877    2.63344e-09          4  1 
           14.1          34233            0.038697              1             no       0.277302    3.37636e-09          4  1 
           14.1          34629             3.06824              1             no       0.373977    3.65034e-09          4  1 
           14.1          34645             5.90857              1             no       0.534076     2.4363e-09          4  1 
           14.1          34676            0.191051              1             no       0.345973    3.33692e-09          4  1 
           14.1          34730            0.025415              1             no      0.0750958    5.24487e-09          4  1 
           14.1          34732             1.17491              1             no       0.383066    3.28837e-09          4  1 
           14.1          34780             3.20667              1             no       0.376521     2.7742e-09          4  1 
           14.1          34795             5.00233              1             no       0.486292    3.01113e-09          4  1 
           14.1          34808              3.2915              1             no       0.387371    3.45627e-09          4  1 
           14.1          34829             1.42057              1             no        0.39232    4.76685e-09          4  1 
           14.1          34988             3.19452              1             no       0.380958    3.31622e-09          4  1 
           14.1          35135             2.06118              1             no       0.376806    3.08671e-09          4  1 
           14.1          35210             5.15042              1             no       0.496597    3.30369e-09          4  1 
           14.1          35244            0.349773              1             no       0.389143    2.83431e-09          4  1 
           14.1          35293           0.0196504              1             no      0.0961348    4.84922e-09          4  1 
           14.1          35301             4.15047              1             no       0.436347     2.7876e-09          4  1 
           14.1          35305             5.39661              1             no       0.508443    3.36319e-09          4  1 
           14.1          35367             2.89859              1             no       0.389959    3.29749e-09          4  1 
           14.1          35383           0.0228443              1             no       0.221654    4.34682e-09          4  1 
           14.1          35433             1.87107              1             no       0.388218     2.9137e-09          4  1 
           14.1          35592            0.253644              1             no       0.351198    4.48183e-09          4  1 
           14.1          35606             3.46627              1             no       0.385673    3.88137e-09          4  1 
           14.1          35637             2.41978              1             no       0.368958    2.96072e-09          4  1 
           14.1          35746             4.77071              1             no       0.480211    3.52006e-09          4  1 
           14.1          35804            0.436651              1             no       0.358592    4.20285e-09          4  1 
           14.1          35965              5.3732              1             no       0.503104    3.14811e-09          4  1 
           14.1          35982           0.0641899              1             no          0.375    4.12069e-09          4  1 
           14.1          35994             5.28106              1             no       0.496744    3.98897e-09          4  1 
           14.1          36053             2.63808              1             no       0.382942     4.5649e-09          4  1 
           14.1          36059             3.85365              1             no       0.417984    3.46136e-09          4  1 
           14.1          36062             4.90737              1             no       0.476086     2.5597e-09          4  1 
           14.1          36117             3.70114              1             no       0.432419    2.45951e-09          4  1 
           14.1          36123           0.0101076              1             no       0.061657    6.92222e-09          4  1 
           14.1          36270            0.269477              1             no       0.427333    3.05989e-09          4  1 
           14.1          36279              3.8385              1             no        0.42696    3.47489e-09          4  1 
           14.1          36330          0.00444032              1             no              0    1.20131e-08          4  1 
           14.1          36465           0.0948047              1             no        0.35456    4.92977e-09          4  1 
           14.1          36643             4.35467              1             no       0.446373    4.48728e-09          4  1 
           14.1          36716             3.68387              1             no       0.396161    2.74456e-09          4  1 
           14.1          36961             4.13376              1             no       0.446445     2.6983e-09          4  1 
           14.1          36979            0.174458              1             no       0.378656    2.56505e-09          4  1 
           14.1          37029             5.54814              1             no       0.516235    2.54957e-09          4  1 
           14.1          37038             2.76246              1             no       0.376782     6.1175e-09          4  1 
           14.1          37069             1.73326              1             no        0.36569    4.12818e-09          4  1 
           14.1          37128             5.25896              1             no       0.511115    2.82843e-09          4  1 
           14.1          37345             4.09047              1             no       0.441824    4.86391e-09          4  1 
           14.1          37409             1.32275              1             no       0.377797     4.1172e-09          4  1 
           14.1          37438            0.788215              1             no       0.422034    3.46028e-09          4  1 
           14.1          37447             4.63231              1             no       0.460266    2.76716e-09          4  1 
           14.1          37501            0.505573              1             no       0.360169    5.49538e-09          4  1 
           14.1          37506             3.17995              1             no       0.366468    2.69849e-09          4  1 
           14.1          37559            0.644703              1             no       0.400284    3.60715e-09          4  1 
           14.1          37615              5.4643              1             no       0.508819    2.58999e-09          4  1 
           14.1          37702             4.52003              1             no       0.468601     3.6363e-09          4  1 
           14.1          37916             5.78346              1             no       0.561187    3.15442e-09          4  1 
           14.1          37977             1.88965              1             no       0.385441    4.91704e-09          4  1 
           14.1          37990             2.96164              1             no       0.381606    3.81539e-09          4  1 
           14.1          37995           0.0699156              1             no        0.35376    3.98455e-09          4  1 
           14.1          38096           0.0839766              1             no       0.249072    3.42729e-09          4  1 
           14.1          38235             1.19026              1             no       0.365807    3.04999e-09          4  1 
           14.1          38251           0.0833339              1             no       0.350315    3.05719e-09          4  1 
           14.1          38327             1.88431              1             no       0.378647     3.3434e-09          4  1 
           14.1          38460             3.88505              1             no       0.426933    2.63377e-09          4  1 
           14.1          38712            0.187876              1             no       0.389033    2.99878e-09          4  1 
           14.1          38758              5.6462              1             no        0.51017    2.63567e-09          4  1 
           14.1          38774              2.7189              1             no       0.395684     2.9877e-09          4  1 
           14.1          38776             2.70051              1             no       0.380932    3.91992e-09          4  1 
           14.1          38779            0.335809              1             no       0.413211    3.80617e-09          4  1 
           14.1          38794            0.510637              1             no       0.391648     3.5384e-09          4  1 
           14.1          39152             6.00549              1             no       0.575822    2.85747e-09          4  1 
           14.1          39289             5.09679              1             no       0.490184    3.86623e-09          4  1 
           14.1          39364             1.60755              1             no       0.377144    3.80994e-09          4  1 
           14.1          39468             2.99622              1             no       0.383194    2.62671e-09          4  1 
           14.1          39505             5.11517              1             no        0.49588    3.41457e-09          4  1 
           14.1          39595             3.78469              1             no        0.43653    3.38045e-09          4  1 
           14.1          39793             4.62381              1             no         0.4717    2.75855e-09          4  1 
           14.1          39794           0.0317639              1             no       0.159411    4.36929e-09          4  1 
           14.1          39839             5.94109              1             no       0.566926    2.97439e-09          4  1 
           14.1          40014             5.47591              1             no       0.506247    2.43685e-09          4  1 
           14.1          40153             3.76615              1             no       0.422069    3.88729e-09          4  1 
           14.1          40156            0.025415              1             no       0.199234    3.10802e-09          4  1 
           14.1          40220             4.94126              1             no       0.485216    2.52116e-09          4  1 
           14.1          40249             2.42753              1             no       0.382004    2.93188e-09          4  1 
           14.1          40295             2.40393              1             no       0.371172      3.767e-09          4  1 
           14.1          40471             4.07273              1             no       0.440483    3.62624e-09          4  1 
           14.1          40581             5.88426              1             no       0.527922    2.70472e-09          4  1 
           14.1          40760             2.34389              1             no       0.405457    3.23872e-09          4  1 
           14.1          40786             3.25976              1             no       0.377683    3.65888e-09          4  1 
           14.1          40827             2.49684              1             no       0.381297    3.02627e-09          4  1 
           14.1          40867            0.027343              1             no       0.277778    5.56805e-09          4  1 
           14.1          40868             1.12975              1             no       0.381434    2.89958e-09          4  1 
           14.1          41114             3.04653              1             no       0.379385    3.77188e-09          4  1 
           14.1          41249             5.57235              1             no        0.50746     2.7057e-09          4  1 
           14.1          41288             3.84037              1             no       0.424065    4.43959e-09          4  1 
           14.1          41333             5.06878              1             no       0.473005    2.60912e-09          4  1 
           14.1          41370              5.1414              1             no       0.490634    2.94034e-09          4  1 
           14.1          41502             1.36491              1             no       0.398816    2.66287e-09          4  1 
           14.1          41625             1.76384              1             no       0.402356    2.87025e-09          4  1 
           14.1          41644             3.74572              1             no       0.426581    3.24388e-09          4  1 
           14.1          41834             4.76818              1             no        0.47365    2.81554e-09          4  1 
           14.1          41853            0.432717              1             no       0.379495    3.03895e-09          4  1 
           14.1          41908             4.91814              1             no       0.487992     2.6327e-09          4  1 
           14.1          41956             5.27177              1             no       0.505883     2.9582e-09          4  1 
           14.1          42136             1.35301              1             no       0.389254    2.88131e-09          4  1 
           14.1          42225           0.0215394              1             no       0.146474    3.10038e-09          4  1 
           14.1          42232             4.19451              1             no       0.452149    2.94746e-09          4  1 
           14.1          42274             4.48412              1             no       0.464497    2.73645e-09          4  1 
           14.1          42295             4.43191              1             no       0.458615    3.76506e-09          4  1 
           14.1          42314             4.66497              1             no       0.473062    3.42414e-09          4  1 
           14.1          42319            0.232474              1             no       0.377482    2.95438e-09          4  1 
           14.1          42353            0.520959              1             no       0.377907    3.72404e-09          4  1 
           14.1          42387             5.24425              1             no       0.495135    2.86129e-09          4  1 
           14.1          42455            0.165519              1             no       0.410872     4.6605e-09          4  1 
           14.1          42497             4.26092              1             no       0.463695    2.92857e-09          4  1 
           14.1          42576          0.00759528              1             no       0.166667    9.42972e-09          4  1 
           14.1          42624             0.01521              1             no       0.207426     5.9476e-09          4  1 
           14.1          42703            0.733919              1             no       0.365371     3.8522e-09          4  1 
           14.1          42708             5.72402              1             no        0.52308    3.17127e-09          4  1 
           14.1          42720            0.418792              1             no       0.401321    4.72794e-09          4  1 
           14.1          42813             2.40831              1             no       0.370448    3.96262e-09          4  1 
           14.1          42962               5.246              1             no       0.502617    2.63561e-09          4  1 
           14.1          43032             4.42303              1             no       0.465885    3.42488e-09          4  1 
           14.1          43242              0.1024              1             no       0.371624     3.0323e-09          4  1 
           14.1          43324             5.03803              1             no       0.487006     3.4888e-09          4  1 
           14.1          43406             3.06444              1             no       0.380262    4.86482e-09          4  1 
           14.1          43476            0.163591              1             no       0.349405    3.05566e-09          4  1 
           14.1          43507             6.03475              1             no       0.539707     4.1449e-09          4  1 
           14.1          43635             2.44036              1             no       0.378151     3.8409e-09          4  1 
           14.1          43672             3.63978              1             no       0.423732    2.87226e-09          4  1 
           14.1          43745             5.66141              1             no        0.51893    2.99063e-09          4  1 
           14.1          43789           0.0622424              1             no       0.366395    3.55678e-09          4  1 
           14.1          43811            0.554066              1             no        0.34478    3.12092e-09          4  1 
           14.1          43819            0.536772              1             no       0.395073    2.54037e-09          4  1 
           14.1          43914           0.0915913              1             no       0.304274    5.01609e-09          4  1 
           14.1          44004              1.4627              1             no       0.380089    3.41578e-09          4  1 
           14.1          44059              2.1096              1             no       0.372709    3.72757e-09          4  1 
           14.1          44242              5.7286              1             no       0.519439    2.62178e-09          4  1 
           14.1          44290           0.0190272              1             no       0.165814     5.9578e-09          4  1 
           14.1          44295            0.327552              1             no       0.396337    4.49865e-09          4  1 
           14.1          44422             2.80578              1             no       0.371861     3.5743e-09          4  1 
           14.1          44783             5.01756              1             no       0.483652    2.36519e-09          4  1 
           14.1          44981             2.48934              1             no       0.359156    2.83983e-09          4  1 
           14.1          45026             4.73539              1             no       0.476745    2.57472e-09          4  1 
           14.1          45074             5.72982              1             no       0.524447    3.32821e-09          4  1 
           14.1          45163             3.53198              1             no       0.405086    3.10979e-09          4  1 
           14.1          45233             4.65766              1             no       0.471028    3.19773e-09          4  1 
           14.1          45285             3.63021              1             no        0.42539    3.09754e-09          4  1 
           14.1          45443             5.84603              1             no       0.523969    3.55904e-09          4  1 
           14.1          45495             1.70265              1             no       0.380855    4.61171e-09          4  1 
           14.1          45500             0.62295              1             no       0.365023    2.92481e-09          4  1 
           14.1          45778             3.26288              1             no       0.394286    3.71964e-09          4  1 
           14.1          45882            0.789501              1             no       0.377735    2.62267e-09          4  1 
           14.1          45955             5.53328              1             no        0.51067    2.78669e-09          4  1 
           14.1          45983             3.50966              1             no       0.424187    4.61952e-09          4  1 
           14.1          46102             3.02664              1             no       0.381601    4.53457e-09          4  1 
           14.1          46285            0.677149              1             no       0.344349    3.79846e-09          4  1 
           14.1          46359             3.34578              1             no       0.378241    2.62309e-09          4  1 
           14.1          46427            0.994281              1             no       0.371097    4.12392e-09          4  1 
           14.1          46535            0.903079              1             no       0.374739    2.84143e-09          4  1 
           14.1          46594             1.27264              1             no       0.383231    3.61068e-09          4  1 
           14.1          46981             3.74512              1             no       0.420342    3.08529e-09          4  1 
           14.1          47010             5.22513              1             no       0.497439    2.55552e-09          4  1 
           14.1          47133             0.12281              1             no       0.309864    2.59873e-09          4  1 
           14.1          47246             3.57944              1             no       0.414002    3.32626e-09          4  1 
           14.1          47270           0.0114124              1             no              0     7.3294e-09          4  1 
           14.1          47415             3.93934              1             no       0.431598     4.3006e-09          4  1 
           14.1          47438             5.25775              1             no       0.497161     3.1346e-09          4  1 
           14.1          47491             2.32349              1             no       0.392218    3.15522e-09          4  1 
           14.1          47654             1.62095              1             no       0.367779    4.08863e-09          4  1 
           14.1          47679            0.189726              1             no       0.401971    3.20122e-09          4  1 
           14.1          47682             5.61192              1             no       0.517301    2.63508e-09          4  1 
           14.1          47887            0.147719              1             no       0.348451    3.32691e-09          4  1 
           14.1          47912          0.00444032              1             no              0    3.51353e-09          4  1 
           14.1          47978           0.0820291              1             no       0.285613    3.70376e-09          4  1 
           14.1          48016             6.00867              1             no       0.536008    3.06274e-09          4  1 
           14.1          48049             1.48063              1             no       0.364726    2.70734e-09          4  1 
           14.1          48117             5.13063              1             no       0.490791    2.76176e-09          4  1 
           14.1          48122             3.06185              1             no       0.387269    3.50756e-09          4  1 
           14.1          48124             3.92135              1             no       0.402772    2.94762e-09          4  1 
           14.1          48255             5.41957              1             no       0.506533    2.99841e-09          4  1 
           14.1          48355            0.737191              1             no       0.356062    4.14612e-09          4  1 
           14.1          48390             4.89008              1             no        0.47475    4.28552e-09          4  1 
           14.1          48419             4.46314              1             no       0.456256    3.83762e-09          4  1 
           14.1          48480             1.15324              1             no       0.403016    2.85881e-09          4  1 
           14.1          48492             1.02234              1             no       0.364035    3.71174e-09          4  1 
           14.1          48608              2.9873              1             no       0.383067    2.84006e-09          4  1 
           14.1          48669             1.10083              1             no        0.39027    3.54915e-09          4  1 
           14.1          48893             4.20461              1             no       0.450131    3.76439e-09          4  1 
           14.1          48922             2.38472              1             no       0.403887    4.68487e-09          4  1 
           14.1          48948             4.28181              1             no       0.455297    3.07822e-09          4  1 
           14.1          49019             5.23335              1             no        0.49044    2.61393e-09          4  1 
           14.1          49117             4.87216              1             no       0.479894    3.08146e-09          4  1 
           14.1          49163            0.287355              1             no       0.356354    2.71774e-09          4  1 
           14.1          49169             3.45804              1             no       0.381106    2.54915e-09          4  1 
           14.1          49316             5.68811              1             no       0.557991    2.85071e-09          4  1 
           14.1          49320             4.75305              1             no       0.472224    2.71264e-09          4  1 
           14.1          49352             2.45495              1             no       0.406573    2.93323e-09          4  1 
           14.1          49582             3.74654              1             no       0.422251    3.20065e-09          4  1 
           14.1          49583             2.61887              1             no       0.382315    2.86848e-09          4  1 
           14.1          49789             4.21363              1             no       0.460561    2.65513e-09          4  1 
           14.1          49809           0.0362042              1             no       0.191501    3.52058e-09          4  1 
           14.1          49873            0.920918              1             no       0.378561    3.46787e-09          4  1 
           14.1          49887            0.642775              1             no       0.347856    3.60286e-09          4  1 
           14.1          50203             3.01581              1             no       0.373039    3.09525e-09          4  1 
           14.1          50263             5.92718              1             no       0.570753    3.74214e-09          4  1 
           14.1          50304             2.47098              1             no       0.381781    3.08059e-09          4  1 
           14.1          50455              4.1747              1             no       0.447889    2.91056e-09          4  1 
           14.1          50587            0.275767              1             no       0.410452    7.08091e-09          4  1 
           14.1          50596               2.275              1             no       0.385444    2.94006e-09          4  1 
           14.1          50887             4.50712              1             no       0.459305    2.80216e-09          4  1 
           14.1          50926             4.91493              1             no       0.484816    2.95541e-09          4  1 
           14.1          50943             2.79062              1             no       0.365031    3.27721e-09          4  1 
           14.1          50983             3.79558              1             no       0.431737    3.84411e-09          4  1 
           14.1          51023             4.37907              1             no        0.45979    4.56777e-09          4  1 
           14.1          51025             5.36989              1             no       0.503393    3.61997e-09          4  1 
           14.1          51055             5.55176              1             no       0.548967    2.69154e-09          4  1 
           14.1          51086             3.00183              1             no       0.392015    4.68703e-09          4  1 
           14.1          51352             0.73834              1             no        0.39167    2.59276e-09          4  1 
           14.1          51555             4.62646              1             no       0.478776     3.2849e-09          4  1 
           14.1          51560             5.24304              1             no       0.488812    2.91739e-09          4  1 
           14.1          51808             4.45226              1             no       0.465402    3.03662e-09          4  1 
           14.1          51845          0.00759528              1             no       0.166667    3.22169e-09          4  1 
           14.1          51860             1.01923              1             no       0.400287    2.91057e-09          4  1 
           14.1          51952             5.58296              1             no       0.509199    3.88858e-09          4  1 
           14.1          51984             5.50327              1             no       0.544533    2.95727e-09          4  1 
           14.1          52073             5.89624              1             no       0.530513    3.77149e-09          4  1 
           14.1          52078             5.38219              1             no       0.507369      2.782e-09          4  1 
           14.1          52099             4.67433              1             no       0.470435    4.20115e-09          4  1 
           14.1          52148             4.05228              1             no        0.43419    4.18015e-09          4  1 
           14.1          52151            0.293139              1             no       0.338493    4.17973e-09          4  1 
           14.1          52191             4.97033              1             no       0.478499    4.14015e-09          4  1 
           14.1          52352             3.65849              1             no       0.404333    3.97351e-09          4  1 
           14.1          52381             6.02292              1             no       0.539221    3.21794e-09          4  1 
           14.1          52491             4.07952              1             no       0.408877    3.53024e-09          4  1 
           14.1          52525             3.09311              1             no       0.374251      3.073e-09          4  1 
           14.1          52526             1.85831              1             no       0.369912    3.79092e-09          4  1 
           14.1          52634             4.25453              1             no        0.44279     2.6222e-09          4  1 
           14.1          52635             4.84739              1             no       0.472242    2.52409e-09          4  1 
           14.1          52734           0.0635472              1             no       0.298805    3.31528e-09          4  1 
           14.1          52779             4.44591              1             no        0.45629    3.60728e-09          4  1 
           14.1          52854             5.89842              1             no       0.533605    2.72277e-09          4  1 
           14.1          52877             2.62791              1             no       0.379103    2.97612e-09          4  1 
           14.1          53054             5.30422              1             no       0.508535    4.76753e-09          4  1 
           14.1          53056             3.52063              1             no       0.407134    4.31219e-09          4  1 
           14.1          53080            0.651013              1             no        0.38743    3.10746e-09          4  1 
           14.1          53169             4.97698              1             no        0.48686    3.34802e-09          4  1 
           14.1          53205            0.999578              1             no        0.35783    2.51503e-09          4  1 
           14.1          53231             4.15289              1             no       0.439789    3.76412e-09          4  1 
           14.1          53353             2.45376              1             no       0.383674     2.4992e-09          4  1 
           14.1          53412             5.12115              1             no       0.486121    4.82116e-09          4  1 
           14.1          53477             1.09709              1             no       0.376511    3.50989e-09          4  1 
           14.1          53483             5.42876              1             no        0.50207    4.34417e-09          4  1 
           14.1          53494             0.99173              1             no       0.398405    3.88848e-09          4  1 
           14.1          53516             2.43022              1             no       0.357171    3.98208e-09          4  1 
           14.1          53548             1.42186              1             no       0.364078    3.96717e-09          4  1 
           14.1          53772             2.57237              1             no       0.380081    4.64972e-09          4  1 
           14.1          53841             5.86309              1             no        0.53777    3.59298e-09          4  1 
           14.1          53922           0.0120551              1             no      0.0516963    3.26781e-09          4  1 
           14.1          53946              6.0489              1             no       0.577807    4.68564e-09          4  1 
           14.1          54095             1.98597              1             no       0.381476    3.03815e-09          4  1 
           14.1          54125             2.85885              1             no       0.375442    3.11303e-09          4  1 
           14.1          54133            0.548905              1             no       0.397942    4.85327e-09          4  1 
           14.1          54194            0.140669              1             no       0.383636    4.86476e-09          4  1 
           14.1          54383            0.173913              1             no       0.329003    2.86668e-09          4  1 
           14.1          54384             0.50497              1             no        0.38347     2.9563e-09          4  1 
           14.1          54420             2.24947              1             no       0.374218    3.35755e-09          4  1 
           14.1          54424             5.62501              1             no       0.518428     2.4933e-09          4  1 
           14.1          54506             1.58272              1             no       0.367422    3.82077e-09          4  1 
           14.1          54575             1.89722              1             no       0.367335    3.56648e-09          4  1 
           14.1          54895             2.59073              1             no       0.391902    4.59695e-09          4  1 
           14.1          55138              3.4957              1             no       0.423915    2.52278e-09          4  1 
           14.1          55212             0.22743              1             no       0.335503    3.02274e-09          4  1 
           14.1          55253            0.749226              1             no       0.360453    2.98433e-09          4  1 
           14.1          55293             2.01851              1             no       0.380063    3.03379e-09          4  1 
           14.1          55398               4.726              1             no       0.465985    2.74173e-09          4  1 
           14.1          55502              1.8901              1             no       0.370698    4.00729e-09          4  1 
           14.1          55589             4.02926              1             no       0.440005     3.0221e-09          4  1 
           14.1          55641            0.913849              1             no        0.38703     3.8904e-09          4  1 
           14.1          55680             3.41474              1             no       0.385932    2.76711e-09          4  1 
           14.1          55747             4.99653              1             no       0.481342    2.77135e-09          4  1 
           14.1          55769           0.0896633              1             no       0.331668    5.52883e-09          4  1 
           14.1          55845             1.36055              1             no       0.375302    3.89063e-09          4  1 
           14.1          55919             1.78495              1             no       0.386523    4.19643e-09          4  1 
           14.1          55986          0.00381712              1             no              0    5.87371e-09          4  1 
           14.1          56103             5.09492              1             no       0.493498    4.60232e-09          4  1 
           14.1          56162           0.0776277              1             no       0.302308    4.05699e-09          4  1 
           14.1          56264             5.84979              1             no       0.528306    4.30137e-09          4  1 
           14.1          56320             1.85894              1             no        0.38522    4.79942e-09          4  1 
           14.1          56387             0.12542              1             no        0.36972    3.39126e-09          4  1 
           14.1          56401            0.114552              1             no       0.371472    3.23667e-09          4  1 
           14.1          56444             4.99713              1             no       0.483197    3.30163e-09          4  1 
           14.1          56499             5.51361              1             no       0.503262     2.8947e-09          4  1 
           14.1          56519             3.75036              1             no       0.427097    3.15405e-09          4  1 
           14.1          56664             3.20798              1             no        0.37539    2.84047e-09          4  1 
           14.1          56691             1.31198              1             no       0.377974     3.4569e-09          4  1 
           14.1          56798             5.15303              1             no       0.491648    2.55828e-09          4  1 
           14.1          56812             5.48467              1             no       0.509603    4.00618e-09          4  1 
           14.1          56932              3.1663              1             no       0.371837    3.30359e-09          4  1 
           14.1          56956             4.85234              1             no       0.474759     2.8598e-09          4  1 
           14.1          57130             1.45117              1             no       0.398059    2.42635e-09          4  1 
           14.1          57146             4.58142              1             no       0.463461    3.41623e-09          4  1 
           14.1          57342             3.54417              1             no       0.393049     4.0725e-09          4  1 
           14.1          57370             4.47987              1             no       0.461138    2.95339e-09          4  1 
           14.1          57508             3.01391              1             no       0.380112    3.02309e-09          4  1 
           14.1          57524             5.47205              1             no       0.507746    3.46264e-09          4  1 
           14.1          57613            0.796453              1             no       0.343995    4.56768e-09          4  1 
           14.1          57723             3.76387              1             no       0.424384    3.87925e-09          4  1 
           14.1          57850            0.969392              1             no       0.360897    3.13618e-09          4  1 
           14.1          57856          0.00506352              1             no              0    5.92119e-09          4  1 
           14.1          57883              5.8709              1             no       0.529134    2.59058e-09          4  1 
           14.1          57968             1.61963              1             no       0.395616    2.80756e-09          4  1 
           14.1          57985          0.00381712              1             no              0    3.38307e-09          4  1 
           14.1          58052             1.58212              1             no       0.373988    3.01856e-09          4  1 
           14.1          58065             5.48352              1             no       0.506354     3.6947e-09          4  1 
           14.1          58182           0.0196698              1             no       0.193069    3.19923e-09          4  1 
           14.1          58190             4.72867              1             no       0.473959    3.23213e-09          4  1 
           14.1          58239             0.31275              1             no       0.396475    2.86898e-09          4  1 
           14.1          58253             1.68165              1             no       0.365158    2.66547e-09          4  1 
           14.1          58274             3.60209              1             no       0.397521    3.46454e-09          4  1 
           14.1          58329             1.14669              1             no       0.397945    2.88068e-09          4  1 
           14.1          58379             2.47209              1             no       0.362427    3.08756e-09          4  1 
           14.1          58482           0.0827302              1             no       0.183616     4.7685e-09          4  1 
           14.1          58496             5.01633              1             no       0.480089     3.0925e-09          4  1 
           14.1          58548             1.45806              1             no       0.357175    3.99904e-09          4  1 
           14.1          58570             3.00947              1             no       0.387862    2.60407e-09          4  1 
           14.1          58579             3.05872              1             no       0.391225    4.16758e-09          4  1 
           14.1          58729             2.66152              1             no       0.388159    3.10261e-09          4  1 
           14.1          58756           0.0126783              1             no      0.0491551    5.01262e-09          4  1 
           14.1          58868           0.0279468              1             no       0.135889    5.05765e-09          4  1 
           14.1          58893            0.055913              1             no       0.374086    6.40106e-09          4  1 
           14.1          58953             5.28745              1             no       0.499735    3.32089e-09          4  1 
           14.1          59100            0.695066              1             no       0.422611    4.55784e-09          4  1 
           14.1          59117             1.03654              1             no        0.37949    4.16757e-09          4  1 
           14.1          59148             4.30271              1             no       0.456467    3.11767e-09          4  1 
           14.1          59363             3.07445              1             no       0.375876    2.57968e-09          4  1 
           14.1          59380             1.11754              1             no       0.367356    3.95156e-09          4  1 
           14.1          59388             1.61447              1             no       0.371597    4.55763e-09          4  1 
           14.1          59548             4.04455              1             no       0.433267    3.03666e-09          4  1 
           14.1          59822            0.481872              1             no       0.352706    3.61215e-09          4  1 
           14.1          59870             5.26897              1             no       0.498719    2.53383e-09          4  1 
           14.1          59893             2.20996              1             no       0.372528     2.5543e-09          4  1 
           14.1          59931             3.52951              1             no        0.39397    2.38208e-09          4  1 
           14.1          59980            0.097317              1             no       0.345607    1.24803e-08          4  1 
           14.1          60064             1.09701              1             no       0.394557    4.88335e-09          4  1 
           14.1          60216             5.48668              1             no       0.506868    2.97034e-09          4  1 
           14.1          60228             5.11587              1             no       0.488956    2.57514e-09          4  1 
           14.1          60277            0.743559              1             no       0.375354    3.17349e-09          4  1 
           14.1          60501           0.0845998              1             no       0.292357     4.1651e-09          4  1 
           14.1          60554             4.69854              1             no       0.469922    3.06918e-09          4  1 
           14.1          60596            0.180826              1             no       0.379537    2.74207e-09          4  1 
           14.1          60787             5.03807              1             no       0.484741    2.71479e-09          4  1 
           14.1          60804             5.98066              1             no       0.536707    4.20238e-09          4  1 
           14.1          60867              5.5785              1             no       0.546562    2.57407e-09          4  1 
           14.1          60882             3.38974              1             no        0.39665    2.64198e-09          4  1 
           14.1          60891             1.23727              1             no       0.364169    2.64606e-09          4  1 
           14.1          60912             5.66289              1             no       0.519957    3.00232e-09          4  1 
           14.1          61096              5.8108              1             no       0.563252    4.28106e-09          4  1 
           14.1          61144             5.06541              1             no       0.488537    3.22338e-09          4  1 
           14.1          61447             2.43326              1             no       0.371124    2.48842e-09          4  1 
           14.1          61457             2.24051              1             no       0.372837    2.44287e-09          4  1 
           14.1          61567             1.84817              1             no       0.411648    2.66338e-09          4  1 
           14.1          61588             2.12935              1             no       0.362951    2.84091e-09          4  1 
           14.1          61680             5.73481              1             no       0.525539     3.8242e-09          4  1 
           14.1          61747            0.188577              1             no       0.354023    2.63374e-09          4  1 
           14.1          61783             3.24739              1             no       0.388879    3.05395e-09          4  1 
           14.1          61898            0.318573              1             no       0.299181    4.52835e-09          4  1 
           14.1          62002           0.0693313              1             no       0.255618    4.64803e-09          4  1 
           14.1          62060              4.4605              1             no       0.465525    2.96188e-09          4  1 
           14.1          62066            0.307103              1             no       0.387342    4.55461e-09          4  1 
           14.1          62105             1.73054              1             no       0.363193    3.68232e-09          4  1 
           14.1          62236             2.30429              1             no       0.371104    4.43256e-09          4  1 
           14.1          62279              2.6335              1             no       0.370726    3.40189e-09          4  1 
           14.1          62330            0.990406              1             no       0.410599    3.24788e-09          4  1 
           14.1          62365             2.43705              1             no       0.381782    2.64287e-09          4  1 
           14.1          62528            0.187915              1             no       0.345217    3.11096e-09          4  1 
           14.1          62570            0.848822              1             no       0.364781    4.15772e-09          4  1 
           14.1          62574           0.0355615              1             no       0.266703    4.41632e-09          4  1 
           14.1          62580             5.11796              1             no       0.486162    3.72048e-09          4  1 
           14.1          62596            0.035581              1             no         0.1237    2.52997e-09          4  1 
           14.1          62695              3.4505              1             no       0.414297    3.37347e-09          4  1 
           14.1          62916           0.0470323              1             no       0.255901    6.16477e-09          4  1 
           14.1          62924             3.74769              1             no       0.434199    2.64123e-09          4  1 
           14.1          62957             1.42618              1             no       0.359807     3.4378e-09          4  1 
           14.1          62962             5.10462              1             no       0.483694    2.83152e-09          4  1 
           14.1          63136              6.0387              1             no       0.541892    3.13919e-09          4  1 
           14.1          63178             3.67314              1             no       0.426161    3.48951e-09          4  1 
           14.1          63228            0.896049              1             no       0.397631    2.38303e-09          4  1 
           14.1          63354             0.15656              1             no       0.413982    5.76446e-09          4  1 
           14.1          63403            0.563706              1             no       0.342408    2.48782e-09          4  1 
           14.1          63451             4.62136              1             no       0.466721    3.00796e-09          4  1 
           14.1          63487              2.3811              1             no        0.37208    2.98335e-09          4  1 
           14.1          63655             3.59454              1             no       0.388956    3.14926e-09          4  1 
           14.1          63766             4.64048              1             no       0.474559    3.63297e-09          4  1 
           14.1          63792             5.24297              1             no       0.496345    3.78211e-09          4  1 
           14.1          64083             1.22909              1             no       0.355247    2.60444e-09          4  1 
           14.1          64194             4.19702              1             no       0.448389    3.13932e-09          4  1 
           14.1          64287            0.153444              1             no       0.347633    2.58328e-09          4  1 
           14.1          64292           0.0584253              1             no          0.314    2.75245e-09          4  1 
           14.1          64295             3.36806              1             no       0.418545    4.12448e-09          4  1 
           14.1          64337            0.662523              1             no       0.377906     4.5961e-09          4  1 
           14.1          64358             5.60565              1             no       0.515156    4.77054e-09          4  1 
           14.1          64383             5.24478              1             no       0.498713    3.55658e-09          4  1 
           14.1          64446           0.0215979              1             no       0.234445     1.2058e-08          4  1 
           14.1          64621             3.51492              1             no       0.417397    4.71525e-09          4  1 
           14.1          64665             5.83567              1             no       0.528814      3.324e-09          4  1 
           14.1          64738            0.464111              1             no       0.340187     2.6687e-09          4  1 
           14.1          64813             2.25773              1             no       0.375971    2.88702e-09          4  1 
           14.1          64834             1.93302              1             no       0.390888    3.81917e-09          4  1 
           14.1          64903             1.17735              1             no       0.388659    3.38485e-09          4  1 
           14.1          65022             4.48352              1             no       0.458891    3.27394e-09          4  1 
           14.1          65215              3.0364              1             no       0.368041    5.11876e-09          4  1 
           14.1          65272            0.227411              1             no       0.346493    2.71575e-09          4  1 
           14.1          65430             1.60899              1             no       0.389201    3.25671e-09          4  1 
           14.1          65486             4.33157              1             no       0.457696    3.77793e-09          4  1 
           14.1          65492             1.38489              1             no       0.371996    3.36885e-09          4  1 
           14.1          65502             3.76566              1             no       0.425863     2.8919e-09          4  1 
           14.1          65560           0.0361458              1             no       0.280172    3.93296e-09          4  1 
           14.1          65625             5.25004              1             no       0.491195    2.53466e-09          4  1 
           14.1          65630             1.80263              1             no       0.407105    2.73127e-09          4  1 
           14.1          65641             2.53143              1             no        0.37361    2.65929e-09          4  1 
           14.1          65647             2.30122              1             no       0.381332     3.8863e-09          4  1 
           14.1          65654             5.69724              1             no       0.520831    3.55285e-09          4  1 
           14.1          65739           0.0380933              1             no       0.148773    6.71364e-09          4  1 
           14.1          65764             5.15998              1             no       0.481821    3.14253e-09          4  1 
           14.1          65956            0.097356              1             no       0.247249     3.3851e-09          4  1 
           14.1          66008            0.161721              1             no       0.353565    4.65294e-09          4  1 
           14.1          66013             5.67823              1             no       0.521138     3.0097e-09          4  1 
           14.1          66086             4.91693              1             no       0.484499    2.74096e-09          4  1 
           14.1          66158            0.271405              1             no       0.360792    3.12268e-09          4  1 
           14.1          66284             5.97106              1             no       0.535646    3.37623e-09          4  1 
           14.1          66309             1.09386              1             no       0.373476    3.37253e-09          4  1 
           14.1          66315             4.41015              1             no       0.429921    2.72023e-09          4  1 
           14.1          66378             5.48919              1             no       0.503262    3.64078e-09          4  1 
           14.1          66379             1.10342              1             no       0.378376     2.6087e-09          4  1 
           14.1          66618             4.96915              1             no        0.49391    3.14862e-09          4  1 
           14.1          66625            0.674033              1             no       0.348743    2.95665e-09          4  1 
           14.1          66720             4.86786              1             no        0.48009    5.46815e-09          4  1 
           14.1          66759              5.8206              1             no       0.561247    2.93206e-09          4  1 
           14.1          66877             3.89901              1             no       0.440264    2.80363e-09          4  1 
           14.1          66983            0.103744              1             no       0.287404    3.56032e-09          4  1 
           14.1          67013             1.34592              1             no       0.384185     3.3512e-09          4  1 
           14.1          67058             3.96528              1             no       0.447055      2.725e-09          4  1 
           14.1          67441             3.50964              1             no       0.374564    4.69212e-09          4  1 
           14.1          67515           0.0623008              1             no       0.253829    5.70957e-09          4  1 
           14.1          67685            0.027343              1             no       0.022792    3.38315e-09          4  1 
           14.1          67742             5.85429              1             no       0.533469    3.84872e-09          4  1 
           14.1          67815             3.30056              1             no       0.380909    2.86851e-09          4  1 
           14.1          67892             1.70008              1             no       0.407354    2.67154e-09          4  1 
           14.1          67940             3.87671              1             no       0.438843     2.7932e-09          4  1 
           14.1          67956             4.33862              1             no       0.453447    3.23431e-09          4  1 
           14.1          68019             5.37694              1             no       0.502856    3.63097e-09          4  1 
           14.1          68453             1.34653              1             no       0.371646     3.1214e-09          4  1 
           14.1          68511               3.199              1             no       0.410134    4.70326e-09          4  1 
           14.1          68656             5.88514              1             no       0.534727    2.67243e-09          4  1 
           14.1          68689             3.49815              1             no       0.390754    4.21648e-09          4  1 
           14.1          68699             3.57991              1             no       0.416587    2.43056e-09          4  1 
           14.1          68834             1.14934              1             no       0.387098    4.15461e-09          4  1 
           14.1          68916             5.18419              1             no       0.495928    3.91379e-09          4  1 
           14.1          68925             1.48751              1             no       0.385716    4.00413e-09          4  1 
           14.1          68929             0.23002              1             no       0.389975    2.64826e-09          4  1 
           14.1          69123             4.94552              1             no       0.478454    3.33495e-09          4  1 
           14.1          69208             5.63605              1             no       0.517212     4.1796e-09          4  1 
           14.1          69266           0.0164954              1             no       0.115702    3.41484e-09          4  1 
           14.1          69278             1.17357              1             no       0.366047    4.89192e-09          4  1 
           14.1          69279             4.43518              1             no        0.46189    3.00132e-09          4  1 
           14.1          69296              1.3566              1             no       0.368773    2.94139e-09          4  1 
           14.1          69361             4.61363              1             no       0.460027    2.95771e-09          4  1 
           14.1          69473            0.839941              1             no       0.349765    4.53267e-09          4  1 
           14.1          69578             5.72776              1             no        0.51825    2.64542e-09          4  1 
           14.1          69634             3.14474              1             no       0.405462    3.15413e-09          4  1 
           14.1          69691              3.3694              1             no       0.419725    3.22764e-09          4  1 
           14.1          69862             4.19451              1             no       0.440597    3.12722e-09          4  1 
           14.1          69977            0.564855              1             no       0.370914    5.35396e-09          4  1 
           14.1          70234            0.157904              1             no       0.317711    4.34607e-09          4  1 
           14.1          70260             0.56431              1             no       0.397432    2.90508e-09          4  1 
           14.1          70400             5.20793              1             no       0.499104    2.66294e-09          4  1 
           14.1          70449            0.312945              1             no       0.349866    3.84127e-09          4  1 
           14.1          70464             5.69479              1             no       0.554248    3.77663e-09          4  1 
           14.1          70480             5.75539              1             no       0.557941    3.28967e-09          4  1 
           14.1          70644              4.2475              1             no       0.450158    2.93584e-09          4  1 
           14.1          70734             5.61745              1             no       0.523566    3.26183e-09          4  1 
           14.1          70882             1.25209              1             no       0.403238    2.63372e-09          4  1 
           14.1          70883             4.92451              1             no       0.485174    2.73627e-09          4  1 
           14.1          70889           0.0145674              1             no       0.129679    5.23407e-09          4  1 
           14.1          70996              1.5011              1             no       0.358546    4.38071e-09          4  1 
           14.1          71095            0.749246              1             no       0.387815    2.40918e-09          4  1 
           14.1          71281             5.12053              1             no       0.484941    3.35443e-09          4  1 
           14.1          71320             2.05036              1             no       0.367322    2.47991e-09          4  1 
           14.1          71364             5.93718              1             no       0.534183    2.43066e-09          4  1 
           14.1          71369             4.95302              1             no       0.484276    2.86274e-09          4  1 
           14.1          71384             4.39422              1             no        0.46354    3.20927e-09          4  1 
           14.1          71454             4.91298              1             no       0.481881    2.77352e-09          4  1 
           14.1          71505            0.798985              1             no       0.397187    3.12161e-09          4  1 
           14.1          71600             4.65256              1             no       0.466329    3.93201e-09          4  1 
           14.1          71615             3.20661              1             no       0.381107     3.0503e-09          4  1 
           14.1          71690             5.07309              1             no       0.487671    3.23389e-09          4  1 
           14.1          71715             5.29078              1             no       0.498618    2.72728e-09          4  1 
           14.1          71723             5.12532              1             no       0.488538    3.12043e-09          4  1 
           14.1          71801             5.20974              1             no       0.495978    3.52388e-09          4  1 
           14.1          71827             5.08738              1             no       0.492365    2.64814e-09          4  1 
           14.1          71843             5.67872              1             no       0.517705    2.82546e-09          4  1 
           14.1          71888             1.00137              1             no       0.369793    4.47079e-09          4  1 
           14.1          72040            0.372169              1             no       0.333333    2.36079e-09          4  1 
           14.1          72249             3.74973              1             no       0.409307    2.81851e-09          4  1 
           14.1          72250            0.469798              1             no       0.372673    4.83745e-09          4  1 
           14.1          72273             5.97998              1             no       0.536244    3.11467e-09          4  1 
           14.1          72357             5.66036              1             no       0.554685     4.2631e-09          4  1 
           14.1          72429            0.654227              1             no       0.361296    2.75974e-09          4  1 
           14.1          72520             4.21363              1             no       0.461014    4.35816e-09          4  1 
           14.1          72563            0.872387              1             no       0.396629    4.72204e-09          4  1 
           14.1          72646             0.72755              1             no       0.365062    4.13599e-09          4  1 
           14.1          72731             4.98757              1             no       0.481952    4.15187e-09          4  1 
           14.1          72866             5.45491              1             no       0.506564    3.84396e-09          4  1 
           14.1          72874             3.13339              1             no       0.393916    3.04046e-09          4  1 
           14.1          72919             5.16197              1             no       0.492758    2.73126e-09          4  1 
           14.1          73045              1.3536              1             no       0.398955      3.627e-09          4  1 
           14.1          73135             5.87854              1             no       0.566008    4.65301e-09          4  1 
           14.1          73145             4.18305              1             no       0.446236    3.09722e-09          4  1 
           14.1          73158             2.00691              1             no        0.40099    2.43317e-09          4  1 
           14.1          73196              4.0776              1             no       0.438973    3.27571e-09          4  1 
           14.1          73255             4.74956              1             no        0.47401    3.64692e-09          4  1 
           14.1          73260             5.71567              1             no       0.519367    2.59195e-09          4  1 
           14.1          73430              5.5615              1             no       0.513149    2.62918e-09          4  1 
           14.1          73490             3.92838              1             no       0.442515    2.68834e-09          4  1 
           14.1          73575            0.621041              1             no       0.386779    5.81882e-09          4  1 
           14.1          73668             5.48021              1             no       0.508163    2.67314e-09          4  1 
           14.1          73878             5.59823              1             no        0.51897     3.1989e-09          4  1 
           14.1          73951            0.830983              1             no       0.375776    2.68556e-09          4  1 
           14.1          74092            0.501055              1             no        0.42584    3.83991e-09          4  1 
           14.1          74102            0.755614              1             no       0.403954    3.35416e-09          4  1 
           14.1          74150             4.57684              1             no       0.464461    2.69105e-09          4  1 
           14.1          74155            0.972625              1             no       0.352529    3.58856e-09          4  1 
           14.1          74183             1.14934              1             no       0.392131    3.24136e-09          4  1 
           14.1          74192             4.27429              1             no       0.429516    4.67681e-09          4  1 
           14.1          74725            0.150211              1             no       0.329184    3.52211e-09          4  1 
           14.1          74840             2.00823              1             no        0.41757    2.86198e-09          4  1 
           14.1          74897             2.04837              1             no       0.389422    3.60276e-09          4  1 
           14.1          74939              4.7823              1             no       0.464652    4.29819e-09          4  1 
           14.1          74958             1.27237              1             no       0.403778    2.51419e-09          4  1 
           14.1          75011             1.56356              1             no       0.369882    4.59932e-09          4  1 
           14.1          75025             2.38028              1             no       0.400828    4.03049e-09          4  1 
           14.1          75058             5.02973              1             no       0.485811    3.49439e-09          4  1 
           14.1          75117             4.05405              1             no       0.442954    2.86923e-09          4  1 
           14.1          75230           0.0259992              1             no       0.168539    4.50346e-09          4  1 
           14.1          75743             4.93526              1             no       0.480857     2.4229e-09          4  1 
           14.1          75882             1.80783              1             no       0.378108      2.636e-09          4  1 
           14.1          75951             3.81406              1             no       0.427965    2.48624e-09          4  1 
           14.1          75992              4.9455              1             no        0.48517    2.83342e-09          4  1 
           14.1          76003             2.38798              1             no        0.39634     4.5212e-09          4  1 
           14.1          76020             5.41205              1             no       0.509378    3.34194e-09          4  1 
           14.1          76317             5.95449              1             no       0.573248    4.18009e-09          4  1 
           14.1          76386             0.18663              1             no         0.3645    3.31854e-09          4  1 
           14.1          76457             5.83709              1             no       0.562703    4.59846e-09          4  1 
           14.1          76464           0.0234675              1             no       0.161826    3.27129e-09          4  1 
           14.1          76477             5.23987              1             no       0.495326    3.06384e-09          4  1 
           14.1          76528            0.103763              1             no       0.398086    2.75021e-09          4  1 
           14.1          76631             1.05812              1             no       0.382519     2.8799e-09          4  1 
           14.1          76737            0.059769              1             no       0.254154    4.02726e-09          4  1 
           14.1          76745             4.97764              1             no       0.480782    4.84755e-09          4  1 
           14.1          76754             2.50905              1             no       0.396782    3.97789e-09          4  1 
           14.1          76780              5.7663              1             no       0.519602    3.43611e-09          4  1 
           14.1          76887            0.807223              1             no       0.370117    2.58344e-09          4  1 
           14.1          76902             4.98397              1             no       0.477846    3.49963e-09          4  1 
           14.1          76908            0.324397              1             no       0.357027     3.2066e-09          4  1 
           14.1          76922             2.31522              1             no       0.413203    2.98917e-09          4  1 
           14.1          77007             4.60039              1             no       0.475944    4.00734e-09          4  1 
           14.1          77033              2.5926              1             no       0.376131    2.83846e-09          4  1 
           14.1          77035             5.85193              1             no       0.566761     2.9287e-09          4  1 
           14.1          77134             1.77983              1             no       0.366845    4.51633e-09          4  1 
           14.1          77140             5.64813              1             no       0.518361    2.99583e-09          4  1 
           14.1          77171             3.58694              1             no       0.397804    2.63039e-09          4  1 
           14.1          77270              5.3411              1             no        0.50227    3.15932e-09          4  1 
           14.1          77329             6.09487              1             no       0.581208     4.4773e-09          4  1 
           14.1          77466             5.49307              1             no       0.506048    4.07573e-09          4  1 
           14.1          77843             1.71778              1             no       0.364791    3.46533e-09          4  1 
           14.1          77845            0.119674              1             no       0.286249     3.6459e-09          4  1 
           14.1          78045            0.178353              1             no       0.377921    4.77947e-09          4  1 
           14.1          78071            0.042592              1             no       0.462734     5.2673e-09          4  1 
           14.1          78132             5.75602              1             no       0.523955    4.76572e-09          4  1 
           14.1          78309              2.2757              1             no       0.371324    2.36659e-09          4  1 
           14.1          78455             5.64881              1             no       0.551747    4.61979e-09          4  1 
           14.1          78587             1.97622              1             no       0.371672     3.1806e-09          4  1 
           14.1          78659              4.2799              1             no       0.452069    3.48236e-09          4  1 
           14.1          78732             4.86698              1             no       0.485251    3.09288e-09          4  1 
           14.1          78765             4.05146              1             no       0.422904     3.2301e-09          4  1 
           14.1          79007             5.98705              1             no       0.573982     2.6429e-09          4  1 
           14.1          79057             3.54158              1             no       0.385055    3.56428e-09          4  1 
           14.1          79137              4.0669              1             no       0.441411    3.45423e-09          4  1 
           14.1          79206             5.49758              1             no       0.508307     2.8963e-09          4  1 
           14.1          79444             3.11866              1             no       0.379396    2.87475e-09          4  1 
           14.1          79582             3.88808              1             no       0.428723    2.88832e-09          4  1 
           14.1          79723             4.36682              1             no       0.457266    3.09818e-09          4  1 
           14.1          79820             1.84813              1             no       0.388885       3.55e-09          4  1 
           14.1          79845             2.72554              1             no       0.373926     4.5571e-09          4  1 
           14.1          80220               2.767              1             no       0.367465    4.80943e-09          4  1 
           14.1          80369             5.07883              1             no        0.49202    2.63007e-09          4  1 
           14.1          80431             5.13578              1             no       0.500504    2.38827e-09          4  1 
           14.1          80447              2.3344              1             no       0.369346    2.67362e-09          4  1 
           14.1          80528             4.88237              1             no       0.517332    2.65171e-09          4  1 
           14.1          80611            0.998683              1             no       0.349649    2.54254e-09          4  1 
           14.1          80631            0.117746              1             no       0.328812    3.08153e-09          4  1 
           14.1          80776             4.02342              1             no       0.447735    3.13627e-09          4  1 
           14.1          80871             5.68398              1             no       0.522187    2.76195e-09          4  1 
           14.1          80895             4.23979              1             no       0.446723     2.5507e-09          4  1 
           14.1          80904             3.01457              1             no       0.403499    3.84938e-09          4  1 
           14.1          80950             1.75358              1             no        0.36031    2.96835e-09          4  1 
           14.1          80962             5.86194              1             no       0.527002    2.69563e-09          4  1 
           14.1          81034             4.78676              1             no       0.482882    4.72061e-09          4  1 
           14.1          81060              4.8929              1             no        0.48225    3.51582e-09          4  1 
           14.1          81159             4.78207              1             no       0.476656    2.91751e-09          4  1 
           14.1          81166             3.64011              1             no       0.427096    3.22953e-09          4  1 
           14.1          81170             0.91009              1             no       0.378806    2.68568e-09          4  1 
           14.1          81180            0.111398              1             no       0.296503    3.20911e-09          4  1 
           14.1          81219            0.194225              1             no       0.369798    2.64151e-09          4  1 
           14.1          81485             5.17513              1             no       0.505425    2.75059e-09          4  1 
           14.1          81570             4.56272              1             no       0.464204    3.62387e-09          4  1 
           14.1          81624            0.265056              1             no        0.34313    2.87989e-09          4  1 
           14.1          81628             4.14149              1             no       0.444831    3.37559e-09          4  1 
           14.1          81638             1.97824              1             no       0.365187    4.31657e-09          4  1 
           14.1          82011            0.891628              1             no       0.393203     2.4325e-09          4  1 
           14.1          82248            0.093422              1             no       0.420888    4.15643e-09          4  1 
           14.1          82373              3.4844              1             no       0.426234    2.75801e-09          4  1 
           14.1          82601             3.69553              1             no       0.426867    2.57605e-09          4  1 
           14.1          82645             2.83645              1             no       0.372097    4.59428e-09          4  1 
           14.1          82693            0.262485              1             no       0.395162    3.37624e-09          4  1 
           14.1          82790             5.02401              1             no       0.481399    2.53665e-09          4  1 
           14.1          82883             5.62957              1             no       0.514286    4.49814e-09          4  1 
           14.1          82952             1.21001              1             no       0.384076    2.91482e-09          4  1 
           14.1          82990             2.71588              1             no       0.373141    2.71573e-09          4  1 
           14.1          82991            0.627332              1             no       0.352198    4.90982e-09          4  1 
           14.1          83034             2.39298              1             no        0.38323    3.51529e-09          4  1 
           14.1          83131           0.0546081              1             no       0.370899    3.69449e-09          4  1 
           14.1          83246              4.0847              1             no       0.439935    2.61763e-09          4  1 
           14.1          83437             5.00629              1             no       0.491786    2.63221e-09          4  1 
           14.1          83613             1.87545              1             no       0.359013    2.68963e-09          4  1 
           14.1          83665            0.614069              1             no       0.387016    2.66627e-09          4  1 
           14.1          83717            0.115176              1             no       0.408015    2.46214e-09          4  1 
           14.1          83728             3.76942              1             no       0.404441    3.00511e-09          4  1 
           14.1          83735             5.93534              1             no       0.527687    2.76986e-09          4  1 
           14.1          83755               3.178              1             no       0.381958    3.24226e-09          4  1 
           14.1          83789             5.66267              1             no       0.517002    3.07731e-09          4  1 
           14.1          83824            0.578878              1             no       0.368591    4.71351e-09          4  1 
           14.1          83899             4.59263              1             no       0.463674    2.66928e-09          4  1 
           14.1          84036           0.0412872              1             no       0.183491    3.44385e-09          4  1 
           14.1          84071             6.05297              1             no       0.538349    4.63796e-09          4  1 
           14.1          84076             1.55259              1             no       0.363375    3.21409e-09          4  1 
           14.1          84117           0.0348604              1             no       0.234637    4.81872e-09          4  1 
           14.1          84125             2.43577              1             no       0.364969    3.71154e-09          4  1 
           14.1          84126             3.93537              1             no       0.409582    3.68394e-09          4  1 
           14.1          84127             4.72399              1             no       0.467118    3.38788e-09          4  1 
           14.1          84324             5.61299              1             no       0.512394    3.75179e-09          4  1 
           14.1          84443             3.14805              1             no       0.406056    4.28896e-09          4  1 
           14.1          84565            0.444246              1             no       0.386919    2.75556e-09          4  1 
           14.1          84684           0.0229027              1             no      0.0552721    3.92167e-09          4  1 
           14.1          84781             4.66666              1             no       0.472573    2.60336e-09          4  1 
           14.1          84791            0.337114              1             no       0.367995    3.23156e-09          4  1 
           14.1          85002             3.61134              1             no        0.39427    4.76896e-09          4  1 
           14.1          85109             5.12734              1             no        0.49073    4.12892e-09          4  1 
           14.1          85183              3.9321              1             no       0.432324    2.62604e-09          4  1 
           14.1          85195             3.67746              1             no       0.428419    3.73544e-09          4  1 
           14.1          85199             3.85476              1             no       0.438335    4.73056e-09          4  1 
           14.1          85300             2.54051              1             no       0.369531    2.63616e-09          4  1 
           14.1          85411             4.13565              1             no       0.443741    2.80841e-09          4  1 
           14.1          85458           0.0610155              1             no       0.259815    2.69021e-09          4  1 
           14.1          85461              5.7738              1             no       0.524534    2.60423e-09          4  1 
           14.1          85462             5.78284              1             no       0.522522    4.88129e-09          4  1 
           14.1          85511             2.12251              1             no       0.368047    4.06404e-09          4  1 
           14.1          85565             1.31971              1             no        0.37148    3.96003e-09          4  1 
           14.1          85910             4.70047              1             no       0.480034    2.81131e-09          4  1 
           14.1          85971           0.0800426              1             no       0.371776       2.89e-09          4  1 
           14.1          86030            0.593523              1             no       0.395885    4.10682e-09          4  1 
           14.1          86215             5.31045              1             no       0.498909    2.66765e-09          4  1 
           14.1          86266              3.5915              1             no       0.411534    3.68695e-09          4  1 
           14.1          86304             5.69356              1             no       0.523987      2.877e-09          4  1 
           14.1          86309            0.416261              1             no       0.353326    5.85889e-09          4  1 
           14.1          86319              5.4582              1             no       0.546499    4.70434e-09          4  1 
           14.1          86413             4.31451              1             no       0.451115    3.42333e-09          4  1 
           14.1          86435            0.578293              1             no       0.384488    3.46712e-09          4  1 
           14.1          86473            0.362022              1             no       0.376352    2.68985e-09          4  1 
           14.1          86507              4.8619              1             no       0.478019    4.45198e-09          4  1 
           14.1          86516             4.16007              1             no       0.443032    3.71966e-09          4  1 
           14.1          86551             1.79907              1             no       0.371106     2.9225e-09          4  1 
           14.1          86612            0.510676              1             no        0.39669    2.74336e-09          4  1 
           14.1          86633             4.83325              1             no       0.480864    3.56143e-09          4  1 
           14.1          86686             4.79416              1             no       0.478098    4.38345e-09          4  1 
           14.1          86764            0.199347              1             no       0.344177     4.0341e-09          4  1 
           14.1          86783            0.416202              1             no       0.422254    3.29652e-09          4  1 
           14.1          86795             4.78779              1             no       0.472995    3.99732e-09          4  1 
           14.1          86914             4.09882              1             no         0.4238     4.1905e-09          4  1 
           14.1          86915             4.75845              1             no       0.475937    3.59067e-09          4  1 
           14.1          87088             3.75351              1             no       0.396806    2.46741e-09          4  1 
           14.1          87218             5.00292              1             no       0.482759     2.8121e-09          4  1 
           14.1          87335             2.27453              1             no       0.379118    2.82336e-09          4  1 
           14.1          87382             4.14593              1             no       0.435434    3.10743e-09          4  1 
           14.1          87512             5.70827              1             no        0.52176     2.8636e-09          4  1 
           14.1          87563             3.54797              1             no       0.389576    2.53343e-09          4  1 
           14.1          87608             4.31262              1             no       0.457996    3.52124e-09          4  1 
           14.1          87664              4.6251              1             no       0.463712    3.15649e-09          4  1 
           14.1          87717             3.20412              1             no       0.409308    3.37524e-09          4  1 
           14.1          87788             4.03489              1             no        0.41675    3.38275e-09          4  1 
           14.1          87796             5.29843              1             no       0.491017    3.80193e-09          4  1 
           14.1          87839             5.87733              1             no        0.52998    3.60432e-09          4  1 
           14.1          87888              4.3381              1             no       0.454867    3.03985e-09          4  1 
           14.1          87896             4.33471              1             no        0.44944    3.64807e-09          4  1 
           14.1          87996             4.63493              1             no       0.471312    2.49627e-09          4  1 
           14.1          88082            0.541271              1             no       0.351779    2.42745e-09          4  1 
           14.1          88110           0.0616192              1             no       0.286662    5.69974e-09          4  1 
           14.1          88120             2.10514              1             no       0.365312    4.26862e-09          4  1 
           14.1          88418            0.052797              1             no       0.228329    4.76905e-09          4  1 
           14.1          88548            0.299488              1             no       0.331252    3.91389e-09          4  1 
           14.1          88592             1.24826              1             no       0.357969    6.12374e-09          4  1 
           14.1          88600             1.45759              1             no        0.38452    4.21132e-09          4  1 
           14.1          88641             4.22247              1             no       0.452623    3.09874e-09          4  1 
           14.1          88674             3.21612              1             no       0.392643    3.41871e-09          4  1 
           14.1          88842             2.80079              1             no       0.414236    2.69676e-09          4  1 
           14.1          88919              4.5797              1             no       0.464945    4.50189e-09          4  1 
           14.1          89133            0.664471              1             no        0.38354    5.67199e-09          4  1 
           14.1          89147             4.53635              1             no       0.470955     2.6508e-09          4  1 
           14.1          89232             3.29411              1             no       0.418452    4.28005e-09          4  1 
           14.1          89292             5.81283              1             no       0.525645    2.75525e-09          4  1 
           14.1          89298             0.12353              1             no       0.334384    4.51054e-09          4  1 
           14.1          89307            0.883293              1             no       0.395414    4.18913e-09          4  1 
           14.1          89330            0.569958              1             no       0.404531     3.2218e-09          4  1 
           14.1          89348             2.27559              1             no       0.418688    4.85042e-09          4  1 
           14.1          89398             2.29789              1             no       0.378537    3.91588e-09          4  1 
           14.1          89551            0.541291              1             no       0.407174    2.66121e-09          4  1 
           14.1          89675           0.0661179              1             no       0.306922    3.02595e-09          4  1 
           14.1          89779             4.06096              1             no       0.434939    3.51596e-09          4  1 
           14.1          89858            0.488299              1             no       0.331073    3.16284e-09          4  1 
           14.1          89963              3.7242              1             no        0.39755    2.64779e-09          4  1 
           14.1          90111            0.928981              1             no       0.338001    4.00521e-09          4  1 
           14.1          90132             3.69912              1             no       0.426596    3.86848e-09          4  1 
           14.1          90336             5.71662              1             no       0.521781    2.45051e-09          4  1 
           14.1          90366             5.00239              1             no       0.491032    2.84587e-09          4  1 
           14.1          90427             4.79993              1             no       0.474745     3.2809e-09          4  1 
           14.1          90456             1.51954              1             no        0.38057    4.61575e-09          4  1 
           14.1          90463             5.59712              1             no       0.512723    3.38948e-09          4  1 
           14.1          90477             3.58887              1             no       0.424457     2.4767e-09          4  1 
           14.1          90508           0.0126783              1             no       0.149002    3.69828e-09          4  1 
           14.1          90530             5.41832              1             no       0.504414    2.77514e-09          4  1 
           14.1          90621            0.126685              1             no       0.295311    4.34244e-09          4  1 
           14.1          90665            0.561077              1             no       0.355293    2.78187e-09          4  1 
           14.1          90677            0.225463              1             no       0.355187    2.67467e-09          4  1 
           14.1          90751             3.76117              1             no       0.430437    3.55582e-09          4  1 
           14.1          90783              3.7695              1             no       0.424071    2.81163e-09          4  1 
           14.1          90855            0.293081              1             no       0.294903    3.89134e-09          4  1 
           14.1          91026            0.257363              1             no       0.450019    5.28304e-09          4  1 
           14.1          91281             2.20037              1             no         0.3797    3.43285e-09          4  1 
           14.1          91324          0.00381712              1             no              0    4.47738e-09          4  1 
           14.1          91360             5.52499              1             no       0.505088    3.10245e-09          4  1 
           14.1          91579             1.47089              1             no       0.363221    2.78138e-09          4  1 
           14.1          91591             1.57624              1             no       0.376198     3.6921e-09          4  1 
           14.1          91696             0.15658              1             no       0.381219    3.69384e-09          4  1 
           14.1          91730           0.0361652              1             no       0.280022    6.41868e-09          4  1 
           14.1          91787             5.67235              1             no       0.524466      3.288e-09          4  1 
           14.1          91926             3.18757              1             no       0.393215    3.88726e-09          4  1 
           14.1          91943             5.26776              1             no       0.498623    2.77615e-09          4  1 
           14.1          92122             2.69362              1             no       0.378842    2.45666e-09          4  1 
           14.1          92273             3.02614              1             no       0.379393    4.15622e-09          4  1 
           14.1          92323             4.45041              1             no        0.46788    3.06062e-09          4  1 
           14.1          92396             4.49888              1             no       0.461566    2.51117e-09          4  1 
           14.1          92431             1.93358              1             no       0.389485    4.64723e-09          4  1 
           14.1          92526             5.60544              1             no        0.51265    2.69355e-09          4  1 
           14.1          92550             4.65053              1             no       0.468848    3.27396e-09          4  1 
           14.1          92570            0.571185              1             no       0.361178    2.86299e-09          4  1 
           14.1          92613             5.37692              1             no       0.500467    3.38443e-09          4  1 
           14.1          92619             1.78814              1             no       0.410436    3.32275e-09          4  1 
           14.1          92667            0.312205              1             no       0.346267    3.55627e-09          4  1 
           14.1          92704             6.08022              1             no       0.579984    4.87877e-09          4  1 
           14.1          92720             1.98975              1             no       0.369535    3.18317e-09          4  1 
           14.1          92735              2.5238              1             no        0.37197    4.14502e-09          4  1 
           14.1          92754             1.64267              1             no        0.37616    2.59452e-09          4  1 
           14.1          92823             3.26786              1             no       0.377456    3.97004e-09          4  1 
           14.1          92991             2.38615              1             no       0.394514    3.05566e-09          4  1 
           14.1          93027             5.84336              1             no       0.526695    2.83847e-09          4  1 
           14.1          93161             5.20787              1             no       0.490128    2.62696e-09          4  1 
           14.1          93164            0.796531              1             no       0.381589    4.27755e-09          4  1 
           14.1          93182             4.77266              1             no       0.460902    2.49399e-09          4  1 
           14.1          93348          0.00761476              1             no              0    5.37921e-09          4  1 
           14.1          93417             1.39512              1             no       0.363784    3.73595e-09          4  1 
           14.1          93458              5.2914              1             no        0.49482    3.29651e-09          4  1 
           14.1          93473             5.06685              1             no       0.486146    3.29777e-09          4  1 
           14.1          93535             4.70949              1             no       0.470054    3.02471e-09          4  1 
           14.1          93766             3.87225              1             no       0.435249    2.36636e-09          4  1 
           14.1          93892             2.53398              1             no       0.359877    2.97738e-09          4  1 
           14.1          93951            0.068046              1             no       0.288495    6.67629e-09          4  1 
           14.1          94035             2.27187              1             no       0.372534    4.04818e-09          4  1 
           14.1          94183             5.51671              1             no       0.506545    2.56086e-09          4  1 
           14.1          94318             4.98847              1             no       0.484329    2.47102e-09          4  1 
           14.1          94422          0.00888064              1             no              0    6.50478e-09          4  1 
           14.1          94440             5.63408              1             no       0.549781    4.47979e-09          4  1 
           14.1          94483             5.95322              1             no       0.571881    2.65763e-09          4  1 
           14.1          94542             0.95352              1             no       0.411797    2.54444e-09          4  1 
           14.1          94560             3.32858              1             no       0.408384    4.52847e-09          4  1 
           14.1          94590              3.8109              1             no       0.432679    2.73422e-09          4  1 
           14.1          94624             4.99407              1             no       0.491963    3.60966e-09          4  1 
           14.1          94758             5.50586              1             no       0.504519    3.04954e-09          4  1 
           14.1          94771             2.99418              1             no       0.363227    2.87853e-09          4  1 
           14.1          94862             3.93292              1             no       0.425114    2.79444e-09          4  1 
           14.1          94951          0.00253176              1             no              0    4.55177e-09          4  1 
           14.1          94972            0.236369              1             no        0.32817    3.33165e-09          4  1 
           14.1          95052             3.40257              1             no       0.395166    4.23633e-09          4  1 
           14.1          95111             3.53085              1             no       0.386964    5.30605e-09          4  1 
           14.1          95195             4.91113              1             no       0.482463     3.5647e-09          4  1 
           14.1          95308             6.04448              1             no       0.579083    3.03729e-09          4  1 
           14.1          95331              2.0828              1             no       0.379029    3.40077e-09          4  1 
           14.1          95386             5.35201              1             no        0.50732    2.83398e-09          4  1 
           14.1          95468             4.71959              1             no       0.474164    3.35984e-09          4  1 
           14.1          95478             4.55439              1             no       0.462253    2.88385e-09          4  1 
           14.1          95617             3.68268              1             no       0.405808    3.07645e-09          4  1 
           14.1          95699             4.83829              1             no       0.470199    2.74854e-09          4  1 
           14.1          95713            0.604935              1             no       0.346179    3.89672e-09          4  1 
           14.1          95794             5.92317              1             no       0.536527    3.52855e-09          4  1 
           14.1          95830            0.976461              1             no       0.389657     3.1939e-09          4  1 
           14.1          96161             4.37775              1             no       0.454239    2.67337e-09          4  1 
           14.1          96175            0.166785              1             no       0.422816     3.5296e-09          4  1 
           14.1          96271               2.483              1             no       0.421229    2.63503e-09          4  1 
           14.1          96276             2.52968              1             no       0.370613    4.37407e-09          4  1 
           14.1          96418            0.250937              1             no       0.357082    3.54723e-09          4  1 
           14.1          96437             1.60309              1             no       0.374658    4.55402e-09          4  1 
           14.1          96441             2.60857              1             no       0.406073     2.7365e-09          4  1 
           14.1          96598             2.13969              1             no       0.370754    3.67879e-09          4  1 
           14.1          96626          0.00888064              1             no              0    3.56628e-09          4  1 
           14.1          96695            0.409853              1             no       0.374293    2.60407e-09          4  1 
           14.1          96706             1.38483              1             no       0.372926    3.09136e-09          4  1 
           14.1          96800            0.532975              1             no       0.383637    4.55523e-09          4  1 
           14.1          96810             5.39544              1             no       0.502435    3.47812e-09          4  1 
           14.1          96866             4.96547              1             no       0.488389    2.89187e-09          4  1 
           14.1          97005            0.762664              1             no       0.339138    4.33753e-09          4  1 
           14.1          97026             3.27939              1             no       0.387448    2.76732e-09          4  1 
           14.1          97066             2.41604              1             no       0.372447    2.67121e-09          4  1 
           14.1          97082           0.0686497              1             no       0.369645    2.81039e-09          4  1 
           14.1          97105            0.325682              1             no       0.400765    2.62741e-09          4  1 
           14.1          97227             6.08896              1             no       0.542552    3.50785e-09          4  1 
           14.1          97309             2.53281              1             no       0.366609    2.96337e-09          4  1 
           14.1          97486             5.43682              1             no       0.508217    3.48452e-09          4  1 
           14.1          97546             5.56135              1             no       0.512116    3.24393e-09          4  1 
           14.1          97584             1.18321              1             no       0.392725     3.3648e-09          4  1 
           14.1          97618             1.44797              1             no        0.39805    4.12256e-09          4  1 
           14.1          97623            0.153425              1             no       0.355928    3.25328e-09          4  1 
           14.1          97640               5.451              1             no       0.505627     3.0252e-09          4  1 
           14.1          97716            0.413729              1             no       0.372387    2.89553e-09          4  1 
           14.1          97733              2.3018              1             no       0.379577    4.75226e-09          4  1 
           14.1          97855            0.005083              1             no              0    8.32732e-09          4  1 
           14.1          97905             5.57143              1             no       0.503712    3.40541e-09          4  1 
           14.1          97907             5.12495              1             no       0.492229     2.7433e-09          4  1 
           14.1          97953            0.121544              1             no       0.355071    2.71886e-09          4  1 
           14.1          97967             1.71788              1             no        0.37079    3.12924e-09          4  1 
           14.1          98103           0.0215589              1             no       0.233966    6.05141e-09          4  1 
           14.1          98108             5.26408              1             no       0.494247     3.9157e-09          4  1 
           14.1          98141           0.0101076              1             no       0.188825    3.84969e-09          4  1 
           14.1          98181             2.33765              1             no       0.378954    4.02174e-09          4  1 
           14.1          98238            0.333277              1             no        0.35698    3.79599e-09          4  1 
           14.1          98287             1.82238              1             no       0.373967    3.00497e-09          4  1 
           14.1          98449             3.73443              1             no       0.424304    2.98013e-09          4  1 
           14.1          98554             2.12631              1             no       0.378784    2.97633e-09          4  1 
           14.1          98558             4.44525              1             no       0.466846    3.14898e-09          4  1 
           14.1          98571             5.46175              1             no       0.513026    4.30854e-09          4  1 
           14.1          98788           0.0291737              1             no         0.1502     2.8997e-09          4  1 
           14.1          98821             2.14547              1             no       0.375437     3.2311e-09          4  1 
           14.1          98886             0.24969              1             no       0.366664    2.86558e-09          4  1 
           14.1          98897             2.83851              1             no       0.373905    4.10095e-09          4  1 
           14.1          99006             3.20971              1             no       0.380939    3.06921e-09          4  1 
           14.1          99081              4.1797              1             no       0.446719    3.43962e-09          4  1 
           14.1          99192            0.725642              1             no       0.368706    3.88655e-09          4  1 
           14.1          99203             5.50325              1             no       0.505222    2.79777e-09          4  1 
           14.1          99355             4.41214              1             no       0.458935    3.78516e-09          4  1 
           14.1          99379             1.57246              1             no       0.397389    2.41652e-09          4  1 
           14.1          99417              4.3158              1             no       0.452041    3.99137e-09          4  1 
           14.1          99739             6.03025              1             no       0.538404    3.20843e-09          4  1 
           14.1          99745          0.00952332              1             no       0.198364    3.69989e-09          4  1 
           14.1          99957            0.349208              1             no        0.36791    4.47104e-09          4  1 
           14.1          99976             5.51906              1             no       0.512878    3.93163e-09          4  1 