 source_e (MeV)            NPS   det_pulse (MeVee)       det_cell     corr_count            PSD       time (s)  cells_history


              8             15            0.859144              1             no       0.367522    4.17592e-09          4  1 
              8             72            0.362221              1             no       0.418424    4.27576e-09          4  1 
              8            140             1.20398              1             no       0.368263     3.3569e-09          4  1 
              8            151            0.502147              1             no       0.397353    6.80124e-09          4  1 
              8            152             2.22581              1             no       0.390816    5.50658e-09          4  1 
              8            209             1.40518              1             no       0.387882    3.55484e-09          4  1 
              8            218            0.084591              1             no        0.32212    4.43736e-09          4  1 
              8            382             3.28523              1             no       0.390582    4.12849e-09          4  1 
              8            421             3.19403              1             no       0.404932    3.81622e-09          4  1 
              8            495            0.790243              1             no        0.39557    3.69071e-09          4  1 
              8            535            0.993788              1             no       0.363249     5.7086e-09          4  1 
              8            546             2.94996              1             no       0.386224    3.20965e-09          4  1 
              8            547             0.16312              1             no       0.385829    3.51042e-09          4  1 
              8            751            0.290202              1             no       0.362079    3.88654e-09          4  1 
              8            779             2.08135              1             no       0.407548    3.57736e-09          4  1 
              8            791             3.26995              1             no        0.38715    4.02664e-09          4  1 
              8            894             1.83746              1             no        0.39421     3.1971e-09          4  1 
              8           1016             2.72896              1             no       0.376585    3.34831e-09          4  1 
              8           1025             1.78826              1             no       0.388248    6.26298e-09          4  1 
              8           1041            0.573776              1             no       0.400231    5.02433e-09          4  1 
              8           1103            0.625369              1             no       0.374038    7.34342e-09          4  1 
              8           1114             1.68231              1             no       0.395264    5.11494e-09          4  1 
              8           1134             3.29862              1             no       0.409282    3.92769e-09          4  1 
              8           1195           0.0171716              1             no      0.0737798    6.07605e-09          4  1 
              8           1255             1.02961              1             no       0.369806    6.16358e-09          4  1 
              8           1260             3.05093              1             no       0.408637    4.21749e-09          4  1 
              8           1345             1.40441              1             no       0.374344     4.5765e-09          4  1 
              8           1360             2.46212              1             no       0.368165    3.47624e-09          4  1 
              8           1389             2.16126              1             no       0.378302    4.81619e-09          4  1 
              8           1399            0.773579              1             no       0.397314    7.22184e-09          4  1 
              8           1557             1.38008              1             no       0.384614    4.03091e-09          4  1 
              8           1583           0.0318093              1             no       0.139093    4.01321e-09          4  1 
              8           1608             1.90706              1             no       0.391515    4.71637e-09          4  1 
              8           1626             1.66438              1             no       0.352679      4.108e-09          4  1 
              8           1681             2.34602              1             no       0.377156     4.0344e-09          4  1 
              8           1741             2.42186              1             no       0.401948    3.49541e-09          4  1 
              8           1787             1.50981              1             no       0.376546    4.22078e-09          4  1 
              8           1809             1.96023              1             no       0.381243    6.63404e-09          4  1 
              8           1932             1.14646              1             no       0.372849    3.37764e-09          4  1 
              8           1997             1.14073              1             no       0.404401    3.49597e-09          4  1 
              8           2057            0.108273              1             no       0.322592    4.97144e-09          4  1 
              8           2116             1.70008              1             no        0.36592    5.86328e-09          4  1 
              8           2142             1.96768              1             no       0.372332    3.83355e-09          4  1 
              8           2151            0.029217              1             no       0.172782    4.77007e-09          4  1 
              8           2229            0.381498              1             no       0.343943    4.68252e-09          4  1 
              8           2272          0.00822521              1             no              0    6.58676e-09          4  1 
              8           2312            0.126789              1             no       0.416295    1.14672e-08          4  1 
              8           2413             3.21956              1             no       0.389825    5.35034e-09          4  1 
              8           2460             0.63683              1             no       0.403483    3.75229e-09          4  1 
              8           2499             2.25123              1             no       0.361746    4.11854e-09          4  1 
              8           2524              2.1912              1             no       0.394659    3.64802e-09          4  1 
              8           2571             2.45756              1             no       0.374487    3.45003e-09          4  1 
              8           2754             2.44994              1             no       0.373321    4.15582e-09          4  1 
              8           2823             2.74186              1             no       0.387878    3.79594e-09          4  1 
              8           2890           0.0559977              1             no        0.21441    4.09186e-09          4  1 
              8           2909             1.88599              1             no       0.378702    3.75154e-09          4  1 
              8           2921             3.32302              1             no       0.399595    3.66609e-09          4  1 
              8           2948             2.10873              1             no       0.371023    5.65376e-09          4  1 
              8           3035             2.95109              1             no       0.390395    3.43615e-09          4  1 
              8           3057            0.250557              1             no       0.296849     7.4128e-09          4  1 
              8           3102             1.68465              1             no       0.385181    3.95869e-09          4  1 
              8           3142            0.357134              1             no       0.369099     4.4744e-09          4  1 
              8           3217             3.09681              1             no       0.380913     3.6022e-09          4  1 
              8           3446             1.02254              1             no       0.398612    3.46708e-09          4  1 
              8           3481             2.89574              1             no       0.384464    3.77088e-09          4  1 
              8           3533             2.36293              1             no       0.382993    3.47323e-09          4  1 
              8           3584             3.43847              1             no       0.398417    3.51065e-09          4  1 
              8           3633              1.1343              1             no       0.354303    6.65512e-09          4  1 
              8           3696             1.48681              1             no        0.40387    6.34305e-09          4  1 
              8           3720            0.294646              1             no        0.37395    3.75902e-09          4  1 
              8           3724             2.07359              1             no       0.376992    4.33071e-09          4  1 
              8           3801              0.2091              1             no       0.370992     3.5732e-09          4  1 
              8           3872             3.05855              1             no       0.382135    3.60976e-09          4  1 
              8           3958             3.26046              1             no       0.396114    3.51439e-09          4  1 
              8           3983             2.51378              1             no       0.384179    4.38986e-09          4  1 
              8           3998            0.651526              1             no          0.363    3.99661e-09          4  1 
              8           4012            0.401222              1             no       0.360311    5.51196e-09          4  1 
              8           4093            0.200796              1             no       0.418365    4.19235e-09          4  1 
              8           4110             1.52334              1             no       0.370758    5.03748e-09          4  1 
              8           4181             1.18482              1             no       0.381802    6.03926e-09          4  1 
              8           4226             2.05969              1             no       0.377368    5.22867e-09          4  1 
              8           4263             2.24552              1             no       0.383116    3.89756e-09          4  1 
              8           4363             1.33556              1             no       0.371705     3.9211e-09          4  1 
              8           4395             2.21369              1             no       0.377407    5.16108e-09          4  1 
              8           4420             1.28555              1             no       0.368155    4.88631e-09          4  1 
              8           4450              0.6265              1             no       0.373301    3.74719e-09          4  1 
              8           4456           0.0483182              1             no       0.341267    3.59004e-09          4  1 
              8           4462             1.63062              1             no       0.372556    4.85891e-09          4  1 
              8           4483             3.02672              1             no       0.369919    3.56806e-09          4  1 
              8           4502             1.93207              1             no       0.386811    5.61799e-09          4  1 
              8           4613            0.273595              1             no       0.344304    6.38517e-09          4  1 
              8           4624             2.32276              1             no       0.378649    5.37243e-09          4  1 
              8           4642           0.0884502              1             no       0.394667    5.67891e-09          4  1 
              8           4710            0.641371              1             no       0.400656    3.76105e-09          4  1 
              8           4758             2.72767              1             no       0.365751    4.63651e-09          4  1 
              8           4793              3.4946              1             no       0.392743    3.85001e-09          4  1 
              8           4865           0.0164894              1             no      0.0768322    5.75439e-09          4  1 
              8           4998             1.68032              1             no       0.369493    3.28541e-09          4  1 
              8           5014             2.94991              1             no       0.390341    3.52783e-09          4  1 
              8           5037             2.42304              1             no       0.388808    3.17908e-09          4  1 
              8           5114            0.246698              1             no       0.379237    4.40206e-09          4  1 
              8           5159             2.00165              1             no       0.377522    3.65791e-09          4  1 
              8           5161            0.204539              1             no       0.319897    5.57694e-09          4  1 
              8           5203           0.0457649              1             no       0.109029    4.43706e-09          4  1 
              8           5207             1.94401              1             no       0.368642    3.46765e-09          4  1 
              8           5277            0.716041              1             no       0.380216    3.99657e-09          4  1 
              8           5330             0.25695              1             no       0.354244    4.02534e-09          4  1 
              8           5378            0.790731              1             no       0.370973    3.29441e-09          4  1 
              8           5641             3.53682              1             no       0.389322    3.66846e-09          4  1 
              8           5707             2.63899              1             no       0.353617    3.19601e-09          4  1 
              8           5868              2.5994              1             no         0.3597    3.49531e-09          4  1 
              8           5892             2.41603              1             no       0.375883    3.79089e-09          4  1 
              8           5945             1.72702              1             no       0.404645    3.88633e-09          4  1 
              8           5997              2.5367              1             no       0.371173    3.55732e-09          4  1 
              8           6180            0.106343              1             no       0.364553    6.58316e-09          4  1 
              8           6226             3.59824              1             no       0.426358    4.37432e-09          4  1 
              8           6266             1.76976              1             no       0.359145    5.55682e-09          4  1 
              8           6372            0.549997              1             no       0.385888    3.71112e-09          4  1 
              8           6383             1.46576              1             no       0.390016    3.92532e-09          4  1 
              8           6444             2.10819              1             no       0.360838    5.94553e-09          4  1 
              8           6538             3.08812              1             no       0.370662    4.75949e-09          4  1 
              8           6552             1.76335              1             no       0.368763    4.30702e-09          4  1 
              8           6568             0.26652              1             no       0.425113    5.01945e-09          4  1 
              8           6700            0.275388              1             no       0.439097    3.79025e-09          4  1 
              8           6747            0.302871              1             no       0.353047    4.73076e-09          4  1 
              8           6771           0.0133513              1             no              0    4.40161e-09          4  1 
              8           6830            0.284413              1             no       0.349164    4.23085e-09          4  1 
              8           6833             1.77676              1             no       0.380713    5.52113e-09          4  1 
              8           6875             1.24045              1             no       0.405895    3.62013e-09          4  1 
              8           6902             2.90326              1             no       0.379903    4.24358e-09          4  1 
              8           6903            0.724968              1             no       0.365856    4.12081e-09          4  1 
              8           6905             1.23273              1             no       0.364355    3.20097e-09          4  1 
              8           6946            0.431862              1             no       0.389493    3.66616e-09          4  1 
              8           6960            0.544247              1             no       0.408767    3.67067e-09          4  1 
              8           7054             1.55273              1             no       0.359623    3.95317e-09          4  1 
              8           7084              1.2736              1             no       0.379245    5.07849e-09          4  1 
              8           7118              2.0923              1             no       0.355958    3.26826e-09          4  1 
              8           7247             2.87539              1             no       0.368096    3.61782e-09          4  1 
              8           7325             2.53687              1             no       0.377685    4.89816e-09          4  1 
              8           7328             1.91236              1             no       0.407573    4.51695e-09          4  1 
              8           7390             2.08776              1             no       0.371417    4.76243e-09          4  1 
              8           7421             1.22121              1             no       0.399154    4.28289e-09          4  1 
              8           7571             1.62997              1             no       0.368386    3.88506e-09          4  1 
              8           7672            0.432486              1             no       0.403714    7.33436e-09          4  1 
              8           7767           0.0495851              1             no       0.242531    6.41487e-09          4  1 
              8           7806            0.221788              1             no       0.392829    4.87939e-09          4  1 
              8           7965             2.77254              1             no       0.382665    3.52726e-09          4  1 
              8           7977            0.807376              1             no       0.394926     3.7017e-09          4  1 
              8           8039             1.70607              1             no       0.417909    5.58777e-09          4  1 
              8           8040            0.319477              1             no       0.344701    3.68111e-09          4  1 
              8           8053          0.00762098              1             no              0    3.36651e-09          4  1 
              8           8180             0.44459              1             no       0.378343    5.15583e-09          4  1 
              8           8209             2.33639              1             no       0.377843    4.44234e-09          4  1 
              8           8282           0.0457649              1             no       0.206559    3.48389e-09          4  1 
              8           8350             3.17425              1             no       0.383729    4.25062e-09          4  1 
              8           8394           0.0508715              1             no       0.185824    4.72329e-09          4  1 
              8           8524             2.21225              1             no       0.374182    3.64556e-09          4  1 
              8           8564            0.131896              1             no       0.400325    6.35474e-09          4  1 
              8           8646             2.99733              1             no        0.40636    4.84989e-09          4  1 
              8           8679             2.10947              1             no       0.379366    3.35757e-09          4  1 
              8           8754             2.45559              1             no       0.370875    5.41612e-09          4  1 
              8           8795            0.353372              1             no       0.360397    4.92595e-09          4  1 
              8           8809              2.0156              1             no       0.393861     4.5127e-09          4  1 
              8           8812             0.17271              1             no       0.320167    6.60568e-09          4  1 
              8           8823            0.262739              1             no       0.353783    4.14985e-09          4  1 
              8           8910             1.38076              1             no       0.401491    4.02986e-09          4  1 
              8           8911             0.19643              1             no       0.346894    8.99628e-09          4  1 
              8           8922             3.25823              1             no       0.379054    4.35821e-09          4  1 
              8           8934             1.17277              1             no       0.388499    3.88111e-09          4  1 
              8           9056             2.73925              1             no       0.394538    3.32756e-09          4  1 
              8           9117            0.181013              1             no       0.393669    3.47444e-09          4  1 
              8           9135            0.262057              1             no       0.339903      4.695e-09          4  1 
              8           9147             1.36293              1             no       0.369319    5.40806e-09          4  1 
              8           9179             1.76216              1             no       0.388247    4.88295e-09          4  1 
              8           9300            0.225024              1             no       0.463924    3.79463e-09          4  1 
              8           9400            0.352729              1             no       0.388241    5.11134e-09          4  1 
              8           9430             2.86124              1             no       0.377512    3.37549e-09          4  1 
              8           9489            0.167701              1             no       0.353092    5.17022e-09          4  1 
              8           9498             2.56038              1             no       0.381396    3.68552e-09          4  1 
              8           9582            0.260147              1             no       0.339927     3.9718e-09          4  1 
              8           9611             1.66173              1             no       0.386284    3.61756e-09          4  1 
              8           9676             2.56032              1             no       0.369164    5.31514e-09          4  1 
              8           9733            0.728145              1             no       0.369479    6.17861e-09          4  1 
              8           9774            0.124177              1             no       0.358029    3.73698e-09          4  1 
              8           9776            0.406368              1             no       0.349561    3.91259e-09          4  1 
              8           9856             1.03671              1             no       0.390776    3.71996e-09          4  1 
              8           9857            0.135034              1             no       0.357679    8.05419e-09          4  1 
              8           9877            0.166317              1             no       0.366811    7.06656e-09          4  1 
              8           9899             3.24751              1             no       0.405501    3.61733e-09          4  1 
              8           9921             3.33193              1             no       0.413081    3.25965e-09          4  1 
              8           9964             2.09612              1             no       0.362339    3.83336e-09          4  1 
              8          10038            0.249329              1             no       0.337008    4.11686e-09          4  1 
              8          10068            0.324681              1             no       0.388522    6.14625e-09          4  1 
              8          10081            0.771025              1             no       0.386268    4.03399e-09          4  1 
              8          10136            0.175205              1             no       0.366337    4.70753e-09          4  1 
              8          10189             3.11542              1             no       0.393634    3.97868e-09          4  1 
              8          10299             2.93665              1             no       0.377123    6.03054e-09          4  1 
              8          10320            0.537835              1             no       0.345945    4.83472e-09          4  1 
              8          10345             3.39385              1             no       0.409128    3.65409e-09          4  1 
              8          10369             1.38217              1             no       0.394751    5.91253e-09          4  1 
              8          10403           0.0508326              1             no       0.273773    4.74793e-09          4  1 
              8          10443            0.499594              1             no       0.376326    4.51773e-09          4  1 
              8          10479            0.483611              1             no       0.359665    6.41537e-09          4  1 
              8          10496             1.08124              1             no       0.374013    3.98455e-09          4  1 
              8          10506             1.63812              1             no       0.399619    3.60502e-09          4  1 
              8          10522             1.83042              1             no       0.378262    5.47492e-09          4  1 
              8          10628             3.49988              1             no       0.412421    5.54854e-09          4  1 
              8          10640           0.0635602              1             no       0.298681     5.1153e-09          4  1 
              8          10681           0.0247536              1             no      0.0503937    3.56431e-09          4  1 
              8          10729            0.760851              1             no       0.394021    4.06229e-09          4  1 
              8          10730             1.41017              1             no       0.377802    4.23631e-09          4  1 
              8          10755             3.51505              1             no       0.424238    4.02591e-09          4  1 
              8          10775           0.0852732              1             no       0.349486    4.53088e-09          4  1 
              8          10852             1.37655              1             no       0.389423    4.02565e-09          4  1 
              8          10885            0.507858              1             no       0.336199    4.79578e-09          4  1 
              8          10911             2.65302              1             no        0.37364    5.28694e-09          4  1 
              8          11022            0.184171              1             no       0.393904    6.87628e-09          4  1 
              8          11104             2.06673              1             no       0.360683    3.94621e-09          4  1 
              8          11106             1.77045              1             no       0.400467    3.81785e-09          4  1 
              8          11115            0.173334              1             no       0.370516    3.66448e-09          4  1 
              8          11160             3.52606              1             no       0.422936    3.76375e-09          4  1 
              8          11196              1.0621              1             no       0.377175    5.58002e-09          4  1 
              8          11239             1.93967              1             no       0.387274     3.5401e-09          4  1 
              8          11254             3.36514              1             no       0.422141    4.10115e-09          4  1 
              8          11284            0.267183              1             no       0.333309    3.88943e-09          4  1 
              8          11323             2.94172              1             no       0.375175     6.0724e-09          4  1 
              8          11350             2.61918              1             no       0.358248    3.50389e-09          4  1 
              8          11373             1.27302              1             no       0.379434    4.20467e-09          4  1 
              8          11416             2.43725              1             no       0.374785    4.24477e-09          4  1 
              8          11421            0.648388              1             no       0.376661     3.4809e-09          4  1 
              8          11439          0.00949212              1             no              0    4.56737e-09          4  1 
              8          11540             2.83191              1             no        0.37529    4.39659e-09          4  1 
              8          11607            0.647004              1             no       0.385299    5.36722e-09          4  1 
              8          11632            0.280593              1             no       0.401639    3.76727e-09          4  1 
              8          11655             1.80432              1             no       0.379521    3.49455e-09          4  1 
              8          11755             3.16006              1             no       0.380771    4.42592e-09          4  1 
              8          11846             3.17855              1             no       0.399471    4.64894e-09          4  1 
              8          11859             1.06614              1             no        0.39679    4.13104e-09          4  1 
              8          11950            0.357231              1             no       0.392296    4.73613e-09          4  1 
              8          11987             2.79421              1             no       0.377632     6.2976e-09          4  1 
              8          12056            0.610692              1             no       0.353919    5.85575e-09          4  1 
              8          12099            0.563446              1             no       0.397191    4.31568e-09          4  1 
              8          12147            0.567208              1             no       0.394385    3.58456e-09          4  1 
              8          12208             1.42419              1             no       0.388427     3.7697e-09          4  1 
              8          12227            0.620243              1             no       0.375086    3.90311e-09          4  1 
              8          12305           0.0604221              1             no       0.272258    5.31574e-09          4  1 
              8          12362             2.96721              1             no       0.383164    5.16022e-09          4  1 
              8          12463            0.371245              1             no       0.415288    4.76582e-09          4  1 
              8          12642            0.714813              1             no       0.366636    4.00809e-09          4  1 
              8          12655             2.30818              1             no       0.374421    5.11974e-09          4  1 
              8          12718            0.574868              1             no       0.370211    3.51643e-09          4  1 
              8          12774             2.95895              1             no       0.381217    5.39651e-09          4  1 
              8          12863             2.35161              1             no       0.371849    3.16963e-09          4  1 
              8          12902              2.8498              1             no       0.361307    4.22199e-09          4  1 
              8          12989             2.79682              1             no       0.358338    3.47711e-09          4  1 
              8          13001              1.9499              1             no       0.394738    3.84646e-09          4  1 
              8          13085             3.04444              1             no       0.381794    4.13227e-09          4  1 
              8          13173           0.0763463              1             no       0.365841    5.04598e-09          4  1 
              8          13188             1.92101              1             no       0.367729    3.31311e-09          4  1 
              8          13195            0.853901              1             no       0.368112     5.5797e-09          4  1 
              8          13223           0.0681211              1             no       0.363376    4.17873e-09          4  1 
              8          13410             2.27554              1             no       0.395219    4.50675e-09          4  1 
              8          13667             3.45005              1             no       0.388194    4.09459e-09          4  1 
              8          13683             1.49839              1             no       0.383696    3.75852e-09          4  1 
              8          13697            0.332926              1             no       0.382589    4.35004e-09          4  1 
              8          13750             2.79673              1             no       0.370665    5.27971e-09          4  1 
              8          13783            0.626616              1             no       0.378488    3.29943e-09          4  1 
              8          13836            0.165674              1             no       0.356706    5.12568e-09          4  1 
              8          13928            0.636226              1             no       0.350622     5.4596e-09          4  1 
              8          13942            0.334232              1             no       0.364007    4.15465e-09          4  1 
              8          14089             1.23914              1             no       0.371766     3.7895e-09          4  1 
              8          14108             1.99771              1             no       0.389759    3.18304e-09          4  1 
              8          14240             3.45774              1             no       0.418394    5.22856e-09          4  1 
              8          14351            0.898711              1             no       0.420157    5.35515e-09          4  1 
              8          14355             2.77677              1             no       0.381781    4.91887e-09          4  1 
              8          14452             1.24668              1             no       0.373534    4.45563e-09          4  1 
              8          14607             2.29411              1             no       0.394219    3.92911e-09          4  1 
              8          14706             2.55139              1             no       0.377988    4.35062e-09          4  1 
              8          14715             2.49898              1             no       0.375698    3.34946e-09          4  1 
              8          14724           0.0253578              1             no       0.374327    5.79824e-09          4  1 
              8          14809             3.13776              1             no       0.420934     5.6513e-09          4  1 
              8          14812             2.57309              1             no       0.380255    4.33113e-09          4  1 
              8          14871             2.54691              1             no       0.387439    3.69122e-09          4  1 
              8          14926             2.18245              1             no        0.38958    3.81103e-09          4  1 
              8          14936            0.848911              1             no       0.399022    3.55522e-09          4  1 
              8          14963             1.59409              1             no       0.371848    7.10518e-09          4  1 
              8          15030            0.251824              1             no        0.37918    5.55114e-09          4  1 
              8          15043            0.858267              1             no       0.412295    6.16617e-09          4  1 
              8          15094            0.617729              1             no       0.393178    4.01718e-09          4  1 
              8          15149             2.87477              1             no       0.366189    3.84905e-09          4  1 
              8          15157             2.56624              1             no       0.373362    4.98338e-09          4  1 
              8          15283             1.25762              1             no       0.360678    3.31147e-09          4  1 
              8          15315             3.52292              1             no       0.418825    4.15185e-09          4  1 
              8          15469             1.77752              1             no       0.377326    5.47902e-09          4  1 
              8          15481             2.38215              1             no       0.384722    4.54089e-09          4  1 
              8          15491            0.495208              1             no       0.400441    6.09427e-09          4  1 
              8          15499           0.0642229              1             no         0.2261    5.59154e-09          4  1 
              8          15691            0.911536              1             no       0.354801    5.09289e-09          4  1 
              8          15706             2.11329              1             no       0.384158    3.35332e-09          4  1 
              8          15733              0.2359              1             no       0.380319    7.11226e-09          4  1 
              8          15816            0.186763              1             no       0.333542     4.9826e-09          4  1 
              8          15826            0.069388              1             no       0.311236    5.66759e-09          4  1 
              8          15948            0.682887              1             no       0.362285    3.50641e-09          4  1 
              8          15982             3.30569              1             no       0.408612    3.78947e-09          4  1 
              8          16111            0.007582              1             no              0    4.14106e-09          4  1 
              8          16113              2.4385              1             no       0.380101    3.49332e-09          4  1 
              8          16119             3.03485              1             no       0.387643    3.15215e-09          4  1 
              8          16168            0.237868              1             no       0.361357    4.92575e-09          4  1 
              8          16234             3.45574              1             no       0.413804    3.73668e-09          4  1 
              8          16305            0.408941              1             no       0.430199    4.90913e-09          4  1 
              8          16323             1.02837              1             no       0.391463    3.71008e-09          4  1 
              8          16336             2.98185              1             no       0.389402    4.26857e-09          4  1 
              8          16449             1.58396              1             no       0.392796    4.51612e-09          4  1 
              8          16523             2.31378              1             no       0.365192    4.10527e-09          4  1 
              8          16536             2.30048              1             no       0.360372    5.73889e-09          4  1 
              8          16665             1.47218              1             no       0.374906    5.03455e-09          4  1 
              8          16677             1.68092              1             no       0.364815    4.70313e-09          4  1 
              8          16730             2.12678              1             no       0.393435    5.15088e-09          4  1 
              8          16788             2.10064              1             no         0.3789    3.43481e-09          4  1 
              8          16802             2.17654              1             no       0.375923    4.32439e-09          4  1 
              8          16850             2.96856              1             no       0.411801      4.449e-09          4  1 
              8          16886              1.8304              1             no       0.359429    3.30113e-09          4  1 
              8          16901             0.07697              1             no       0.287921    5.02358e-09          4  1 
              8          16961             3.39896              1             no       0.430287    5.62172e-09          4  1 
              8          17005            0.726255              1             no       0.378385    3.61998e-09          4  1 
              8          17074             2.91862              1             no       0.389283    4.43499e-09          4  1 
              8          17078             1.70531              1             no       0.360787    5.72916e-09          4  1 
              8          17080            0.743582              1             no       0.390249    3.44513e-09          4  1 
              8          17173             3.05738              1             no       0.377073    4.80288e-09          4  1 
              8          17274            0.386565              1             no       0.413755    5.54229e-09          4  1 
              8          17462            0.357894              1             no       0.356007    3.60725e-09          4  1 
              8          17526            0.828485              1             no       0.390345    6.32088e-09          4  1 
              8          17546            0.108877              1             no       0.303079    4.54909e-09          4  1 
              8          17565             1.90002              1             no       0.386256    4.19791e-09          4  1 
              8          17594            0.558242              1             no       0.389197    6.17517e-09          4  1 
              8          17704             2.73543              1             no       0.383389    3.34417e-09          4  1 
              8          17794            0.417166              1             no       0.366397    4.31705e-09          4  1 
              8          17871             0.27611              1             no       0.348016    4.31063e-09          4  1 
              8          17960            0.527056              1             no       0.359084    5.58468e-09          4  1 
              8          17983            0.787027              1             no       0.380049    3.75585e-09          4  1 
              8          18022            0.339358              1             no       0.345299    4.55029e-09          4  1 
              8          18076             1.99832              1             no       0.376172    3.32254e-09          4  1 
              8          18125             0.12293              1             no       0.382591     3.5453e-09          4  1 
              8          18161            0.198165              1             no       0.397954    3.93175e-09          4  1 
              8          18247             0.02604              1             no      0.0965569    3.77093e-09          4  1 
              8          18263             1.32656              1             no       0.385763    6.08481e-09          4  1 
              8          18305              2.3572              1             no       0.386372    3.61572e-09          4  1 
              8          18324              3.0221              1             no       0.412309    4.58618e-09          4  1 
              8          18364             3.28016              1             no       0.406368    3.74951e-09          4  1 
              8          18365             2.87668              1             no       0.381909    4.82489e-09          4  1 
              8          18377             1.21922              1             no       0.382492    4.36405e-09          4  1 
              8          18381           0.0196469              1             no       0.225198    6.56203e-09          4  1 
              8          18456             3.38116              1             no       0.378191    5.18997e-09          4  1 
              8          18557             3.35865              1             no       0.410938    3.81903e-09          4  1 
              8          18576             3.04457              1             no       0.388959    4.18033e-09          4  1 
              8          18611             2.02324              1             no       0.363974    4.75079e-09          4  1 
              8          18852             1.59284              1             no       0.369362    3.38709e-09          4  1 
              8          18856             2.08139              1             no       0.372255    5.16825e-09          4  1 
              8          18881            0.251259              1             no       0.334419    3.35009e-09          4  1 
              8          18966             3.32427              1             no       0.394262      4.297e-09          4  1 
              8          18990             0.75631              1             no       0.389532    5.71501e-09          4  1 
              8          19003            0.789386              1             no       0.390914     3.4498e-09          4  1 
              8          19041           0.0827783              1             no       0.267954      6.016e-09          4  1 
              8          19077            0.153589              1             no       0.293909    4.48141e-09          4  1 
              8          19086             2.24542              1             no       0.383106    5.61268e-09          4  1 
              8          19118            0.378282              1             no       0.387418    4.34822e-09          4  1 
              8          19126             2.02155              1             no       0.399761    3.82574e-09          4  1 
              8          19262             2.27433              1             no       0.377157    3.90295e-09          4  1 
              8          19264             1.72505              1             no       0.386577    3.63479e-09          4  1 
              8          19285             3.43032              1             no       0.384875    3.43009e-09          4  1 
              8          19330             3.07763              1             no       0.406542    3.47779e-09          4  1 
              8          19338             2.70658              1             no       0.397845    4.36301e-09          4  1 
              8          19340           0.0158657              1             no      0.0798526    3.85426e-09          4  1 
              8          19446            0.142089              1             no       0.331139    4.41554e-09          4  1 
              8          19472            0.739002              1             no       0.376131    3.56366e-09          4  1 
              8          19515             1.60119              1             no       0.378977    5.42863e-09          4  1 
              8          19528             2.71942              1             no       0.387795    4.03242e-09          4  1 
              8          19570             1.44079              1             no       0.367527    3.59269e-09          4  1 
              8          19587             2.78191              1             no       0.401064    4.92097e-09          4  1 
              8          19711             2.72328              1             no       0.370326    3.96472e-09          4  1 
              8          19724             2.89063              1             no       0.370106    3.66792e-09          4  1 
              8          19778             1.17137              1             no       0.364887     4.8875e-09          4  1 
              8          19795             1.13377              1             no       0.364129    4.14094e-09          4  1 
              8          19934             1.87262              1             no       0.382666    4.62631e-09          4  1 
              8          19989             3.31979              1             no       0.404394    4.21067e-09          4  1 
              8          20042            0.244261              1             no       0.346792    3.77237e-09          4  1 
              8          20068             1.96842              1             no       0.363438    3.29656e-09          4  1 
              8          20111             1.77481              1             no       0.380406    3.44573e-09          4  1 
              8          20132             1.98494              1             no       0.394476    3.34761e-09          4  1 
              8          20202            0.181617              1             no       0.325392    3.50662e-09          4  1 
              8          20288            0.700059              1             no       0.358883    3.35681e-09          4  1 
              8          20294             2.05459              1             no       0.371504    4.16934e-09          4  1 
              8          20390             3.55358              1             no       0.389647    3.45837e-09          4  1 
              8          20400             3.59557              1             no       0.390941    3.31995e-09          4  1 
              8          20409            0.163724              1             no       0.384405    4.51277e-09          4  1 
              8          20474            0.986849              1             no       0.367186    4.21002e-09          4  1 
              8          20532             1.80746              1             no       0.380975    3.17301e-09          4  1 
              8          20594            0.360467              1             no        0.37477    5.27386e-09          4  1 
              8          20935              3.4685              1             no        0.40878    3.53256e-09          4  1 
              8          20950            0.685343              1             no       0.349696    3.64821e-09          4  1 
              8          20968             3.58093              1             no       0.418077     3.4496e-09          4  1 
              8          20973             1.22248              1             no       0.348613    5.76501e-09          4  1 
              8          21047             3.07837              1             no       0.380105    5.97127e-09          4  1 
              8          21070            0.880779              1             no       0.407732    3.52156e-09          4  1 
              8          21253             1.45249              1             no       0.387931    3.18632e-09          4  1 
              8          21278            0.141427              1             no       0.341235    4.12698e-09          4  1 
              8          21312             2.11152              1             no       0.368789    4.77076e-09          4  1 
              8          21359             2.04133              1             no       0.392125    4.79865e-09          4  1 
              8          21380             2.39484              1             no       0.412537    3.65263e-09          4  1 
              8          21406             2.17859              1             no       0.370569    3.69274e-09          4  1 
              8          21422             1.58598              1             no       0.375888      3.722e-09          4  1 
              8          21511             2.43074              1             no       0.375236    6.69721e-09          4  1 
              8          21541             3.16386              1             no       0.411781    4.07139e-09          4  1 
              8          21597            0.315092              1             no       0.392305    3.45697e-09          4  1 
              8          21645             3.14591              1             no       0.389169    3.60549e-09          4  1 
              8          21789             1.87057              1             no       0.372852     3.3906e-09          4  1 
              8          21808             1.74749              1             no       0.358582    3.75222e-09          4  1 
              8          21987            0.228824              1             no       0.361499    7.44505e-09          4  1 
              8          21993            0.523119              1             no       0.356794    4.08663e-09          4  1 
              8          22101             0.24931              1             no       0.367837    5.12688e-09          4  1 
              8          22197            0.487509              1             no       0.368703    3.78462e-09          4  1 
              8          22199            0.684719              1             no       0.386422    3.27899e-09          4  1 
              8          22379             2.55539              1             no       0.398921     3.8156e-09          4  1 
              8          22434             0.40054              1             no       0.360779    8.48982e-09          4  1 
              8          22610            0.418511              1             no        0.32731    4.62992e-09          4  1 
              8          22699             1.89948              1             no       0.368871    3.28148e-09          4  1 
              8          22719            0.351403              1             no       0.342337    3.62175e-09          4  1 
              8          23048             1.34504              1             no       0.371884    6.42324e-09          4  1 
              8          23094             3.33129              1             no       0.416601    3.87489e-09          4  1 
              8          23098            0.308094              1             no       0.372177    3.71715e-09          4  1 
              8          23127             1.58248              1             no       0.374541    4.65439e-09          4  1 
              8          23225            0.221749              1             no       0.384196     3.6839e-09          4  1 
              8          23336             2.87405              1             no       0.365122    4.10499e-09          4  1 
              8          23361            0.338734              1             no       0.366764    8.73982e-09          4  1 
              8          23393             1.18731              1             no       0.351369    5.83202e-09          4  1 
              8          23396             2.41221              1             no       0.403281    3.49964e-09          4  1 
              8          23453             1.93774              1             no       0.413712    5.90466e-09          4  1 
              8          23507             1.02971              1             no        0.38109    4.23847e-09          4  1 
              8          23537            0.223036              1             no       0.390544    3.40749e-09          4  1 
              8          23577             1.23263              1             no       0.356572     6.3943e-09          4  1 
              8          23702             3.19054              1             no       0.388911    4.35565e-09          4  1 
              8          23715            0.258256              1             no       0.396981    6.65969e-09          4  1 
              8          23834             2.27548              1             no       0.380299    3.56958e-09          4  1 
              8          23857            0.728769              1             no       0.382321    3.40671e-09          4  1 
              8          24021            0.617631              1             no       0.383899    3.49507e-09          4  1 
              8          24041             2.07115              1             no       0.396275     3.4999e-09          4  1 
              8          24050              2.8017              1             no       0.370202    6.25013e-09          4  1 
              8          24058             2.96026              1             no       0.383834     3.3743e-09          4  1 
              8          24087             2.13976              1             no       0.377348    3.55337e-09          4  1 
              8          24188            0.471507              1             no       0.386631    3.61432e-09          4  1 
              8          24448             2.58726              1             no       0.379468    3.71496e-09          4  1 
              8          24481             1.36626              1             no       0.363824    4.01257e-09          4  1 
              8          24505             1.88164              1             no       0.379556    3.82342e-09          4  1 
              8          24530           0.0489224              1             no       0.258566    3.37449e-09          4  1 
              8          24589            0.803497              1             no       0.378542    3.94617e-09          4  1 
              8          24635            0.609913              1             no       0.358302    3.79157e-09          4  1 
              8          24661             1.76072              1             no       0.376897    3.49353e-09          4  1 
              8          24688             1.39168              1             no       0.396605     3.6237e-09          4  1 
              8          24715             2.06735              1             no       0.397004    3.74195e-09          4  1 
              8          24726             2.80368              1             no       0.364941    3.95268e-09          4  1 
              8          24780            0.593462              1             no        0.36945    5.54791e-09          4  1 
              8          24784             2.07614              1             no       0.409142    4.80352e-09          4  1 
              8          24803             1.38725              1             no       0.361944    3.69369e-09          4  1 
              8          24816             1.31884              1             no       0.375887    4.10607e-09          4  1 
              8          24837             2.65627              1             no       0.405681    4.21218e-09          4  1 
              8          24924             1.00141              1             no       0.379559    3.54361e-09          4  1 
              8          24990             2.66382              1             no       0.381681    3.98582e-09          4  1 
              8          25100            0.232742              1             no       0.350054    3.40884e-09          4  1 
              8          25114             3.11657              1             no       0.388316    3.33383e-09          4  1 
              8          25120            0.265234              1             no       0.400867     6.2554e-09          4  1 
              8          25211             1.00913              1             no       0.347588     5.4976e-09          4  1 
              8          25229              1.6535              1             no       0.374732    5.51017e-09          4  1 
              8          25232             3.51131              1             no       0.416891    4.31651e-09          4  1 
              8          25278             2.71307              1             no       0.374788    3.41987e-09          4  1 
              8          25307             3.19779              1             no       0.398092     3.5518e-09          4  1 
              8          25360              1.6076              1             no        0.36242    5.20863e-09          4  1 
              8          25374             2.91048              1             no        0.38097    3.81682e-09          4  1 
              8          25422             1.13488              1             no       0.414815    3.73357e-09          4  1 
              8          25427             2.26339              1             no       0.399836    3.45416e-09          4  1 
              8          25432             2.71946              1             no       0.384006    3.56258e-09          4  1 
              8          25611             0.32398              1             no       0.349717    4.89049e-09          4  1 
              8          25613             3.06677              1             no       0.381307    5.87442e-09          4  1 
              8          25645            0.288194              1             no       0.426552    3.39656e-09          4  1 
              8          25686             3.49926              1             no       0.428018    6.08012e-09          4  1 
              8          25815              2.0304              1             no       0.360542    4.23902e-09          4  1 
              8          25898             2.87783              1             no       0.384398    3.66181e-09          4  1 
              8          25963             2.73478              1             no       0.390043    4.46034e-09          4  1 
              8          26057             2.61663              1             no       0.381756    4.44395e-09          4  1 
              8          26127            0.590285              1             no       0.377976    5.42728e-09          4  1 
              8          26137             2.68358              1             no        0.35889    3.49193e-09          4  1 
              8          26308              1.9767              1             no       0.386803    5.82793e-09          4  1 
              8          26530            0.468993              1             no       0.401006    4.32438e-09          4  1 
              8          26531             1.36611              1             no       0.374096    4.42098e-09          4  1 
              8          26567             3.24176              1             no       0.409942    4.23692e-09          4  1 
              8          26595            0.654138              1             no       0.397694    6.28467e-09          4  1 
              8          26612           0.0929721              1             no       0.218239    3.42621e-09          4  1 
              8          26675            0.240889              1             no       0.398738    3.75084e-09          4  1 
              8          26734             1.32451              1             no       0.387742    3.85452e-09          4  1 
              8          26756             1.11964              1             no       0.375479    4.63584e-09          4  1 
              8          26765             1.12021              1             no       0.375846    3.63243e-09          4  1 
              8          26815           0.0961297              1             no       0.370032    3.42461e-09          4  1 
              8          26926          0.00695829              1             no              0    3.83231e-09          4  1 
              8          26960             2.42706              1             no       0.386125     4.1264e-09          4  1 
              8          26967             1.62415              1             no       0.387421    4.13063e-09          4  1 
              8          27029           0.0706549              1             no       0.196966    6.21664e-09          4  1 
              8          27108            0.693782              1             no       0.347493    4.37359e-09          4  1 
              8          27112             1.30151              1             no       0.373029    5.03061e-09          4  1 
              8          27159             1.55143              1             no       0.388344    3.89178e-09          4  1 
              8          27212             1.14896              1             no       0.398046    4.08672e-09          4  1 
              8          27298            0.543741              1             no       0.370506    4.60744e-09          4  1 
              8          27347             1.60113              1             no       0.374183    3.63934e-09          4  1 
              8          27397            0.255605              1             no       0.365716    4.05114e-09          4  1 
              8          27455             2.01564              1             no       0.375201    6.36969e-09          4  1 
              8          27482             1.17782              1             no       0.380777    3.83889e-09          4  1 
              8          27485           0.0152225              1             no         0.1242     5.2466e-09          4  1 
              8          27562             2.69001              1             no       0.383239    3.76294e-09          4  1 
              8          27687             3.62318              1             no        0.42254    3.79849e-09          4  1 
              8          27708             3.38744              1             no       0.420265    3.74512e-09          4  1 
              8          27718            0.417848              1             no       0.390475    4.73105e-09          4  1 
              8          27747              2.4531              1             no       0.414761    4.53183e-09          4  1 
              8          27772              1.2704              1             no       0.382715    3.75378e-09          4  1 
              8          27784            0.334875              1             no       0.376579    4.38233e-09          4  1 
              8          27809             1.53271              1             no       0.387553    4.11161e-09          4  1 
              8          27818             1.39361              1             no        0.36351    3.59684e-09          4  1 
              8          27960             1.92877              1             no       0.402377    5.62832e-09          4  1 
              8          28012              0.5315              1             no       0.372988    3.34971e-09          4  1 
              8          28022             3.19331              1             no       0.382208    4.32743e-09          4  1 
              8          28029            0.029178              1             no       0.172345    6.34102e-09          4  1 
              8          28033             2.89824              1             no       0.377932    5.43579e-09          4  1 
              8          28093             3.17158              1             no       0.385238    5.79704e-09          4  1 
              8          28138             2.76657              1             no       0.374402    5.95024e-09          4  1 
              8          28165             3.43927              1             no       0.412833    3.23478e-09          4  1 
              8          28403            0.530233              1             no       0.384649    4.67851e-09          4  1 
              8          28580             1.33868              1             no       0.403687    3.55853e-09          4  1 
              8          28609              2.1223              1             no       0.366567    4.13839e-09          4  1 
              8          28643             3.48322              1             no       0.435104    3.47635e-09          4  1 
              8          28654             2.52841              1             no       0.375125    5.33867e-09          4  1 
              8          28666             2.19249              1             no       0.378728     3.1635e-09          4  1 
              8          28676            0.787612              1             no       0.396026    6.26838e-09          4  1 
              8          28779            0.921691              1             no       0.402153    3.44412e-09          4  1 
              8          28790           0.0197054              1             no              0    3.96506e-09          4  1 
              8          28855            0.213544              1             no       0.306681    8.38556e-09          4  1 
              8          29004             1.63756              1             no        0.40528    4.92564e-09          4  1 
              8          29046             1.97345              1             no        0.37152    3.39746e-09          4  1 
              8          29100            0.602409              1             no       0.425567    3.52722e-09          4  1 
              8          29146             2.34773              1             no        0.36647    3.66831e-09          4  1 
              8          29239            0.285641              1             no        0.39884    4.47924e-09          4  1 
              8          29339           0.0961297              1             no       0.323398    4.18637e-09          4  1 
              8          29362              2.9525              1             no       0.408608     3.5239e-09          4  1 
              8          29406            0.660511              1             no       0.440215    5.56419e-09          4  1 
              8          29632            0.408239              1             no       0.377656    6.23846e-09          4  1 
              8          29649             2.90143              1             no       0.387196    3.98343e-09          4  1 
              8          29759             2.03166              1             no       0.363118    4.33219e-09          4  1 
              8          29896             2.89124              1             no       0.383741    3.45491e-09          4  1 
              8          29978             1.85726              1             no       0.373478    5.72938e-09          4  1 
              8          30107             1.76723              1             no       0.376281    3.70622e-09          4  1 
              8          30127             0.12291              1             no       0.340945    5.62499e-09          4  1 
              8          30148            0.044459              1             no       0.155195    3.14151e-09          4  1 
              8          30260             1.21037              1             no       0.370553    4.51656e-09          4  1 
              8          30418            0.451724              1             no       0.355497    5.80252e-09          4  1 
              8          30600            0.943911              1             no       0.385108    5.32545e-09          4  1 
              8          30671            0.457415              1             no       0.390148    7.23373e-09          4  1 
              8          30688             3.23533              1             no       0.386123    4.53017e-09          4  1 
              8          30777            0.103185              1             no       0.338496    5.67936e-09          4  1 
              8          30792           0.0776327              1             no       0.368064    4.33324e-09          4  1 
              8          30870             0.28642              1             no       0.349234    5.87571e-09          4  1 
              8          30872            0.679671              1             no       0.410972    6.69115e-09          4  1 
              8          30884             1.67007              1             no       0.385895    3.52782e-09          4  1 
              8          30886            0.433811              1             no       0.424586    3.61328e-09          4  1 
              8          31007             1.43333              1             no       0.369074    6.07492e-09          4  1 
              8          31049             3.16772              1             no       0.375205     3.8286e-09          4  1 
              8          31085             2.95067              1             no       0.396562    3.70241e-09          4  1 
              8          31226           0.0209333              1             no       0.271881     8.3095e-09          4  1 
              8          31235            0.306106              1             no       0.365934    7.22715e-09          4  1 
              8          31318            0.676942              1             no       0.386974    3.54807e-09          4  1 
              8          31444             1.22195              1             no        0.36969    4.01428e-09          4  1 
              8          31481             1.93713              1             no       0.377578    3.58665e-09          4  1 
              8          31490             1.05959              1             no       0.366021    6.17206e-09          4  1 
              8          31572           0.0393718              1             no       0.240594     7.7728e-09          4  1 
              8          31639             1.92417              1             no       0.377103    4.18055e-09          4  1 
              8          31709             3.61547              1             no       0.409118    4.58311e-09          4  1 
              8          31718             3.30115              1             no       0.381099    6.01654e-09          4  1 
              8          31756             1.88796              1             no       0.379619    3.98059e-09          4  1 
              8          31762             2.35535              1             no        0.38368    5.34371e-09          4  1 
              8          31827            0.125464              1             no       0.446015    3.22944e-09          4  1 
              8          31868             2.94612              1             no       0.390875    3.95964e-09          4  1 
              8          31879             1.29917              1             no       0.392964    3.88585e-09          4  1 
              8          31907             2.52789              1             no       0.372705    3.37289e-09          4  1 
              8          31947            0.242293              1             no       0.404714    3.53669e-09          4  1 
              8          31968             3.18816              1             no       0.388229    5.66002e-09          4  1 
              8          31993             2.17077              1             no       0.370117    3.44471e-09          4  1 
              8          32044             3.35434              1             no       0.405777    3.79256e-09          4  1 
              8          32089            0.094239              1             no        0.35698    4.89127e-09          4  1 
              8          32112            0.352768              1             no       0.379247    6.55662e-09          4  1 
              8          32260             2.12561              1             no       0.381355    3.71631e-09          4  1 
              8          32346             1.55965              1             no       0.401367    3.81697e-09          4  1 
              8          32395             2.98341              1             no       0.375969    4.37158e-09          4  1 
              8          32492             0.94395              1             no       0.352653    3.57929e-09          4  1 
              8          32493             1.59678              1             no       0.424076     5.5017e-09          4  1 
              8          32507            0.183625              1             no       0.367371    3.23742e-09          4  1 
              8          32602             1.73267              1             no       0.377104    3.46826e-09          4  1 
              8          32610            0.374442              1             no       0.362344    3.47168e-09          4  1 
              8          32706            0.401203              1             no       0.390546    3.70031e-09          4  1 
              8          32729            0.322128              1             no       0.381678    3.44159e-09          4  1 
              8          32866             1.85595              1             no       0.363061     3.2974e-09          4  1 
              8          32868          0.00440497              1             no              0     4.6239e-09          4  1 
              8          33111            0.579994              1             no       0.386867    6.23904e-09          4  1 
              8          33151             1.19823              1             no       0.365248    4.63788e-09          4  1 
              8          33380             2.92007              1             no       0.381495    3.40979e-09          4  1 
              8          33420             1.09998              1             no       0.383468    3.45951e-09          4  1 
              8          33443              0.7919              1             no       0.360678    4.92833e-09          4  1 
              8          33512             1.78189              1             no        0.38932     3.4966e-09          4  1 
              8          33634             1.78259              1             no       0.384126    3.82086e-09          4  1 
              8          33689             0.19949              1             no       0.382511    4.01492e-09          4  1 
              8          33728            0.540349              1             no       0.383184    6.05204e-09          4  1 
              8          33790             3.69415              1             no       0.425667    4.27088e-09          4  1 
              8          33860              2.4563              1             no       0.390591    5.57279e-09          4  1 
              8          33948            0.174581              1             no       0.473708    3.91899e-09          4  1 
              8          33982            0.137568              1             no       0.299943    5.11592e-09          4  1 
              8          34049             1.04813              1             no       0.397434    4.14311e-09          4  1 
              8          34093            0.401242              1             no       0.380987    5.63526e-09          4  1 
              8          34215            0.479791              1             no       0.365291     3.4135e-09          4  1 
              8          34238             1.33098              1             no       0.382064    6.14564e-09          4  1 
              8          34240             2.36541              1             no       0.382848    5.31334e-09          4  1 
              8          34629             1.20655              1             no        0.40347    4.25909e-09          4  1 
              8          34645             3.46989              1             no       0.423912    3.17587e-09          4  1 
              8          34655             1.54186              1             no       0.413926    5.07252e-09          4  1 
              8          34676           0.0655093              1             no       0.270753    4.02627e-09          4  1 
              8          34732            0.450379              1             no       0.384775     3.9796e-09          4  1 
              8          34749             0.17655              1             no        0.32049    4.27848e-09          4  1 
              8          34780             1.40953              1             no       0.387488    3.50024e-09          4  1 
              8          34795             2.61986              1             no       0.384952    3.71264e-09          4  1 
              8          34808             1.34636              1             no       0.360183    4.08102e-09          4  1 
              8          34829            0.541753              1             no       0.401295    5.22781e-09          4  1 
              8          34988             1.27547              1             no       0.387659    3.97859e-09          4  1 
              8          35050            0.615838              1             no       0.360362    6.56972e-09          4  1 
              8          35052            0.117238              1             no       0.368911    5.73362e-09          4  1 
              8          35135            0.890486              1             no       0.358154    3.83156e-09          4  1 
              8          35180            0.208476              1             no       0.335826    3.86066e-09          4  1 
              8          35210             2.82162              1             no       0.389783    3.99306e-09          4  1 
              8          35244             2.21997              1             no       0.387561    3.53509e-09          4  1 
              8          35278             1.39485              1             no       0.387905    5.36065e-09          4  1 
              8          35293            0.876978              1             no       0.408788    5.18918e-09          4  1 
              8          35301             1.95754              1             no        0.36709    3.52613e-09          4  1 
              8          35305             3.14218              1             no       0.404678     4.0552e-09          4  1 
              8          35345            0.323258              1             no       0.338559     4.0842e-09          4  1 
              8          35367              1.4338              1             no       0.407194    3.96348e-09          4  1 
              8          35383           0.0113633              1             no      0.0548885    4.93311e-09          4  1 
              8          35433             1.82847              1             no       0.428628    3.63966e-09          4  1 
              8          35581            0.544364              1             no       0.338465    3.85941e-09          4  1 
              8          35592             1.18102              1             no       0.369564    4.97873e-09          4  1 
              8          35606             1.47783              1             no        0.39158    4.47238e-09          4  1 
              8          35637            0.980456              1             no       0.375405    3.72721e-09          4  1 
              8          35709             2.96848              1             no       0.392896    3.82424e-09          4  1 
              8          35746             2.22381              1             no       0.372815    4.19756e-09          4  1 
              8          35804            0.276733              1             no       0.372588    4.87211e-09          4  1 
              8          35846             1.06207              1             no       0.371683    4.60205e-09          4  1 
              8          35892             3.25085              1             no        0.41595    4.29338e-09          4  1 
              8          35921              1.7693              1             no        0.38526    3.15146e-09          4  1 
              8          35965             2.94866              1             no       0.386184    3.83571e-09          4  1 
              8          35994             3.00881              1             no       0.405464    4.58214e-09          4  1 
              8          36053              1.1121              1             no       0.418879     5.0696e-09          4  1 
              8          36059             1.66182              1             no       0.420145     4.0972e-09          4  1 
              8          36062             2.75079              1             no       0.423776    3.35911e-09          4  1 
              8          36117             1.69636              1             no       0.370538     3.2258e-09          4  1 
              8          36123            0.459403              1             no       0.341196    7.31335e-09          4  1 
              8          36199            0.749293              1             no       0.366855    5.29304e-09          4  1 
              8          36224             2.52584              1             no        0.37854    5.47453e-09          4  1 
              8          36270           0.0968118              1             no       0.202738    3.74201e-09          4  1 
              8          36279             3.30959              1             no        0.41336    4.08123e-09          4  1 
              8          36330             1.66827              1             no       0.361073    4.12209e-09          4  1 
              8          36378             3.02343              1             no       0.384021    3.66417e-09          4  1 
              8          36412             2.94359              1             no       0.366706    4.14341e-09          4  1 
              8          36492             3.12291              1             no       0.390999    5.35056e-09          4  1 
              8          36530             1.46713              1             no        0.38406    4.55775e-09          4  1 
              8          36716             1.58976              1             no       0.392244    3.55006e-09          4  1 
              8          36907             1.06353              1             no       0.374911    5.48935e-09          4  1 
              8          36961             1.95945              1             no       0.369349    3.43798e-09          4  1 
              8          36979           0.0598374              1             no       0.285993    3.35502e-09          4  1 
              8          37011            0.302949              1             no       0.361449    6.68296e-09          4  1 
              8          37029             3.05911              1             no       0.418783    3.27495e-09          4  1 
              8          37038            0.977221              1             no       0.360951    6.97679e-09          4  1 
              8          37069             1.41095              1             no       0.362232    3.85469e-09          4  1 
              8          37128             2.54325              1             no       0.384004    3.55798e-09          4  1 
              8          37292            0.119675              1             no       0.296743    3.43977e-09          4  1 
              8          37345              1.8727              1             no       0.364967    5.33202e-09          4  1 
              8          37393             3.21869              1             no       0.408764    4.59151e-09          4  1 
              8          37409            0.492538              1             no       0.359557    4.65891e-09          4  1 
              8          37438            0.584477              1             no       0.379498    4.08455e-09          4  1 
              8          37447              2.3376              1             no       0.375971    3.51291e-09          4  1 
              8          37501             0.31248              1             no        0.35242    6.34597e-09          4  1 
              8          37506             1.30919              1             no       0.369828    3.44225e-09          4  1 
              8          37559            0.227616              1             no       0.346549    4.21049e-09          4  1 
              8          37615              3.1339              1             no       0.406177    3.40561e-09          4  1 
              8          37681             1.72764              1             no       0.359045    5.62717e-09          4  1 
              8          37702             2.42304              1             no       0.398806    4.23418e-09          4  1 
              8          37861             2.59486              1             no       0.388399    5.73528e-09          4  1 
              8          37916             3.38054              1             no       0.378434    3.81292e-09          4  1 
              8          37971            0.169533              1             no       0.318694    4.96234e-09          4  1 
              8          37977            0.703314              1             no          0.369    5.47984e-09          4  1 
              8          37990             1.21472              1             no       0.383909    4.40802e-09          4  1 
              8          37995            0.266481              1             no       0.386922    4.57406e-09          4  1 
              8          38096           0.0196859              1             no       0.128713    4.10922e-09          4  1 
              8          38235             0.41471              1             no       0.361047    3.80565e-09          4  1 
              8          38251           0.0222003              1             no       0.286216    3.80687e-09          4  1 
              8          38327            0.737696              1             no       0.394129    4.03567e-09          4  1 
              8          38395             2.84023              1             no       0.383201    4.52064e-09          4  1 
              8          38442             2.42451              1             no       0.377793    5.18056e-09          4  1 
              8          38460             1.63124              1             no       0.411963    3.44753e-09          4  1 
              8          38595             3.28082              1             no       0.378648    4.45882e-09          4  1 
              8          38652             1.74092              1             no       0.376818    5.84188e-09          4  1 
              8          38711              2.5673              1             no       0.375138    4.19489e-09          4  1 
              8          38712           0.0713176              1             no       0.302542    3.70064e-09          4  1 
              8          38758             3.07825              1             no        0.37884    3.40565e-09          4  1 
              8          38774             1.08717              1             no       0.369142    3.75982e-09          4  1 
              8          38776             1.09161              1             no       0.367603     4.5363e-09          4  1 
              8          38779            0.300395              1             no       0.388009    4.35476e-09          4  1 
              8          38794            0.169533              1             no       0.307427    4.19878e-09          4  1 
              8          38895            0.528284              1             no       0.370425    6.44133e-09          4  1 
              8          38952            0.732024              1             no       0.362329    5.53877e-09          4  1 
              8          39152             3.39395              1             no       0.385392    3.55107e-09          4  1 
              8          39162             1.05895              1             no       0.415719     3.3217e-09          4  1 
              8          39246            0.110826              1             no       0.332395    6.21794e-09          4  1 
              8          39266            0.106947              1             no       0.427556    9.39687e-09          4  1 
              8          39289             2.57644              1             no       0.380804    4.46565e-09          4  1 
              8          39364            0.439483              1             no       0.388505    4.47132e-09          4  1 
              8          39468              1.1726              1             no       0.397716    3.42352e-09          4  1 
              8          39474            0.327819              1             no       0.376895    5.89037e-09          4  1 
              8          39505             2.78392              1             no       0.390468    4.08093e-09          4  1 
              8          39595             1.58709              1             no       0.391234    4.04059e-09          4  1 
              8          39793             2.41983              1             no         0.4057    3.47025e-09          4  1 
              8          39794           0.0127081              1             no      0.0490798    4.90765e-09          4  1 
              8          39839                3.36              1             no       0.418384     3.6545e-09          4  1 
              8          39960             1.82352              1             no       0.384653    4.90156e-09          4  1 
              8          40002             3.17158              1             no       0.383008    5.28957e-09          4  1 
              8          40014             3.10388              1             no        0.38478    3.20227e-09          4  1 
              8          40040             2.55923              1             no        0.38731    5.10847e-09          4  1 
              8          40153             1.63947              1             no       0.355732    4.46886e-09          4  1 
              8          40187             0.12291              1             no       0.398034    4.81222e-09          4  1 
              8          40220              2.7448              1             no       0.386262    3.27403e-09          4  1 
              8          40249            0.940948              1             no       0.360676    3.67324e-09          4  1 
              8          40295            0.961355              1             no       0.386899    4.36764e-09          4  1 
              8          40471             2.08466              1             no        0.37412    4.26345e-09          4  1 
              8          40517            0.743582              1             no       0.392844    5.88657e-09          4  1 
              8          40539            0.131837              1             no       0.293761    4.60661e-09          4  1 
              8          40581              3.5376              1             no       0.425022     3.5284e-09          4  1 
              8          40760             1.57458              1             no       0.384292    3.91153e-09          4  1 
              8          40786             1.30288              1             no       0.385399     4.2781e-09          4  1 
              8          40790            0.283087              1             no       0.411595    5.99013e-09          4  1 
              8          40807             2.05211              1             no       0.365456    7.53733e-09          4  1 
              8          40827            0.937537              1             no       0.385688      3.713e-09          4  1 
              8          40867            0.261394              1             no       0.350459    6.09198e-09          4  1 
              8          40868            0.443343              1             no        0.35914    3.68775e-09          4  1 
              8          40925            0.127413              1             no       0.374178    5.37114e-09          4  1 
              8          41114             1.57554              1             no       0.375028    4.36281e-09          4  1 
              8          41249             3.40853              1             no       0.411318    3.50109e-09          4  1 
              8          41288             1.69946              1             no       0.377363    4.95963e-09          4  1 
              8          41333             2.81394              1             no       0.383581    3.43598e-09          4  1 
              8          41370             2.65052              1             no       0.370616    3.68047e-09          4  1 
              8          41392             2.87793              1             no       0.369526    5.22154e-09          4  1 
              8          41500             1.58409              1             no       0.406543    4.35582e-09          4  1 
              8          41502             2.67643              1             no        0.36558    3.39192e-09          4  1 
              8          41530             2.21851              1             no       0.404465    5.45858e-09          4  1 
              8          41625             0.67207              1             no       0.412807    3.57593e-09          4  1 
              8          41644             1.62163              1             no       0.378959    3.89484e-09          4  1 
              8          41708           0.0890934              1             no       0.420477    4.59958e-09          4  1 
              8          41794            0.336122              1             no       0.361844    6.18713e-09          4  1 
              8          41834             2.41423              1             no       0.391567    3.62231e-09          4  1 
              8          41853            0.436891              1             no       0.365916    3.79621e-09          4  1 
              8          41908             2.23287              1             no       0.370194    3.36694e-09          4  1 
              8          41956             2.72962              1             no       0.388204    3.69172e-09          4  1 
              8          42136            0.447923              1             no       0.364214    3.58938e-09          4  1 
              8          42232             2.17615              1             no       0.377218    3.62663e-09          4  1 
              8          42274             2.13571              1             no       0.381925    3.51586e-09          4  1 
              8          42295             2.11842              1             no       0.389853    4.40004e-09          4  1 
              8          42314             2.23983              1             no        0.35988    4.13158e-09          4  1 
              8          42319           0.0796013              1             no        0.32713    3.65871e-09          4  1 
              8          42353            0.202687              1             no       0.404943    4.34592e-09          4  1 
              8          42387             2.92192              1             no       0.401558    3.57167e-09          4  1 
              8          42399            0.643262              1             no       0.361755    4.20107e-09          4  1 
              8          42455            0.346998              1             no       0.341347    5.80215e-09          4  1 
              8          42497             1.56406              1             no       0.376111    3.68344e-09          4  1 
              8          42576             1.57055              1             no       0.368091    5.00276e-09          4  1 
              8          42624            0.113399              1             no       0.291337    6.46221e-09          4  1 
              8          42670            0.624063              1             no       0.380036    6.20131e-09          4  1 
              8          42708              3.2885              1             no       0.402231    3.83358e-09          4  1 
              8          42813             0.10379              1             no       0.324131    5.08865e-09          4  1 
              8          42960             3.60897              1             no       0.433385    5.49034e-09          4  1 
              8          42962             2.84017              1             no       0.376703    3.41736e-09          4  1 
              8          43032             2.13124              1             no       0.360519    4.04728e-09          4  1 
              8          43184            0.124236              1             no       0.296517    6.18101e-09          4  1 
              8          43242          0.00890739              1             no              0    3.83071e-09          4  1 
              8          43324             2.97951              1             no       0.397845    4.13453e-09          4  1 
              8          43361            0.235237              1             no       0.386942    6.24674e-09          4  1 
              8          43406             2.26793              1             no       0.364728    5.30468e-09          4  1 
              8          43439             1.79902              1             no       0.369231    5.51608e-09          4  1 
              8          43476            0.132519              1             no       0.345051    3.82923e-09          4  1 
              8          43507             3.52787              1             no       0.416028    4.59107e-09          4  1 
              8          43514              1.4261              1             no       0.380759     4.8634e-09          4  1 
              8          43635            0.972874              1             no       0.379052    4.46571e-09          4  1 
              8          43672             2.26353              1             no       0.371947    3.62542e-09          4  1 
              8          43745             3.20424              1             no       0.381299    3.69127e-09          4  1 
              8          43789            0.021596              1             no        0.17509    4.21622e-09          4  1 
              8          43811            0.221847              1             no       0.436215    3.81586e-09          4  1 
              8          43819             1.45999              1             no       0.370571    3.29563e-09          4  1 
              8          43882             1.32987              1             no       0.366071    6.69458e-09          4  1 
              8          43914            0.184833              1             no       0.385427     5.6291e-09          4  1 
              8          43952            0.288214              1             no       0.395415    8.11726e-09          4  1 
              8          43969             2.56096              1             no       0.385297     3.6012e-09          4  1 
              8          43998             1.43448              1             no       0.351808    3.94097e-09          4  1 
              8          44004            0.475931              1             no       0.372184    4.14693e-09          4  1 
              8          44059             2.01178              1             no       0.361969    4.71992e-09          4  1 
              8          44242             3.35179              1             no       0.414477    3.38005e-09          4  1 
              8          44290             0.13632              1             no       0.359165    6.70115e-09          4  1 
              8          44295           0.0948238              1             no       0.374717    5.01586e-09          4  1 
              8          44316            0.469558              1             no       0.339131    4.36308e-09          4  1 
              8          44422            0.978488              1             no        0.37871    4.46451e-09          4  1 
              8          44435            0.548711              1             no       0.353012    5.85017e-09          4  1 
              8          44544            0.320159              1             no       0.346037    5.40826e-09          4  1 
              8          44654             1.63621              1             no       0.356808    4.57274e-09          4  1 
              8          44783              2.5803              1             no       0.370815    3.12062e-09          4  1 
              8          44808              1.8611              1             no       0.411824    5.34509e-09          4  1 
              8          44873             1.92242              1             no       0.379749    5.56598e-09          4  1 
              8          44928             2.06227              1             no       0.366737    5.53731e-09          4  1 
              8          44981            0.981002              1             no       0.367328    3.60319e-09          4  1 
              8          44982             3.10188              1             no       0.403364    4.78233e-09          4  1 
              8          45026             2.14992              1             no       0.360126    3.36417e-09          4  1 
              8          45074             3.29753              1             no       0.401745    4.01042e-09          4  1 
              8          45114             3.23674              1             no       0.402106    5.24137e-09          4  1 
              8          45163             1.53156              1             no       0.372496    3.77459e-09          4  1 
              8          45233             2.34705              1             no       0.391581    3.90463e-09          4  1 
              8          45285              1.5755              1             no       0.376584    3.81131e-09          4  1 
              8          45387            0.164991              1             no       0.335263    5.77943e-09          4  1 
              8          45443             3.47437              1             no       0.389358    4.20822e-09          4  1 
              8          45469            0.148521              1             no       0.291076    6.21249e-09          4  1 
              8          45495             1.91536              1             no       0.403851    5.08143e-09          4  1 
              8          45500             1.16106              1             no       0.386191     3.7177e-09          4  1 
              8          45502            0.121643              1             no       0.339369    5.36112e-09          4  1 
              8          45765           0.0674389              1             no       0.329191    5.49252e-09          4  1 
              8          45850            0.148424              1             no        0.31241    1.29224e-08          4  1 
              8          45882             1.27606              1             no       0.367456    3.40509e-09          4  1 
              8          45955             3.03302              1             no       0.391887    3.56057e-09          4  1 
              8          45983             1.57107              1             no       0.367545    5.12401e-09          4  1 
              8          46000             1.09021              1             no       0.360979    4.00923e-09          4  1 
              8          46102               1.211              1             no       0.369316    4.97437e-09          4  1 
              8          46355             3.49737              1             no       0.387355    5.31652e-09          4  1 
              8          46359             1.82935              1             no        0.38835    3.34413e-09          4  1 
              8          46427            0.139575              1             no       0.310013    5.27659e-09          4  1 
              8          46516              1.4313              1             no       0.382943    4.26992e-09          4  1 
              8          46535            0.313104              1             no       0.402702    3.63164e-09          4  1 
              8          46594            0.452367              1             no        0.36921    4.26977e-09          4  1 
              8          46601             1.40628              1             no       0.391033    4.86775e-09          4  1 
              8          46622             1.36236              1             no       0.378943    4.74243e-09          4  1 
              8          46910                2.48              1             no       0.379635    3.68756e-09          4  1 
              8          46981             1.61329              1             no       0.382864    3.78905e-09          4  1 
              8          47010             3.00171              1             no        0.38641    3.37176e-09          4  1 
              8          47133             1.36611              1             no       0.367989    3.35517e-09          4  1 
              8          47246             1.46637              1             no       0.371592     4.0304e-09          4  1 
              8          47347             1.07896              1             no       0.370811    4.32586e-09          4  1 
              8          47415             2.36352              1             no       0.400999    4.83774e-09          4  1 
              8          47438             2.85228              1             no       0.386045    3.86437e-09          4  1 
              8          47491             1.14005              1             no       0.415739    3.83622e-09          4  1 
              8          47550           0.0610653              1             no       0.258857    6.09859e-09          4  1 
              8          47643             0.24547              1             no       0.352469     5.8982e-09          4  1 
              8          47654            0.610653              1             no       0.392467    4.63181e-09          4  1 
              8          47679           0.0871638              1             no        0.32737    3.91519e-09          4  1 
              8          47682             3.19384              1             no       0.367321    3.38581e-09          4  1 
              8          47702            0.316924              1             no       0.393788    4.65163e-09          4  1 
              8          47743             2.94369              1             no       0.363443    5.57237e-09          4  1 
              8          47779            0.824002              1             no       0.376124    3.54033e-09          4  1 
              8          47865             1.33925              1             no        0.40925    3.82258e-09          4  1 
              8          47887            0.270399              1             no       0.348519     3.9977e-09          4  1 
              8          47912             0.05093              1             no       0.286644    4.98261e-09          4  1 
              8          47978           0.0279306              1             no        0.11305    4.30645e-09          4  1 
              8          48016             3.44433              1             no       0.402962    3.81219e-09          4  1 
              8          48049            0.541129              1             no        0.37939    3.48203e-09          4  1 
              8          48117             2.75463              1             no       0.393949    3.49505e-09          4  1 
              8          48122             1.30286              1             no       0.396146    4.16765e-09          4  1 
              8          48124             2.19321              1             no       0.377715    3.72695e-09          4  1 
              8          48147            0.516239              1             no       0.341916    4.18315e-09          4  1 
              8          48164            0.705789              1             no       0.402833    5.73724e-09          4  1 
              8          48223             2.49076              1             no       0.369262    3.58229e-09          4  1 
              8          48255             2.88802              1             no       0.377075    3.67844e-09          4  1 
              8          48355            0.265896              1             no       0.352001    4.70899e-09          4  1 
              8          48390             2.40385              1             no       0.389018    4.83736e-09          4  1 
              8          48419             2.19572              1             no       0.374974    4.44664e-09          4  1 
              8          48480            0.421591              1             no       0.394313    3.57651e-09          4  1 
              8          48492             1.62218              1             no       0.406371    4.22395e-09          4  1 
              8          48608             2.10129              1             no       0.382105    3.56676e-09          4  1 
              8          48669            0.455563              1             no       0.370684    4.16293e-09          4  1 
              8          48784            0.785624              1             no       0.382365    5.48616e-09          4  1 
              8          48893             2.30559              1             no       0.376786    4.39633e-09          4  1 
              8          48922             1.96964              1             no       0.373889     7.8208e-09          4  1 
              8          48948             2.07187              1             no       0.386335    3.77595e-09          4  1 
              8          48991             1.93183              1             no       0.413927    5.31008e-09          4  1 
              8          49009            0.253831              1             no       0.411656    4.39398e-09          4  1 
              8          49019             2.80641              1             no       0.374852    3.41317e-09          4  1 
              8          49117             2.47608              1             no       0.386683    3.78168e-09          4  1 
              8          49139             1.61397              1             no       0.381953    5.74751e-09          4  1 
              8          49146            0.292696              1             no       0.326097     4.5093e-09          4  1 
              8          49163           0.0993847              1             no       0.345558     3.5438e-09          4  1 
              8          49169             1.46192              1             no       0.390614    3.34867e-09          4  1 
              8          49222             1.40959              1             no       0.358933    4.50495e-09          4  1 
              8          49265            0.950382              1             no       0.358983    5.97514e-09          4  1 
              8          49316             3.22473              1             no       0.384649    3.59399e-09          4  1 
              8          49320             2.54952              1             no       0.377753    3.42679e-09          4  1 
              8          49352            0.877017              1             no       0.375256    3.64512e-09          4  1 
              8          49372             3.13829              1             no       0.376904    5.54221e-09          4  1 
              8          49515             2.05722              1             no       0.371986    3.55053e-09          4  1 
              8          49582             1.57049              1             no       0.381893     3.8958e-09          4  1 
              8          49583             1.03222              1             no       0.415359    3.57085e-09          4  1 
              8          49626             3.53892              1             no       0.390743    3.34576e-09          4  1 
              8          49744              1.6573              1             no       0.373061    6.33296e-09          4  1 
              8          49789             1.84326              1             no       0.355588    3.38894e-09          4  1 
              8          49873            0.858404              1             no        0.33353    4.06686e-09          4  1 
              8          49887             1.51305              1             no       0.371966    4.22773e-09          4  1 
              8          50203             1.59548              1             no        0.41961    3.78938e-09          4  1 
              8          50263             3.59247              1             no       0.419214    4.33099e-09          4  1 
              8          50304             1.05142              1             no       0.373795     3.7665e-09          4  1 
              8          50455             1.80931              1             no       0.375964    3.68401e-09          4  1 
              8          50537             2.04303              1             no       0.376687    4.30445e-09          4  1 
              8          50561             1.29077              1             no       0.377174    4.00819e-09          4  1 
              8          50587            0.444765              1             no       0.356852    3.95707e-09          4  1 
              8          50595            0.457376              1             no       0.355152    4.03294e-09          4  1 
              8          50596            0.838698              1             no       0.373367    3.66472e-09          4  1 
              8          50782            0.871989              1             no       0.398721    3.65438e-09          4  1 
              8          50887             2.20231              1             no       0.368366    3.53044e-09          4  1 
              8          50926             2.64976              1             no       0.379873    3.66167e-09          4  1 
              8          50943             1.20905              1             no       0.370428    3.96789e-09          4  1 
              8          50983             1.69693              1             no       0.376789    4.45281e-09          4  1 
              8          51003            0.333667              1             no        0.40493    5.67173e-09          4  1 
              8          51011             1.21335              1             no       0.375811    4.50762e-09          4  1 
              8          51023             2.50563              1             no       0.375262     5.0546e-09          4  1 
              8          51025             2.89262              1             no       0.382217    4.20132e-09          4  1 
              8          51050            0.530896              1             no       0.390264     6.3026e-09          4  1 
              8          51055             3.04908              1             no       0.375613    3.41641e-09          4  1 
              8          51082            0.744888              1             no       0.363084    7.02571e-09          4  1 
              8          51086            0.497683              1             no       0.356035     5.1792e-09          4  1 
              8          51352            0.279949              1             no       0.340945    3.38348e-09          4  1 
              8          51379             0.40323              1             no       0.343001    4.22593e-09          4  1 
              8          51555              1.4581              1             no       0.385087     3.9419e-09          4  1 
              8          51560             2.88617              1             no       0.422483    3.61229e-09          4  1 
              8          51702             2.95951              1             no        0.40787    4.42127e-09          4  1 
              8          51802             1.99457              1             no       0.381382    6.52216e-09          4  1 
              8          51808             2.12799              1             no       0.373381    3.76725e-09          4  1 
              8          51809             2.21679              1             no       0.415768    6.41441e-09          4  1 
              8          51845             1.13243              1             no       0.371859    3.87968e-09          4  1 
              8          51860            0.408356              1             no       0.416782    3.65977e-09          4  1 
              8          51952             3.17021              1             no       0.382785    4.47728e-09          4  1 
              8          51984             3.17031              1             no       0.372881    3.69215e-09          4  1 
              8          52073             3.51456              1             no       0.422706    4.36638e-09          4  1 
              8          52078             3.00169              1             no        0.38323    3.57552e-09          4  1 
              8          52099             2.43392              1             no       0.373424     4.7749e-09          4  1 
              8          52148             1.91589              1             no       0.390697    4.73498e-09          4  1 
              8          52191             2.68898              1             no       0.366295    4.69134e-09          4  1 
              8          52273             3.35035              1             no        0.40088     4.0089e-09          4  1 
              8          52352             1.41838              1             no       0.412032    3.83291e-09          4  1 
              8          52381             3.57079              1             no       0.420514    3.88727e-09          4  1 
              8          52464            0.146572              1             no       0.307846    5.68673e-09          4  1 
              8          52491             2.58466              1             no       0.370905    4.18616e-09          4  1 
              8          52525             1.34572              1             no       0.385948    3.77384e-09          4  1 
              8          52526            0.814549              1             no       0.330454    4.42561e-09          4  1 
              8          52634             2.01184              1             no       0.394327    3.39191e-09          4  1 
              8          52635              2.3726              1             no       0.390888    3.33329e-09          4  1 
              8          52734           0.0592332              1             no       0.225403    4.00082e-09          4  1 
              8          52779             2.10427              1             no       0.376664    4.21719e-09          4  1 
              8          52854             3.47626              1             no       0.378101    3.51129e-09          4  1 
              8          52877             1.23082              1             no       0.385159    3.66137e-09          4  1 
              8          53054              3.1594              1             no       0.384484    5.25064e-09          4  1 
              8          53056              1.6644              1             no        0.37304    4.88237e-09          4  1 
              8          53080            0.475347              1             no        0.38888    3.78986e-09          4  1 
              8          53169             2.51894              1             no        0.41661    3.98518e-09          4  1 
              8          53205            0.368692              1             no        0.36974    3.30415e-09          4  1 
              8          53231             1.53533              1             no       0.372345    4.53478e-09          4  1 
              8          53232            0.597828              1             no       0.406234    6.19146e-09          4  1 
              8          53314             2.17149              1             no       0.401212    3.79351e-09          4  1 
              8          53353            0.988155              1             no       0.356996    3.25159e-09          4  1 
              8          53363            0.854642              1             no       0.409779    5.52387e-09          4  1 
              8          53412             2.74042              1             no       0.397129     5.2972e-09          4  1 
              8          53477             0.38713              1             no       0.411338    4.16229e-09          4  1 
              8          53483             3.27507              1             no       0.410111    4.87462e-09          4  1 
              8          53494            0.388553              1             no       0.354301    4.46937e-09          4  1 
              8          53516             2.00985              1             no       0.397277    4.55144e-09          4  1 
              8          53548            0.466322              1             no       0.361964    4.43917e-09          4  1 
              8          53594           0.0127081              1             no              0    6.88013e-09          4  1 
              8          53634             2.22069              1             no       0.372207    7.52269e-09          4  1 
              8          53772            0.999577              1             no       0.397531    5.14311e-09          4  1 
              8          53841             3.48589              1             no        0.41775    4.24668e-09          4  1 
              8          53946             3.61356              1             no         0.4166    5.16796e-09          4  1 
              8          53965             2.29717              1             no       0.369775    5.05791e-09          4  1 
              8          53976             1.78382              1             no       0.366302    6.58609e-09          4  1 
              8          54009             1.30479              1             no       0.352016    5.68771e-09          4  1 
              8          54095            0.765256              1             no        0.41926    3.73595e-09          4  1 
              8          54125             1.20207              1             no       0.392749     3.7879e-09          4  1 
              8          54133           0.0209333              1             no       0.210428    5.50218e-09          4  1 
              8          54159            0.530838              1             no         0.3783    4.22961e-09          4  1 
              8          54375           0.0718634              1             no       0.353404    4.11262e-09          4  1 
              8          54376           0.0082447              1             no              0    6.73363e-09          4  1 
              8          54383             1.90072              1             no       0.367358    3.61966e-09          4  1 
              8          54384            0.321465              1             no       0.398351    3.67094e-09          4  1 
              8          54405             1.97999              1             no       0.369769     4.8621e-09          4  1 
              8          54420            0.884073              1             no       0.365095    4.03502e-09          4  1 
              8          54424             3.22282              1             no       0.424925    3.26629e-09          4  1 
              8          54429            0.891577              1             no       0.386944    5.45697e-09          4  1 
              8          54451             0.26652              1             no       0.367998    5.87548e-09          4  1 
              8          54506            0.627377              1             no       0.391295     4.4216e-09          4  1 
              8          54575            0.737033              1             no       0.381499      4.278e-09          4  1 
              8          54607             0.43769              1             no        0.38876    4.17904e-09          4  1 
              8          54912              3.0687              1             no       0.373998    5.57396e-09          4  1 
              8          55060             0.73446              1             no       0.366382    5.88091e-09          4  1 
              8          55138              1.5623              1             no       0.360664    3.25985e-09          4  1 
              8          55212            0.100067              1             no       0.298792    3.74427e-09          4  1 
              8          55253            0.294626              1             no       0.369542     3.7526e-09          4  1 
              8          55285            0.778607              1             no       0.390668    4.71408e-09          4  1 
              8          55293            0.811723              1             no       0.358906    3.78251e-09          4  1 
              8          55398             2.29292              1             no       0.410065    3.51025e-09          4  1 
              8          55502            0.741574              1             no       0.362814    4.59906e-09          4  1 
              8          55528            0.375066              1             no       0.397391     6.6379e-09          4  1 
              8          55573            0.392335              1             no       0.350638    5.22658e-09          4  1 
              8          55589             1.69958              1             no       0.372876    3.77632e-09          4  1 
              8          55641             0.35076              1             no        0.40848    4.46191e-09          4  1 
              8          55680             1.46962              1             no       0.371247    3.55509e-09          4  1 
              8          55747             2.44612              1             no       0.359586    3.59037e-09          4  1 
              8          55769             2.97867              1             no       0.371783    4.82745e-09          4  1 
              8          55770             1.59602              1             no       0.381401    3.50287e-09          4  1 
              8          55845            0.513003              1             no       0.372758    4.45694e-09          4  1 
              8          55864            0.288876              1             no       0.385804    4.38447e-09          4  1 
              8          55919             2.39872              1             no       0.382577    4.53934e-09          4  1 
              8          55980             2.26004              1             no        0.38118    5.71006e-09          4  1 
              8          55986            0.303533              1             no       0.430232    5.06939e-09          4  1 
              8          56103             2.35155              1             no       0.375912    5.17358e-09          4  1 
              8          56119             3.49293              1             no       0.422947    4.17461e-09          4  1 
              8          56228              2.0011              1             no       0.380518    5.61892e-09          4  1 
              8          56264             3.41802              1             no       0.415935    4.85297e-09          4  1 
              8          56320            0.703859              1             no       0.365031    5.29058e-09          4  1 
              8          56387           0.0470903              1             no       0.175083    4.08277e-09          4  1 
              8          56401           0.0323746              1             no       0.313666    3.95402e-09          4  1 
              8          56444             2.49524              1             no       0.418755    3.95335e-09          4  1 
              8          56499             3.08798              1             no       0.383063    3.64549e-09          4  1 
              8          56519             1.61327              1             no       0.395566    3.88149e-09          4  1 
              8          56664             1.64206              1             no       0.371918    3.56793e-09          4  1 
              8          56691            0.499594              1             no       0.369967    4.12085e-09          4  1 
              8          56798             2.64351              1             no       0.377152    3.29418e-09          4  1 
              8          56812             3.07907              1             no       0.375657    4.56433e-09          4  1 
              8          56932             1.45114              1             no       0.378647    3.95489e-09          4  1 
              8          56956             2.60324              1             no       0.383473    3.60589e-09          4  1 
              8          57130            0.552609              1             no       0.374894    3.19075e-09          4  1 
              8          57131             3.10829              1             no       0.408464     5.5338e-09          4  1 
              8          57146             2.14409              1             no       0.386122    4.09169e-09          4  1 
              8          57190            0.278663              1             no       0.317479    6.31492e-09          4  1 
              8          57213           0.0731303              1             no       0.311301    5.47606e-09          4  1 
              8          57331             3.57132              1             no        0.42257    3.62262e-09          4  1 
              8          57342             3.09714              1             no       0.380123    4.34971e-09          4  1 
              8          57370             2.06911              1             no       0.390761    3.66682e-09          4  1 
              8          57508             1.11968              1             no       0.380009    3.73502e-09          4  1 
              8          57524             2.97856              1             no       0.408253    4.14148e-09          4  1 
              8          57532            0.599115              1             no        0.39687    6.32145e-09          4  1 
              8          57613            0.544228              1             no       0.364121    5.11313e-09          4  1 
              8          57639              2.9296              1             no       0.369509    5.61887e-09          4  1 
              8          57703             1.26263              1             no       0.366764    3.60156e-09          4  1 
              8          57723             3.30835              1             no       0.378786    3.30612e-09          4  1 
              8          57850            0.357212              1             no        0.34943    3.81243e-09          4  1 
              8          57883             3.39264              1             no       0.425647    3.37657e-09          4  1 
              8          57888             1.81196              1             no       0.395519    4.28378e-09          4  1 
              8          57968            0.632386              1             no       0.368994    3.53291e-09          4  1 
              8          58016            0.745453              1             no       0.367855    6.13877e-09          4  1 
              8          58052            0.633672              1             no       0.398388    3.70353e-09          4  1 
              8          58055             1.97534              1             no       0.408077    6.92691e-09          4  1 
              8          58065             3.03165              1             no       0.389949    4.29323e-09          4  1 
              8          58190             2.50621              1             no       0.376667    3.94834e-09          4  1 
              8          58239            0.102503              1             no        0.26583    3.61128e-09          4  1 
              8          58253            0.622835              1             no       0.364387     3.4676e-09          4  1 
              8          58274             1.58458              1             no       0.399481    4.09656e-09          4  1 
              8          58329             1.24491              1             no       0.366035    3.60721e-09          4  1 
              8          58379             0.97342              1             no       0.384646    3.76598e-09          4  1 
              8          58496             2.72461              1             no         0.3772    3.78318e-09          4  1 
              8          58548            0.518773              1             no       0.366058    4.56034e-09          4  1 
              8          58570             1.17654              1             no       0.382287      3.424e-09          4  1 
              8          58579             1.27097              1             no       0.353316    4.70018e-09          4  1 
              8          58714            0.279345              1             no       0.376151    4.51885e-09          4  1 
              8          58729             1.06596              1             no       0.398519    3.76199e-09          4  1 
              8          58756            0.307919              1             no       0.311748    6.26283e-09          4  1 
              8          58777             1.14523              1             no        0.38775    5.47047e-09          4  1 
              8          58818            0.613109              1             no       0.375286    7.09225e-09          4  1 
              8          58826            0.653495              1             no       0.381502    3.97525e-09          4  1 
              8          58868            0.341171              1             no       0.423846    4.47383e-09          4  1 
              8          58893            0.288194              1             no       0.408765    4.52809e-09          4  1 
              8          58953              2.8536              1             no        0.37672    3.98093e-09          4  1 
              8          59082             2.69904              1             no        0.39661     5.7115e-09          4  1 
              8          59100             1.07501              1             no         0.4059    5.01503e-09          4  1 
              8          59114             2.74291              1             no       0.385129    5.93444e-09          4  1 
              8          59117            0.400579              1             no       0.357775    4.74488e-09          4  1 
              8          59148             2.12797              1             no       0.378166    3.85064e-09          4  1 
              8          59363             1.32769              1             no       0.390631    3.38355e-09          4  1 
              8          59380            0.396155              1             no       0.339188    4.51976e-09          4  1 
              8          59388             1.52568              1             no       0.365885    5.05945e-09          4  1 
              8          59480             3.02023              1             no       0.379801    4.03967e-09          4  1 
              8          59508             1.16759              1             no       0.412026    3.35925e-09          4  1 
              8          59535           0.0209139              1             no       0.301957    4.60792e-09          4  1 
              8          59548             1.88217              1             no       0.411315    3.77664e-09          4  1 
              8          59596             1.73907              1             no       0.405115    4.22556e-09          4  1 
              8          59676             2.22761              1             no       0.371322     6.1158e-09          4  1 
              8          59822            0.177875              1             no       0.318321    4.24192e-09          4  1 
              8          59870             2.96088              1             no       0.370805    3.31704e-09          4  1 
              8          59893             1.69447              1             no       0.393197    3.34828e-09          4  1 
              8          59931             1.71162              1             no       0.400087    3.13316e-09          4  1 
              8          59938           0.0234282              1             no       0.160566    4.22688e-09          4  1 
              8          60023             1.58516              1             no       0.411826    5.32382e-09          4  1 
              8          60060           0.0108175              1             no      0.0576577    4.25842e-09          4  1 
              8          60064            0.856532              1             no       0.399863    5.31412e-09          4  1 
              8          60071             1.53145              1             no       0.373275    3.51031e-09          4  1 
              8          60216             3.18818              1             no       0.420683    3.65368e-09          4  1 
              8          60228             2.68619              1             no       0.383755    3.35193e-09          4  1 
              8          60236             3.43089              1             no       0.414568    5.39509e-09          4  1 
              8          60277             0.28568              1             no       0.367674    3.89866e-09          4  1 
              8          60501           0.0202707              1             no       0.280769    4.72066e-09          4  1 
              8          60554             2.53796              1             no       0.374973    3.76673e-09          4  1 
              8          60596             1.88776              1             no       0.377923    3.47049e-09          4  1 
              8          60609            0.302461              1             no       0.356167    8.00555e-09          4  1 
              8          60787             2.60747              1             no       0.378403    3.51166e-09          4  1 
              8          60804             3.55789              1             no       0.419853    4.76172e-09          4  1 
              8          60867             3.13263              1             no       0.391067    3.38436e-09          4  1 
              8          60882             2.00424              1             no       0.373863    3.35876e-09          4  1 
              8          60891            0.428081              1             no       0.348222    3.38796e-09          4  1 
              8          60912              3.2962              1             no       0.387354    3.68305e-09          4  1 
              8          61046            0.118427              1             no       0.326695    5.05259e-09          4  1 
              8          61096             3.37719              1             no       0.411505    4.81182e-09          4  1 
              8          61144             2.67541              1             no       0.387429    3.90209e-09          4  1 
              8          61447            0.977201              1             no       0.362235    3.25207e-09          4  1 
              8          61457            0.867896              1             no       0.392292     3.1844e-09          4  1 
              8          61567            0.749351              1             no       0.423867    3.42549e-09          4  1 
              8          61588            0.331055              1             no       0.365676    3.58317e-09          4  1 
              8          61680             3.27309              1             no       0.411927    4.43197e-09          4  1 
              8          61747           0.0565824              1             no       0.268688    3.47222e-09          4  1 
              8          61783             1.36425              1             no       0.394762    3.81312e-09          4  1 
              8          61898            0.279949              1             no       0.357028    5.08063e-09          4  1 
              8          62002           0.0222392              1             no       0.113935    5.13464e-09          4  1 
              8          62050            0.444609              1             no       0.352505    5.03544e-09          4  1 
              8          62060             2.18874              1             no       0.404194      3.653e-09          4  1 
              8          62105            0.611998              1             no       0.370872      4.339e-09          4  1 
              8          62142             2.79222              1             no       0.367158    4.20166e-09          4  1 
              8          62225            0.889063              1             no       0.402442    3.75545e-09          4  1 
              8          62236             1.85221              1             no       0.386608    4.77205e-09          4  1 
              8          62279             1.45882              1             no       0.371349    4.04204e-09          4  1 
              8          62283              3.4884              1             no        0.39895    5.82733e-09          4  1 
              8          62360             2.98949              1             no       0.392442    4.80899e-09          4  1 
              8          62365            0.965097              1             no       0.411128     3.4333e-09          4  1 
              8          62477            0.763931              1             no       0.414068    8.99914e-09          4  1 
              8          62528             1.91597              1             no       0.391404    3.82624e-09          4  1 
              8          62570            0.306788              1             no       0.404956    4.73401e-09          4  1 
              8          62574           0.0215765              1             no       0.145438    5.05697e-09          4  1 
              8          62580             2.66512              1             no       0.390417    4.33846e-09          4  1 
              8          62596             3.18444              1             no        0.38872    3.32185e-09          4  1 
              8          62695             1.78842              1             no        0.38003    4.05437e-09          4  1 
              8          62746             3.53838              1             no       0.414467    5.04165e-09          4  1 
              8          62822            0.359122              1             no       0.347571    5.34305e-09          4  1 
              8          62916           0.0610653              1             no       0.259815    6.10404e-09          4  1 
              8          62924             2.05266              1             no        0.37624    3.36573e-09          4  1 
              8          62957            0.525127              1             no       0.378777    4.09122e-09          4  1 
              8          62962             2.81008              1             no       0.377963     3.6377e-09          4  1 
              8          63090            0.191207              1             no       0.352701    5.77832e-09          4  1 
              8          63136             3.48004              1             no       0.410734     3.8651e-09          4  1 
              8          63178             1.76474              1             no       0.371754    4.14403e-09          4  1 
              8          63228            0.323356              1             no       0.362327    3.13386e-09          4  1 
              8          63403            0.195729              1             no       0.387074    3.23842e-09          4  1 
              8          63451             2.05135              1             no        0.37114    3.69862e-09          4  1 
              8          63487            0.915142              1             no       0.379068     3.6731e-09          4  1 
              8          63560             2.56416              1             no        0.38034     5.5474e-09          4  1 
              8          63655             1.55316              1             no       0.377908    3.86754e-09          4  1 
              8          63661            0.450418              1             no       0.325198    3.94573e-09          4  1 
              8          63692             3.48193              1             no       0.413428    4.76127e-09          4  1 
              8          63766             2.48312              1             no       0.369629    4.24979e-09          4  1 
              8          63772            0.459384              1             no       0.355085    6.04755e-09          4  1 
              8          63792             2.78402              1             no       0.377622    4.37637e-09          4  1 
              8          63993             1.58706              1             no       0.389586    3.59174e-09          4  1 
              8          64015             3.25397              1             no       0.407267    4.65865e-09          4  1 
              8          64080             1.49321              1             no       0.380303    5.13683e-09          4  1 
              8          64083             1.07058              1             no       0.379649    3.40366e-09          4  1 
              8          64194             1.87254              1             no       0.381048    3.82565e-09          4  1 
              8          64223            0.256872              1             no       0.396464    4.50318e-09          4  1 
              8          64287           0.0451217              1             no       0.139525    3.33993e-09          4  1 
              8          64292            0.368107              1             no        0.34094     3.4856e-09          4  1 
              8          64337            0.404536              1             no       0.398603    5.48245e-09          4  1 
              8          64358             3.16207              1             no        0.38236    5.15376e-09          4  1 
              8          64383             3.04902              1             no       0.411418     4.2052e-09          4  1 
              8          64478             1.90509              1             no       0.413394    4.62288e-09          4  1 
              8          64491              1.5393              1             no       0.368522    5.79725e-09          4  1 
              8          64526            0.975856              1             no       0.367268    7.10786e-09          4  1 
              8          64621             1.47342              1             no       0.383716    5.13026e-09          4  1 
              8          64661             1.92692              1             no       0.377273    4.87239e-09          4  1 
              8          64665             3.55738              1             no       0.424247    4.03535e-09          4  1 
              8          64674            0.371869              1             no       0.364747    6.87925e-09          4  1 
              8          64813             1.71673              1             no       0.360147    3.61472e-09          4  1 
              8          64834            0.740327              1             no       0.396256    4.44896e-09          4  1 
              8          65022             1.32009              1             no       0.371146    3.93179e-09          4  1 
              8          65039            0.722473              1             no       0.406022    5.51126e-09          4  1 
              8          65215             1.19952              1             no       0.396786    5.44254e-09          4  1 
              8          65272           0.0769895              1             no       0.337975     3.5359e-09          4  1 
              8          65301            0.109539              1             no       0.330427     7.8702e-09          4  1 
              8          65430             1.81635              1             no       0.379809      3.951e-09          4  1 
              8          65486             2.60651              1             no       0.407571    4.40716e-09          4  1 
              8          65492            0.548711              1             no        0.35184    4.03104e-09          4  1 
              8          65502             1.76273              1             no       0.371448    3.59219e-09          4  1 
              8          65560           0.0114217              1             no              0    4.51241e-09          4  1 
              8          65625             2.93714              1             no       0.372694    3.32661e-09          4  1 
              8          65630             2.10957              1             no       0.388772    3.50938e-09          4  1 
              8          65641             2.30302              1             no       0.394379     3.3755e-09          4  1 
              8          65647             1.20137              1             no       0.367442     4.4769e-09          4  1 
              8          65654             3.23297              1             no       0.377332    4.17733e-09          4  1 
              8          65739             0.32472              1             no       0.345258    4.94042e-09          4  1 
              8          65764             2.88599              1             no       0.371768    3.80836e-09          4  1 
              8          65956             1.08906              1             no       0.385521    4.04682e-09          4  1 
              8          66008           0.0604026              1             no        0.26202    5.13849e-09          4  1 
              8          66013             3.25738              1             no       0.419227    3.72157e-09          4  1 
              8          66086             2.77893              1             no       0.373474    3.49906e-09          4  1 
              8          66158             0.14207              1             no       0.348882    3.93004e-09          4  1 
              8          66277             2.96012              1             no        0.38403    6.23202e-09          4  1 
              8          66284             3.60845              1             no       0.424114    4.03251e-09          4  1 
              8          66309            0.430615              1             no       0.326891     4.0127e-09          4  1 
              8          66315             1.96134              1             no        0.37579    3.48485e-09          4  1 
              8          66378             3.00549              1             no       0.385917    4.23925e-09          4  1 
              8          66379             2.65491              1             no       0.366407     3.3857e-09          4  1 
              8          66415             1.08694              1             no       0.397249     6.1743e-09          4  1 
              8          66618             2.74554              1             no       0.423393    3.88535e-09          4  1 
              8          66625            0.237167              1             no       0.335388    3.69197e-09          4  1 
              8          66720               2.273              1             no        0.37375    6.18816e-09          4  1 
              8          66758             1.91803              1             no       0.412668     6.5083e-09          4  1 
              8          66759             3.30571              1             no       0.387195    3.70065e-09          4  1 
              8          66824            0.213563              1             no       0.390344    5.21807e-09          4  1 
              8          66847             2.27105              1             no       0.373771    5.47756e-09          4  1 
              8          66869           0.0393913              1             no       0.127165    4.21167e-09          4  1 
              8          66877              1.7192              1             no        0.38304    3.52506e-09          4  1 
              8          66925             3.38935              1             no       0.390263     4.1697e-09          4  1 
              8          66983              3.2213              1             no       0.421502    4.18247e-09          4  1 
              8          67013            0.530896              1             no       0.395036    4.10636e-09          4  1 
              8          67058             1.78637              1             no       0.378294    3.55008e-09          4  1 
              8          67112           0.0399761              1             no       0.332521    4.10669e-09          4  1 
              8          67233             3.11673              1             no       0.382425    5.32318e-09          4  1 
              8          67237             2.53549              1             no       0.384433    3.52348e-09          4  1 
              8          67441             1.37774              1             no       0.385847    5.24412e-09          4  1 
              8          67515           0.0305424              1             no       0.186981    5.78404e-09          4  1 
              8          67657             2.51313              1             no       0.361654    6.32252e-09          4  1 
              8          67705            0.193838              1             no       0.410759    6.47345e-09          4  1 
              8          67742              3.3095              1             no       0.396199    4.43752e-09          4  1 
              8          67815             1.97986              1             no       0.401977    3.63632e-09          4  1 
              8          67820          0.00947263              1             no              0    3.64558e-09          4  1 
              8          67892            0.588901              1             no       0.391871    3.48981e-09          4  1 
              8          67940             1.72683              1             no       0.390909    3.53065e-09          4  1 
              8          67956              2.0259              1             no       0.390985    3.86933e-09          4  1 
              8          67973            0.519338              1             no       0.382886    5.08206e-09          4  1 
              8          68019             2.95191              1             no       0.377352    4.28895e-09          4  1 
              8          68164             1.46966              1             no       0.359486    5.63999e-09          4  1 
              8          68453            0.514894              1             no       0.371314    3.82255e-09          4  1 
              8          68511             1.73895              1             no       0.413157    5.18304e-09          4  1 
              8          68542             1.59226              1             no       0.391189     5.3858e-09          4  1 
              8          68656             3.42512              1             no       0.415437    3.44836e-09          4  1 
              8          68689              1.4568              1             no       0.389366    4.74622e-09          4  1 
              8          68699               2.123              1             no       0.377885    3.18286e-09          4  1 
              8          68749             2.99458              1             no       0.388612    3.79244e-09          4  1 
              8          68791              2.4262              1             no       0.418837    4.88434e-09          4  1 
              8          68834             1.48358              1             no       0.401256    4.69189e-09          4  1 
              8          68916             2.60127              1             no       0.409778    4.47728e-09          4  1 
              8          68925             3.63519              1             no       0.418667    3.88419e-09          4  1 
              8          68929           0.0821351              1             no       0.340057    3.42181e-09          4  1 
              8          69047              2.4877              1             no       0.386436    3.51347e-09          4  1 
              8          69123             2.66267              1             no       0.375646     3.9705e-09          4  1 
              8          69208             3.18103              1             no       0.385068    4.71114e-09          4  1 
              8          69278            0.390951              1             no       0.408964    5.38609e-09          4  1 
              8          69279             2.61521              1             no       0.361207    3.72032e-09          4  1 
              8          69296            0.511093              1             no       0.371558    3.64504e-09          4  1 
              8          69347            0.200192              1             no       0.308149    3.60446e-09          4  1 
              8          69361              2.1069              1             no       0.378626    3.76978e-09          4  1 
              8          69473             1.20649              1             no       0.397706    5.14034e-09          4  1 
              8          69578             3.42829              1             no       0.420266    3.43064e-09          4  1 
              8          69634             1.27498              1             no       0.396398    3.88005e-09          4  1 
              8          69691             1.38914              1             no       0.397357    3.90123e-09          4  1 
              8          69862             1.94405              1             no       0.404407    3.85633e-09          4  1 
              8          69903             1.26214              1             no       0.398842    7.13674e-09          4  1 
              8          69905             3.50103              1             no       0.403874    4.31893e-09          4  1 
              8          69977            0.966364              1             no       0.379568    4.97644e-09          4  1 
              8          70064             1.89304              1             no       0.407634    3.57808e-09          4  1 
              8          70083           0.0458039              1             no       0.277021    4.78014e-09          4  1 
              8          70234             1.05957              1             no       0.404566    4.87835e-09          4  1 
              8          70260            0.228863              1             no       0.422841    3.65739e-09          4  1 
              8          70315             3.52602              1             no        0.41262    4.09337e-09          4  1 
              8          70400             2.70603              1             no       0.427695     3.4555e-09          4  1 
              8          70449            0.108877              1             no       0.384891    4.46862e-09          4  1 
              8          70464             3.34852              1             no        0.41047     4.3908e-09          4  1 
              8          70480             3.29548              1             no       0.379289    4.00024e-09          4  1 
              8          70542             1.32652              1             no        0.36989    4.66473e-09          4  1 
              8          70609             1.81703              1             no       0.363136    5.28464e-09          4  1 
              8          70644             1.90782              1             no       0.388713    3.68259e-09          4  1 
              8          70734             3.25512              1             no       0.376304    3.92555e-09          4  1 
              8          70882            0.761475              1             no       0.397819    3.42364e-09          4  1 
              8          70883             2.51056              1             no       0.384664    3.46509e-09          4  1 
              8          70922             0.48289              1             no       0.340424    3.88426e-09          4  1 
              8          70963             2.66516              1             no       0.410032    5.90189e-09          4  1 
              8          70996            0.581924              1             no        0.36589    4.88083e-09          4  1 
              8          71085            0.874328              1             no       0.372665    4.39741e-09          4  1 
              8          71095            0.273634              1             no       0.325807     3.1813e-09          4  1 
              8          71281             2.82419              1             no       0.372727    4.05564e-09          4  1 
              8          71297             3.05099              1             no       0.409294    5.81822e-09          4  1 
              8          71320            0.828368              1             no       0.397224    3.26286e-09          4  1 
              8          71364             3.43985              1             no       0.416463    3.19444e-09          4  1 
              8          71369              2.3995              1             no       0.376945    3.59796e-09          4  1 
              8          71384             1.77879              1             no       0.397526    4.00839e-09          4  1 
              8          71398             1.74361              1             no       0.375868    3.96429e-09          4  1 
              8          71454             2.57318              1             no       0.388429    3.52214e-09          4  1 
              8          71456             1.11705              1             no       0.389471    5.38632e-09          4  1 
              8          71464             1.30808              1             no       0.377995    3.62456e-09          4  1 
              8          71505            0.310648              1             no       0.348601    3.78083e-09          4  1 
              8          71600             2.57375              1             no       0.367003    4.51188e-09          4  1 
              8          71615             2.34327              1             no         0.3767    3.78507e-09          4  1 
              8          71661            0.210444              1             no       0.351023    7.36132e-09          4  1 
              8          71690             2.60197              1             no        0.37512     3.8887e-09          4  1 
              8          71715             3.02996              1             no       0.397571    3.50465e-09          4  1 
              8          71723             2.56484              1             no       0.377503      3.834e-09          4  1 
              8          71801             2.95766              1             no       0.372507    4.05489e-09          4  1 
              8          71827             2.69073              1             no       0.370554    3.49575e-09          4  1 
              8          71843             3.19771              1             no       0.381657    3.60886e-09          4  1 
              8          71888            0.382706              1             no       0.387726     4.9874e-09          4  1 
              8          71986             0.77736              1             no       0.390467    4.58994e-09          4  1 
              8          72040            0.947166              1             no       0.391234    3.11649e-09          4  1 
              8          72093            0.170137              1             no       0.437736    5.10327e-09          4  1 
              8          72127            0.306165              1             no       0.393366    5.29251e-09          4  1 
              8          72128            0.055335              1             no        0.32124    4.62316e-09          4  1 
              8          72131            0.385279              1             no       0.375272    4.12935e-09          4  1 
              8          72249             1.68593              1             no       0.388656    3.53282e-09          4  1 
              8          72250            0.161132              1             no       0.319221    5.30359e-09          4  1 
              8          72273             3.55497              1             no       0.384127    3.78863e-09          4  1 
              8          72306              0.2742              1             no       0.336508    4.66157e-09          4  1 
              8          72325           0.0235062              1             no       0.134328    4.55206e-09          4  1 
              8          72354            0.767166              1             no        0.39408     3.7113e-09          4  1 
              8          72357              3.2189              1             no       0.393271    4.82146e-09          4  1 
              8          72375            0.337974              1             no       0.344694    7.18064e-09          4  1 
              8          72413             2.06416              1             no       0.379064    5.00401e-09          4  1 
              8          72429            0.244183              1             no       0.385696    3.53696e-09          4  1 
              8          72520             1.96963              1             no       0.371617    4.88634e-09          4  1 
              8          72646             1.35595              1             no       0.371751    4.30339e-09          4  1 
              8          72731             2.64339              1             no       0.383451      4.691e-09          4  1 
              8          72866             3.13061              1             no       0.406555    4.44916e-09          4  1 
              8          72874             1.27668              1             no       0.380758    3.71995e-09          4  1 
              8          72888            0.760715              1             no       0.396449    3.61467e-09          4  1 
              8          72919             2.92689              1             no       0.379673    3.55253e-09          4  1 
              8          72960            0.101938              1             no        0.34283    8.62609e-09          4  1 
              8          73045             2.31957              1             no       0.363172     4.2853e-09          4  1 
              8          73117             3.15569              1             no       0.400154    5.47883e-09          4  1 
              8          73135                3.31              1             no       0.384921    5.16441e-09          4  1 
              8          73145             1.85839              1             no        0.41857    3.80583e-09          4  1 
              8          73158             0.72758              1             no        0.36031    3.19624e-09          4  1 
              8          73196             1.87205              1             no       0.365842    3.97525e-09          4  1 
              8          73255             2.45762              1             no       0.389333    4.29466e-09          4  1 
              8          73260              3.3498              1             no       0.395633    3.31558e-09          4  1 
              8          73361            0.788294              1             no       0.351943    4.80082e-09          4  1 
              8          73430             3.17592              1             no       0.385079    3.42594e-09          4  1 
              8          73490             1.89059              1             no       0.388255    3.49604e-09          4  1 
              8          73525             1.75511              1             no       0.387598    3.75616e-09          4  1 
              8          73575            0.382706              1             no       0.364604    6.44926e-09          4  1 
              8          73668             3.10583              1             no       0.382913    3.46399e-09          4  1 
              8          73778            0.588297              1             no       0.427028    3.72543e-09          4  1 
              8          73878             3.00105              1             no       0.369219    3.86589e-09          4  1 
              8          73951            0.287629              1             no       0.358677    3.52036e-09          4  1 
              8          73970            0.115328              1             no       0.280886     5.6332e-09          4  1 
              8          73974             1.32276              1             no       0.360318    6.06431e-09          4  1 
              8          74058            0.405199              1             no       0.316177    5.14381e-09          4  1 
              8          74072            0.104355              1             no       0.322002     4.7819e-09          4  1 
              8          74084             1.80549              1             no       0.375399    4.10735e-09          4  1 
              8          74092            0.175205              1             no        0.33719    4.39661e-09          4  1 
              8          74102            0.307451              1             no       0.329213    3.98951e-09          4  1 
              8          74110              3.0735              1             no       0.368493    4.35625e-09          4  1 
              8          74150             2.69397              1             no       0.378386    3.50053e-09          4  1 
              8          74155            0.364228              1             no        0.33922    4.19254e-09          4  1 
              8          74183            0.423559              1             no       0.385026    3.93349e-09          4  1 
              8          74192             2.08838              1             no       0.370028    5.12915e-09          4  1 
              8          74315           0.0241104              1             no         0.1827    5.27811e-09          4  1 
              8          74714            0.169552              1             no       0.341074    4.95464e-09          4  1 
              8          74725           0.0514952              1             no       0.170704    4.18024e-09          4  1 
              8          74739            0.491875              1             no        0.37823    4.05989e-09          4  1 
              8          74840            0.755686              1             no       0.371283    3.64597e-09          4  1 
              8          74939             2.31393              1             no       0.378721    4.83197e-09          4  1 
              8          74958            0.197561              1             no       0.328236    3.24492e-09          4  1 
              8          74981            0.982386              1             no       0.356494    5.43114e-09          4  1 
              8          75011            0.588414              1             no       0.358641    5.14324e-09          4  1 
              8          75025            0.935003              1             no       0.387505    4.59194e-09          4  1 
              8          75058             2.84085              1             no       0.396838    4.15739e-09          4  1 
              8          75117              1.8732              1             no       0.373744     3.6088e-09          4  1 
              8          75230            0.640728              1             no       0.370213    5.54328e-09          4  1 
              8          75482            0.155577              1             no       0.335505    6.91909e-09          4  1 
              8          75671             2.07121              1             no       0.392585    5.07888e-09          4  1 
              8          75697            0.660433              1             no       0.399717     5.5293e-09          4  1 
              8          75743              2.4609              1             no       0.381037    3.16489e-09          4  1 
              8          75783            0.599232              1             no       0.344685    6.07759e-09          4  1 
              8          75860             1.68287              1             no       0.370809    4.95678e-09          4  1 
              8          75882            0.667489              1             no       0.381096    3.37932e-09          4  1 
              8          75951             1.67533              1             no       0.391221    3.23035e-09          4  1 
              8          75984             2.93726              1             no       0.391186    4.35337e-09          4  1 
              8          75992             2.54952              1             no       0.365506    3.57202e-09          4  1 
              8          76003             0.89684              1             no       0.378371    4.91827e-09          4  1 
              8          76020             2.99339              1             no       0.385765    3.99227e-09          4  1 
              8          76202            0.304216              1             no       0.412417    5.09968e-09          4  1 
              8          76228             1.34967              1             no       0.360252     3.2379e-09          4  1 
              8          76317             3.66523              1             no       0.417507    4.72407e-09          4  1 
              8          76386             1.79592              1             no       0.400115    3.98579e-09          4  1 
              8          76412             1.58142              1             no       0.365978    3.74377e-09          4  1 
              8          76457             3.53813              1             no       0.422375    5.10387e-09          4  1 
              8          76477             2.90188              1             no       0.388654    3.81592e-09          4  1 
              8          76528             1.14841              1             no       0.386677    3.46507e-09          4  1 
              8          76631            0.374422              1             no       0.372618    3.62677e-09          4  1 
              8          76661            0.115348              1             no       0.303143    6.65279e-09          4  1 
              8          76708             0.10759              1             no       0.300181    4.41757e-09          4  1 
              8          76745             2.59998              1             no       0.383458    5.30569e-09          4  1 
              8          76754            0.981684              1             no       0.389886     4.5635e-09          4  1 
              8          76780             3.37465              1             no       0.384575    4.10418e-09          4  1 
              8          76887            0.330977              1             no       0.425417    3.40959e-09          4  1 
              8          76892           0.0496046              1             no       0.267976    5.48996e-09          4  1 
              8          76902             2.68875              1             no        0.38384     4.1728e-09          4  1 
              8          76908            0.126711              1             no       0.370405    3.88364e-09          4  1 
              8          76922            0.970029              1             no       0.400398    3.66403e-09          4  1 
              8          77007             2.36373              1             no       0.368549    4.57867e-09          4  1 
              8          77033            0.763931              1             no       0.375593    3.61639e-09          4  1 
              8          77035             3.44812              1             no       0.396941    3.69653e-09          4  1 
              8          77134            0.520585              1             no       0.374555    4.98488e-09          4  1 
              8          77140             3.22726              1             no       0.412672    3.69553e-09          4  1 
              8          77171             1.75064              1             no       0.400265    3.38279e-09          4  1 
              8          77205             1.06017              1             no       0.370029    3.63985e-09          4  1 
              8          77235              1.2385              1             no       0.355954    4.78771e-09          4  1 
              8          77270             2.81074              1             no       0.378574    3.85156e-09          4  1 
              8          77329             3.59453              1             no        0.40886    4.97394e-09          4  1 
              8          77466             3.13125              1             no       0.402624    4.63515e-09          4  1 
              8          77843            0.684778              1             no       0.362224    4.13024e-09          4  1 
              8          77874             1.87903              1             no       0.368518    3.68872e-09          4  1 
              8          77882             1.09976              1             no       0.367627    4.73564e-09          4  1 
              8          77976              1.1183              1             no       0.342763    3.59723e-09          4  1 
              8          78045             2.11144              1             no       0.395083    5.26049e-09          4  1 
              8          78132             3.28217              1             no       0.417824    5.24567e-09          4  1 
              8          78309            0.857858              1             no       0.414946    3.12105e-09          4  1 
              8          78341             1.70907              1             no         0.3771    6.33779e-09          4  1 
              8          78364            0.275544              1             no       0.372215    5.35375e-09          4  1 
              8          78455             3.17236              1             no       0.385961    5.10193e-09          4  1 
              8          78545            0.119831              1             no       0.281067     5.4681e-09          4  1 
              8          78587              0.8195              1             no       0.400024    3.91058e-09          4  1 
              8          78659             2.08776              1             no       0.389445    4.10365e-09          4  1 
              8          78732             2.46908              1             no       0.378961     3.8431e-09          4  1 
              8          78765              1.8802              1             no       0.372964    3.90252e-09          4  1 
              8          79007             3.46359              1             no       0.391127    3.48127e-09          4  1 
              8          79057             2.41211              1             no       0.382869    4.22054e-09          4  1 
              8          79073            0.551323              1             no       0.381531     5.1627e-09          4  1 
              8          79131            0.440126              1             no       0.399584    6.01795e-09          4  1 
              8          79137             2.10255              1             no       0.364864    4.13536e-09          4  1 
              8          79206             3.13907              1             no       0.406533    3.62812e-09          4  1 
              8          79385            0.682868              1             no       0.363208    5.71157e-09          4  1 
              8          79419            0.808721              1             no       0.358864    6.05693e-09          4  1 
              8          79444             2.17216              1             no       0.385781    3.56315e-09          4  1 
              8          79539             2.70549              1             no       0.390492    5.23796e-09          4  1 
              8          79582             2.44357              1             no       0.382168    3.62846e-09          4  1 
              8          79585            0.244924              1             no       0.345854    6.11291e-09          4  1 
              8          79723              2.1006              1             no       0.369777    3.79325e-09          4  1 
              8          79766            0.781336              1             no       0.387033    5.55528e-09          4  1 
              8          79820             0.69503              1             no       0.406517     4.2212e-09          4  1 
              8          79845            0.198224              1             no       0.323992    5.15867e-09          4  1 
              8          80211             1.85096              1             no       0.376855    5.87681e-09          4  1 
              8          80220             1.19104              1             no       0.393605    5.27034e-09          4  1 
              8          80369             2.76928              1             no       0.367891    3.47422e-09          4  1 
              8          80431             2.60889              1             no        0.38238    3.13947e-09          4  1 
              8          80447             2.48998              1             no       0.387546    3.38505e-09          4  1 
              8          80450              2.3987              1             no       0.388203    4.59961e-09          4  1 
              8          80528             2.53235              1             no       0.377074    3.40528e-09          4  1 
              8          80611            0.366061              1             no       0.422874    3.34244e-09          4  1 
              8          80613            0.474704              1             no       0.374584    7.33107e-09          4  1 
              8          80631           0.0489419              1             no       0.232577    3.76239e-09          4  1 
              8          80715            0.357816              1             no       0.405981    7.25778e-09          4  1 
              8          80776             1.84759              1             no       0.398261    3.85844e-09          4  1 
              8          80864             2.11006              1             no       0.372324    4.15673e-09          4  1 
              8          80871             3.27496              1             no       0.395491    3.56649e-09          4  1 
              8          80884            0.373214              1             no       0.348235    4.10457e-09          4  1 
              8          80895             1.94854              1             no       0.382511    3.33489e-09          4  1 
              8          80904             1.27997              1             no        0.38928     4.4749e-09          4  1 
              8          80918             3.15485              1             no        0.36803    5.51052e-09          4  1 
              8          80950             2.15109              1             no        0.35694    3.67032e-09          4  1 
              8          80962             3.46215              1             no        0.40899    3.45725e-09          4  1 
              8          80980             1.97354              1             no       0.405861    6.20522e-09          4  1 
              8          81034             2.35674              1             no       0.375391    5.11686e-09          4  1 
              8          81060             2.61074              1             no       0.388716     4.1339e-09          4  1 
              8          81159             2.35861              1             no       0.383729    3.65331e-09          4  1 
              8          81166             1.55521              1             no       0.417315     3.8961e-09          4  1 
              8          81170            0.317041              1             no       0.311263    3.47875e-09          4  1 
              8          81180           0.0285738              1             no       0.154843    3.87518e-09          4  1 
              8          81219            0.442738              1             no       0.369888    3.39637e-09          4  1 
              8          81277             3.28786              1             no       0.382106    5.03412e-09          4  1 
              8          81316              2.1107              1             no       0.375507     5.3577e-09          4  1 
              8          81485             2.61542              1             no        0.35997    3.47023e-09          4  1 
              8          81570             2.10581              1             no       0.375537    4.25708e-09          4  1 
              8          81624           0.0999694              1             no       0.349386    3.65839e-09          4  1 
              8          81628             2.29854              1             no       0.394291    4.07297e-09          4  1 
              8          81638             2.01558              1             no       0.373925    4.92686e-09          4  1 
              8          81911             1.75778              1             no       0.366351    3.60584e-09          4  1 
              8          82011            0.331659              1             no       0.405383    3.20843e-09          4  1 
              8          82062               2.538              1             no       0.359616    3.80887e-09          4  1 
              8          82142             0.99065              1             no       0.375398    3.74229e-09          4  1 
              8          82248           0.0674584              1             no       0.272176    4.81953e-09          4  1 
              8          82373             1.39622              1             no       0.366055     3.5289e-09          4  1 
              8          82436            0.603792              1             no       0.387662    4.97945e-09          4  1 
              8          82601             1.46701              1             no        0.39274    3.34923e-09          4  1 
              8          82645             1.41142              1             no       0.391927     5.0951e-09          4  1 
              8          82693           0.0846105              1             no       0.390002    4.03059e-09          4  1 
              8          82783            0.484254              1             no       0.371141    5.52864e-09          4  1 
              8          82790             1.89766              1             no       0.374678    3.33198e-09          4  1 
              8          82830             2.16319              1             no        0.36644     4.8565e-09          4  1 
              8          82883             3.33327              1             no       0.399337    5.03119e-09          4  1 
              8          82952            0.442777              1             no       0.417441    3.60848e-09          4  1 
              8          82983             1.59162              1             no       0.404181    3.86297e-09          4  1 
              8          82990             1.12344              1             no       0.377592      3.435e-09          4  1 
              8          82991            0.352066              1             no       0.325527     1.0112e-08          4  1 
              8          83012             2.84007              1             no       0.394209    5.91178e-09          4  1 
              8          83034             3.24707              1             no        0.39776    3.60729e-09          4  1 
              8          83131           0.0139361              1             no      0.0895105    4.28887e-09          4  1 
              8          83140            0.410812              1             no       0.386108    6.47377e-09          4  1 
              8          83223             0.82406              1             no       0.363798     3.6755e-09          4  1 
              8          83226             1.56102              1             no       0.372423    5.74074e-09          4  1 
              8          83246             1.85089              1             no       0.373406    3.43679e-09          4  1 
              8          83415             1.86948              1             no       0.374519    4.07273e-09          4  1 
              8          83437             2.44287              1             no       0.387216    3.41251e-09          4  1 
              8          83613            0.739664              1             no        0.36723     3.5005e-09          4  1 
              8          83665            0.249348              1             no       0.349957     3.4683e-09          4  1 
              8          83717           0.0349669              1             no       0.307692    3.22485e-09          4  1 
              8          83728             1.67408              1             no       0.385039    3.74758e-09          4  1 
              8          83735             3.37588              1             no       0.375908    3.55179e-09          4  1 
              8          83755             1.50467              1             no       0.378261    3.94571e-09          4  1 
              8          83789             3.24299              1             no       0.407251    3.77821e-09          4  1 
              8          83824             2.62361              1             no       0.409707    5.19488e-09          4  1 
              8          83899             2.25708              1             no        0.37327    3.43686e-09          4  1 
              8          83930           0.0317703              1             no       0.258896    6.14088e-09          4  1 
              8          84071             3.52473              1             no        0.39627    5.11465e-09          4  1 
              8          84076            0.613187              1             no        0.34609    3.93498e-09          4  1 
              8          84117            0.421688              1             no       0.357985    5.36907e-09          4  1 
              8          84125            0.970847              1             no       0.402771    4.26885e-09          4  1 
              8          84126             2.10875              1             no       0.373136    4.31453e-09          4  1 
              8          84127              2.3797              1             no       0.382769    4.02945e-09          4  1 
              8          84324             3.29347              1             no       0.380662    4.36082e-09          4  1 
              8          84443             2.56689              1             no       0.379237    4.54848e-09          4  1 
              8          84565            0.175926              1             no       0.376136    3.56059e-09          4  1 
              8          84726             2.56051              1             no       0.386651     5.1599e-09          4  1 
              8          84781             2.37642              1             no       0.371994    3.34901e-09          4  1 
              8          84791            0.120415              1             no       0.396083    3.88315e-09          4  1 
              8          84878           0.0884892              1             no       0.337225    3.59411e-09          4  1 
              8          85002             1.54626              1             no       0.385065    5.23018e-09          4  1 
              8          85050            0.311291              1             no       0.362344    4.79424e-09          4  1 
              8          85109             3.00622              1             no       0.381143      4.712e-09          4  1 
              8          85183             1.87578              1             no       0.381045    3.40431e-09          4  1 
              8          85195             1.58515              1             no       0.388075    4.34475e-09          4  1 
              8          85199             1.56349              1             no       0.382006    5.38057e-09          4  1 
              8          85300             1.05255              1             no       0.375171    3.44725e-09          4  1 
              8          85380            0.451704              1             no        0.41493    5.88038e-09          4  1 
              8          85411              2.1913              1             no        0.39321    3.60016e-09          4  1 
              8          85414             2.35715              1             no       0.378228    4.03225e-09          4  1 
              8          85458           0.0158852              1             no              0    3.47122e-09          4  1 
              8          85461             3.30447              1             no       0.383271     3.4218e-09          4  1 
              8          85462             3.24757              1             no       0.396269    5.36193e-09          4  1 
              8          85511            0.841271              1             no       0.366132    4.70701e-09          4  1 
              8          85565             0.49131              1             no       0.342484    4.63896e-09          4  1 
              8          85910             2.47737              1             no       0.369181    3.50979e-09          4  1 
              8          85971            0.022863              1             no        0.13896    3.64585e-09          4  1 
              8          86030            0.428763              1             no       0.379034    4.71625e-09          4  1 
              8          86048            0.244125              1             no       0.411976    3.54935e-09          4  1 
              8          86215             2.83586              1             no       0.370058    3.41793e-09          4  1 
              8          86266             1.47475              1             no       0.362172    4.31378e-09          4  1 
              8          86304             3.21307              1             no       0.404328    3.63385e-09          4  1 
              8          86319             3.10897              1             no       0.372025    5.19822e-09          4  1 
              8          86399             2.16366              1             no       0.396431    5.76308e-09          4  1 
              8          86413             2.51565              1             no       0.386412    4.06381e-09          4  1 
              8          86435             0.41588              1             no       0.390542     4.1458e-09          4  1 
              8          86457             2.26792              1             no       0.377923    5.07606e-09          4  1 
              8          86473            0.159924              1             no       0.361731     3.5164e-09          4  1 
              8          86507             2.71249              1             no       0.388529    4.97404e-09          4  1 
              8          86516             2.27345              1             no       0.380655    4.31793e-09          4  1 
              8          86551            0.682166              1             no       0.379525    3.67977e-09          4  1 
              8          86612            0.172106              1             no       0.358437     3.4879e-09          4  1 
              8          86633             2.43585              1             no       0.398302    4.17685e-09          4  1 
              8          86686             2.40199              1             no       0.381049    4.89807e-09          4  1 
              8          86720            0.150958              1             no       0.400129    4.30072e-09          4  1 
              8          86764            0.055335              1             no       0.343783    4.86058e-09          4  1 
              8          86783             1.12978              1             no       0.368712    3.97692e-09          4  1 
              8          86795             2.45185              1             no       0.386346     4.5547e-09          4  1 
              8          86914             1.90507              1             no       0.365752    4.74263e-09          4  1 
              8          86915              2.4493              1             no       0.404479    4.22792e-09          4  1 
              8          87088             2.04554              1             no       0.390593    3.22473e-09          4  1 
              8          87111            0.734636              1             no       0.400308     3.7653e-09          4  1 
              8          87162            0.177095              1             no       0.394783    4.89584e-09          4  1 
              8          87218             2.70923              1             no       0.375298    3.56227e-09          4  1 
              8          87267             1.27481              1             no         0.3889    5.56617e-09          4  1 
              8          87335            0.920443              1             no       0.365153    3.56224e-09          4  1 
              8          87374             1.18726              1             no       0.409502    3.93895e-09          4  1 
              8          87382             1.95996              1             no       0.351303    3.85178e-09          4  1 
              8          87390           0.0356296              1             no       0.159737    6.28572e-09          4  1 
              8          87512             3.32047              1             no       0.394919    3.64911e-09          4  1 
              8          87563             2.11785              1             no       0.392396    3.31489e-09          4  1 
              8          87608             2.12731              1             no       0.366308    4.16364e-09          4  1 
              8          87664             2.40394              1             no       0.408105    3.87396e-09          4  1 
              8          87705           0.0795623              1             no       0.286624    4.43904e-09          4  1 
              8          87710             2.25509              1             no       0.414896    5.50153e-09          4  1 
              8          87717              1.3879              1             no       0.371845    4.05961e-09          4  1 
              8          87788             1.81374              1             no       0.385245     4.0093e-09          4  1 
              8          87796             2.80967              1             no       0.364005    4.37844e-09          4  1 
              8          87839             3.51138              1             no       0.423082    4.23744e-09          4  1 
              8          87888              2.0586              1             no       0.382293    3.72101e-09          4  1 
              8          87896             2.18161              1             no       0.369743    4.33793e-09          4  1 
              8          87989            0.297803              1             no       0.408469    5.64647e-09          4  1 
              8          87996             2.21118              1             no       0.371216    3.24144e-09          4  1 
              8          88082            0.197561              1             no       0.299132    3.18835e-09          4  1 
              8          88110             1.39491              1             no       0.361857     3.3657e-09          4  1 
              8          88120             1.97352              1             no       0.387742    4.82148e-09          4  1 
              8          88392             1.76464              1             no       0.380037    6.02745e-09          4  1 
              8          88418             0.16505              1             no       0.316013    5.21919e-09          4  1 
              8          88548           0.0930111              1             no       0.225272    4.51653e-09          4  1 
              8          88592            0.178479              1             no       0.381457    6.30672e-09          4  1 
              8          88600             1.66377              1             no       0.361301    4.38819e-09          4  1 
              8          88637           0.0304839              1             no       0.145141    6.34196e-09          4  1 
              8          88641             2.06531              1             no       0.371709    3.82716e-09          4  1 
              8          88674             2.45887              1             no       0.415096    4.08792e-09          4  1 
              8          88676             2.17781              1             no       0.414091    3.88738e-09          4  1 
              8          88842             1.14841              1             no       0.377172    3.50178e-09          4  1 
              8          88919             2.27312              1             no       0.390597    5.00061e-09          4  1 
              8          88932            0.529649              1             no       0.371936    3.71984e-09          4  1 
              8          89125            0.263324              1             no       0.321244    5.42882e-09          4  1 
              8          89133            0.417225              1             no       0.352705    4.64518e-09          4  1 
              8          89147             2.10614              1             no       0.420584    3.40813e-09          4  1 
              8          89232             1.26204              1             no       0.362486    4.81119e-09          4  1 
              8          89292             3.29743              1             no         0.4083    3.48055e-09          4  1 
              8          89305             2.39698              1             no       0.370917    3.44514e-09          4  1 
              8          89307            0.326533              1             no        0.37444    4.74504e-09          4  1 
              8          89330            0.215454              1             no       0.363217    3.87519e-09          4  1 
              8          89348              1.5042              1             no       0.391168    5.31016e-09          4  1 
              8          89398             2.85483              1             no       0.378339    4.38773e-09          4  1 
              8          89411            0.313786              1             no       0.363252    6.89415e-09          4  1 
              8          89535             1.00655              1             no       0.397971    6.98266e-09          4  1 
              8          89551            0.188069              1             no       0.341693    3.39792e-09          4  1 
              8          89593             3.29036              1             no       0.380081    4.31328e-09          4  1 
              8          89645            0.142031              1             no       0.348978    6.19922e-09          4  1 
              8          89675           0.0317898              1             no        0.22011    3.93822e-09          4  1 
              8          89766             3.46418              1             no       0.418163    5.68249e-09          4  1 
              8          89777             1.15539              1             no       0.377644    3.86274e-09          4  1 
              8          89779             2.08914              1             no       0.354042    4.19285e-09          4  1 
              8          89833             3.01374              1             no       0.372974    4.76434e-09          4  1 
              8          89858            0.161795              1             no        0.33755    3.82877e-09          4  1 
              8          89934            0.481058              1             no       0.345651    6.30253e-09          4  1 
              8          89963             1.68732              1             no       0.384225    3.45028e-09          4  1 
              8          90111            0.318931              1             no       0.377559    4.72023e-09          4  1 
              8          90132             1.61906              1             no       0.383474    4.45674e-09          4  1 
              8          90336             3.26931              1             no        0.41319    3.23124e-09          4  1 
              8          90366              2.6109              1             no       0.367693    3.56685e-09          4  1 
              8          90390            0.360993              1             no       0.439393    4.33627e-09          4  1 
              8          90426            0.999031              1             no       0.402314    3.99736e-09          4  1 
              8          90427              2.1108              1             no       0.379469    3.92319e-09          4  1 
              8          90456            0.560113              1             no       0.391377    4.94046e-09          4  1 
              8          90463              3.1998              1             no       0.409392    4.07708e-09          4  1 
              8          90477             1.56602              1             no       0.367535    3.24077e-09          4  1 
              8          90530             3.00177              1             no       0.369383    3.56735e-09          4  1 
              8          90621           0.0560561              1             no       0.214882    4.85132e-09          4  1 
              8          90665            0.202648              1             no       0.379629    3.53731e-09          4  1 
              8          90677            0.077048              1             no       0.379712    3.40446e-09          4  1 
              8          90751               1.718              1             no       0.405636    4.25071e-09          4  1 
              8          90783             1.69373              1             no       0.379422    3.52328e-09          4  1 
              8          90803            0.280573              1             no       0.344842    6.30352e-09          4  1 
              8          90839             3.31082              1             no       0.414543    6.44902e-09          4  1 
              8          90855             1.01829              1             no       0.345207    4.63959e-09          4  1 
              8          91026             1.13746              1             no       0.380222    6.10803e-09          4  1 
              8          91273             2.93194              1             no       0.387715    3.69834e-09          4  1 
              8          91281            0.946016              1             no       0.387032    4.11473e-09          4  1 
              8          91311             2.01818              1             no       0.367457    4.38605e-09          4  1 
              8          91360             3.10523              1             no       0.386885    3.77579e-09          4  1 
              8          91385              1.4676              1             no       0.370817    5.55668e-09          4  1 
              8          91573             1.69767              1             no       0.398886     4.2479e-09          4  1 
              8          91579             2.32729              1             no       0.389153    3.53286e-09          4  1 
              8          91591            0.609464              1             no       0.383927    4.29011e-09          4  1 
              8          91673            0.670081              1             no       0.393961    5.67634e-09          4  1 
              8          91696           0.0508715              1             no       0.324138    4.51619e-09          4  1 
              8          91787             3.33998              1             no       0.417571    3.93869e-09          4  1 
              8          91796             2.30177              1             no       0.366318    5.96873e-09          4  1 
              8          91926             0.44342              1             no       0.376527    4.51874e-09          4  1 
              8          91943             2.89249              1             no       0.380462    3.52722e-09          4  1 
              8          92088             2.04882              1             no       0.411174    6.32291e-09          4  1 
              8          92122             1.07742              1             no       0.364069    3.23051e-09          4  1 
              8          92261             1.51315              1             no       0.375369    5.66313e-09          4  1 
              8          92273             1.26974              1             no       0.374411    4.72554e-09          4  1 
              8          92297              2.0105              1             no       0.377121    5.48394e-09          4  1 
              8          92311            0.273478              1             no       0.367472    3.99115e-09          4  1 
              8          92323             2.11776              1             no       0.416491      3.726e-09          4  1 
              8          92396              2.1505              1             no       0.417019    3.26782e-09          4  1 
              8          92431              1.2161              1             no       0.394003    5.13713e-09          4  1 
              8          92526             3.12299              1             no       0.382638    3.46462e-09          4  1 
              8          92541             1.70402              1             no       0.375255    3.77988e-09          4  1 
              8          92550             2.26396              1             no        0.38028    3.93063e-09          4  1 
              8          92570            0.837431              1             no       0.393762     3.5637e-09          4  1 
              8          92585             1.79842              1             no       0.363687    5.70461e-09          4  1 
              8          92613             2.91356              1             no       0.378367    4.01085e-09          4  1 
              8          92619              2.1735              1             no       0.370898    3.97287e-09          4  1 
              8          92667            0.187426              1             no       0.332571    4.22659e-09          4  1 
              8          92704             3.56761              1             no       0.415163    5.35011e-09          4  1 
              8          92720             0.14589              1             no       0.405478    3.90781e-09          4  1 
              8          92735             2.48549              1             no       0.355089    4.71829e-09          4  1 
              8          92754            0.626597              1             no       0.367208    3.41276e-09          4  1 
              8          92823             2.43008              1             no       0.382412    4.54103e-09          4  1 
              8          92991            0.915337              1             no       0.371407    3.77776e-09          4  1 
              8          92997           0.0789386              1             no       0.240247    5.17337e-09          4  1 
              8          93027             3.48708              1             no       0.419413    3.53633e-09          4  1 
              8          93153           0.0764048              1             no       0.299235    4.03927e-09          4  1 
              8          93161              2.8139              1             no        0.37862    3.36589e-09          4  1 
              8          93164            0.343821              1             no       0.376247    4.81325e-09          4  1 
              8          93182             2.19122              1             no       0.392325    3.28682e-09          4  1 
              8          93348            0.465757              1             no       0.372071    7.63432e-09          4  1 
              8          93417            0.571671              1             no       0.342209    4.35111e-09          4  1 
              8          93458             3.00327              1             no       0.412201     3.9464e-09          4  1 
              8          93473             2.85935              1             no       0.380188    3.94221e-09          4  1 
              8          93490             1.67525              1             no       0.372158    5.66671e-09          4  1 
              8          93535             2.14144              1             no       0.377326    3.81258e-09          4  1 
              8          93582             3.51704              1             no       0.417681    6.01064e-09          4  1 
              8          93749             3.16711              1             no        0.41118    4.34999e-09          4  1 
              8          93766              1.6299              1             no       0.400918    3.12611e-09          4  1 
              8          93865             1.57943              1             no       0.380569    3.62138e-09          4  1 
              8          93892             1.05253              1             no       0.376326    3.68735e-09          4  1 
              8          94018            0.610712              1             no       0.359142     5.5486e-09          4  1 
              8          94035            0.923718              1             no       0.398485    4.59528e-09          4  1 
              8          94157            0.559509              1             no       0.362085     4.8274e-09          4  1 
              8          94172              1.6549              1             no        0.40221    4.27218e-09          4  1 
              8          94183             3.02078              1             no       0.373576    3.31327e-09          4  1 
              8          94265            0.173996              1             no       0.339868    6.48942e-09          4  1 
              8          94318             2.46017              1             no       0.389175    3.25447e-09          4  1 
              8          94401             1.54443              1             no       0.366062    4.18884e-09          4  1 
              8          94413             1.09738              1             no       0.406398    3.85117e-09          4  1 
              8          94440               3.183              1             no       0.400898    4.99631e-09          4  1 
              8          94483             3.43215              1             no       0.397663    3.43262e-09          4  1 
              8          94542            0.369335              1             no       0.372685    3.32506e-09          4  1 
              8          94560              1.8956              1             no       0.383764    5.00004e-09          4  1 
              8          94590             1.67147              1             no       0.382189    3.43687e-09          4  1 
              8          94624             2.31709              1             no       0.388114    4.28241e-09          4  1 
              8          94675            0.258938              1             no       0.302296    3.61387e-09          4  1 
              8          94743             3.41247              1             no       0.412345    5.39686e-09          4  1 
              8          94758             3.07067              1             no       0.399123    3.74432e-09          4  1 
              8          94771             1.17585              1             no       0.375448    3.60071e-09          4  1 
              8          94844             2.10513              1             no       0.363242    5.88294e-09          4  1 
              8          94862             1.82329              1             no       0.369918    3.52266e-09          4  1 
              8          94951             0.29907              1             no       0.361966    9.25283e-09          4  1 
              8          94972             1.92554              1             no       0.380105    3.97341e-09          4  1 
              8          95052             1.46448              1             no       0.381269    4.80105e-09          4  1 
              8          95111             1.41649              1             no       0.394075    6.03296e-09          4  1 
              8          95195             2.59542              1             no       0.369608    4.21346e-09          4  1 
              8          95308             3.51904              1             no       0.400012    3.72654e-09          4  1 
              8          95331             1.54049              1             no       0.376107      4.017e-09          4  1 
              8          95386             2.81587              1             no       0.403925    3.55607e-09          4  1 
              8          95468             2.26022              1             no       0.359144    3.99592e-09          4  1 
              8          95478             2.17779              1             no       0.375091    3.65129e-09          4  1 
              8          95617              1.5961              1             no       0.374617    3.74338e-09          4  1 
              8          95699             2.51691              1             no       0.376336     3.5497e-09          4  1 
              8          95750             1.93255              1             no        0.37217    4.92232e-09          4  1 
              8          95794             3.46854              1             no        0.41118    4.18911e-09          4  1 
              8          95830            0.359824              1             no       0.336331    3.88327e-09          4  1 
              8          95976              1.1458              1             no       0.389174    6.23147e-09          4  1 
              8          96054             1.11791              1             no       0.369244    3.76008e-09          4  1 
              8          96093             1.56618              1             no       0.387909    4.43407e-09          4  1 
              8          96161             2.30947              1             no       0.359848    3.38358e-09          4  1 
              8          96175           0.0668347              1             no       0.246719    4.18351e-09          4  1 
              8          96207             1.97093              1             no       0.363627    6.18671e-09          4  1 
              8          96271            0.953598              1             no       0.381257    3.38888e-09          4  1 
              8          96276             1.36299              1             no        0.37079     4.9084e-09          4  1 
              8          96361             0.22631              1             no       0.365602     4.7355e-09          4  1 
              8          96418            0.172067              1             no       0.321137    4.23668e-09          4  1 
              8          96437            0.613986              1             no       0.373956    5.06961e-09          4  1 
              8          96441             1.05647              1             no       0.372009    3.49947e-09          4  1 
              8          96465             2.77511              1             no        0.38276    5.06412e-09          4  1 
              8          96475             2.22258              1             no       0.366672    6.12746e-09          4  1 
              8          96598            0.783753              1             no       0.373505    4.29456e-09          4  1 
              8          96695            0.118427              1             no       0.396643    3.38473e-09          4  1 
              8          96706            0.584574              1             no       0.343525    3.79776e-09          4  1 
              8          96758             3.15115              1             no       0.375977    5.49277e-09          4  1 
              8          96800             2.24497              1             no       0.382141    5.07053e-09          4  1 
              8          96810             2.96733              1             no       0.382716     4.1731e-09          4  1 
              8          96814             1.90515              1             no       0.399662    4.29219e-09          4  1 
              8          96866             2.68563              1             no       0.379126    3.61255e-09          4  1 
              8          97005            0.292755              1             no       0.402597    4.88138e-09          4  1 
              8          97026             1.55127              1             no       0.387466    3.48996e-09          4  1 
              8          97066            0.968898              1             no       0.373265    3.47719e-09          4  1 
              8          97082           0.0234477              1             no       0.269327    3.54731e-09          4  1 
              8          97105             0.12675              1             no       0.335691    3.43895e-09          4  1 
              8          97227             3.60714              1             no       0.416109    4.16335e-09          4  1 
              8          97231              1.7455              1             no       0.395192    3.83876e-09          4  1 
              8          97309            0.939584              1             no       0.365204    3.66003e-09          4  1 
              8          97312           0.0101158              1             no              0     5.5669e-09          4  1 
              8          97369             1.31056              1             no       0.393343    8.09123e-09          4  1 
              8          97486             3.13267              1             no       0.388411    4.16391e-09          4  1 
              8          97546             3.10503              1             no       0.373708    3.93414e-09          4  1 
              8          97584            0.419856              1             no       0.346084    4.07967e-09          4  1 
              8          97618            0.569781              1             no       0.380392     4.7022e-09          4  1 
              8          97623           0.0604221              1             no       0.325161    3.94682e-09          4  1 
              8          97640             3.08151              1             no       0.402729    3.73903e-09          4  1 
              8          97695            0.131818              1             no       0.390211    6.06455e-09          4  1 
              8          97716            0.172729              1             no       0.286956    3.63552e-09          4  1 
              8          97733            0.913388              1             no       0.378494    5.21749e-09          4  1 
              8          97767            0.157429              1             no       0.314968    4.56335e-09          4  1 
              8          97815             1.52396              1             no        0.37099    5.43304e-09          4  1 
              8          97867            0.353275              1             no       0.349572    6.27163e-09          4  1 
              8          97905               3.183              1             no       0.392649    4.01555e-09          4  1 
              8          97907             2.76731              1             no       0.414505    3.47112e-09          4  1 
              8          97953             3.09038              1             no       0.391816    3.42664e-09          4  1 
              8          97967            0.715437              1             no       0.396611    3.83968e-09          4  1 
              8          98103             2.22638              1             no       0.372069    3.68892e-09          4  1 
              8          98108             2.90465              1             no       0.383479    4.51112e-09          4  1 
              8          98141            0.373175              1             no       0.387548    4.28501e-09          4  1 
              8          98181            0.900524              1             no       0.380308    4.61386e-09          4  1 
              8          98238            0.132539              1             no           0.36    4.43119e-09          4  1 
              8          98259             3.58738              1             no       0.391855    6.14048e-09          4  1 
              8          98287            0.656009              1             no        0.39552    3.72961e-09          4  1 
              8          98298             1.51383              1             no       0.362968    5.45017e-09          4  1 
              8          98414           0.0534638              1             no       0.177178    4.23314e-09          4  1 
              8          98449             1.60372              1             no       0.410647    3.70391e-09          4  1 
              8          98554            0.712825              1             no        0.37392    3.69405e-09          4  1 
              8          98558             2.48506              1             no       0.380398    3.88815e-09          4  1 
              8          98571            0.979657              1             no       0.384764    3.47782e-09          4  1 
              8          98788           0.0069388              1             no              0    3.62392e-09          4  1 
              8          98821            0.862867              1             no       0.390174    3.92552e-09          4  1 
              8          98886           0.0922315              1             no       0.454353    3.56375e-09          4  1 
              8          98897             1.08197              1             no       0.390301    4.66288e-09          4  1 
              8          98994             2.17785              1             no       0.387709    5.31354e-09          4  1 
              8          99006             1.29469              1             no       0.379962    3.78893e-09          4  1 
              8          99081             1.76205              1             no       0.396945    4.01811e-09          4  1 
              8          99192             0.26843              1             no       0.391374    4.50049e-09          4  1 
              8          99203             3.01323              1             no       0.380689     3.5529e-09          4  1 
              8          99212             2.76985              1             no       0.400524    5.71456e-09          4  1 
              8          99355             1.89497              1             no       0.378912    4.55538e-09          4  1 
              8          99379             0.59087              1             no        0.34191     3.1738e-09          4  1 
              8          99417             1.98352              1             no       0.364188    4.57287e-09          4  1 
              8          99546             2.28505              1             no       0.397472    5.74986e-09          4  1 
              8          99661             2.08263              1             no       0.382739    4.90463e-09          4  1 
              8          99662             1.26013              1             no       0.377668    3.75328e-09          4  1 
              8          99739             3.58539              1             no       0.423085    3.88056e-09          4  1 
              8          99783            0.254475              1             no       0.340303    3.41139e-09          4  1 
              8          99818             3.06736              1             no       0.383306    5.96493e-09          4  1 
              8          99976             3.16454              1             no       0.385676    4.48137e-09          4  1 