Time,EDWRG Pressure (Torr),CCPG Pressure (Torr),smoothed_pressure
2023-08-31 13:14:00,0.0002085158009572,3.4670353391631588e-12,0.0002085158009572
2023-08-31 13:14:01,0.0002063558408357,3.4668687684869736e-12,0.00020743582089645
2023-08-31 13:14:02,0.0002030938003345,3.4668449733293882e-12,0.00020598848070913335
2023-08-31 13:14:03,0.000203166563365,3.467320907513504e-12,0.0002052830013731
2023-08-31 13:14:04,0.000198964520026,3.4670115428623008e-12,0.00020401930510367998
2023-08-31 13:14:05,0.0001983988452756,3.466892563807881e-12,0.00020199591396736
2023-08-31 13:14:06,0.0001973551816599,3.466916359292124e-12,0.0002001957821322
2023-08-31 13:14:07,0.0001990235115455,3.467725502940901e-12,0.0001993817243744
2023-08-31 13:14:08,0.0001960698227345,3.467392303276222e-12,0.00019796237624829997
2023-08-31 13:14:09,0.0001943422159794,3.467154323117437e-12,0.00019703791543898
2023-08-31 13:14:10,0.0001925917653319,3.467487499913371e-12,0.00019587649945024
2023-08-31 13:14:11,0.0001942894116962,3.4671067290457265e-12,0.0001952633454575
2023-08-31 13:14:12,0.0001933628788394,3.4668687684869736e-12,0.00019413121891628
2023-08-31 13:14:13,0.0001912181153987,3.4664880655633097e-12,0.00019316087744911998
2023-08-31 13:14:14,0.0001891041488092,3.4672733111550826e-12,0.00019211326401508
2023-08-31 13:14:15,0.0001884943172868,3.466916359292124e-12,0.00019129377440606002
2023-08-31 13:14:16,0.0001857840735689,3.4666070307358988e-12,0.00018959270678059999
2023-08-31 13:14:17,0.0001841175291132,3.467059135627361e-12,0.00018774363683535998
2023-08-31 13:14:18,0.0001880292345129,3.466797383504162e-12,0.0001871058606582
2023-08-31 13:14:19,0.0001857106541472,3.4672733111550826e-12,0.00018642716172579998
2023-08-31 13:14:20,0.0001840743239046,3.4665594441769415e-12,0.00018554316304936
2023-08-31 13:14:21,0.000184600296673,3.4664166884194082e-12,0.00018530640767018
2023-08-31 13:14:22,0.000181591299292,3.467154323117437e-12,0.00018480116170594001
2023-08-31 13:14:23,0.0001784692475776,3.4669401549396765e-12,0.00018288916431888
2023-08-31 13:14:24,0.0001776006076772,3.466725999991212e-12,0.00018126715502488002
2023-08-31 13:14:25,0.0001760009495836,3.4674399012680997e-12,0.00017965248016068002
2023-08-31 13:14:26,0.0001747240494111,3.466892563807881e-12,0.00017767723070829998
2023-08-31 13:14:27,0.0001760368237271,3.467201917842486e-12,0.00017656633559532
2023-08-31 13:14:28,0.0001744027738469,3.4672971092526225e-12,0.00017575304084918
2023-08-31 13:14:29,0.0001742875607082,3.467320907513504e-12,0.00017509043145537997
2023-08-31 13:14:30,0.0001712635771666,3.4671067290457265e-12,0.00017414295697198
2023-08-31 13:14:31,0.0001706638411176,3.4669877467247718e-12,0.00017333091531328
2023-08-31 13:14:32,0.0001682349054996,3.4668211783351085e-12,0.00017177053166778
2023-08-31 13:14:33,0.0001682556872086,3.467201917842486e-12,0.00017054111434012
2023-08-31 13:14:34,0.0001697314793606,3.4667735888365197e-12,0.00016962989807059998
2023-08-31 13:14:35,0.0001696811701394,3.4669401549396765e-12,0.00016931341666516
2023-08-31 13:14:36,0.0001679089689601,3.466963950750554e-12,0.00016876244223366002
2023-08-31 13:14:37,0.0001656245666289,3.4667735888365197e-12,0.00016824037445952
2023-08-31 13:14:38,0.0001629772071154,3.467082932254878e-12,0.00016718467844088
2023-08-31 13:14:39,0.0001623032098207,3.4669877467247718e-12,0.00016569902453290002
2023-08-31 13:14:40,0.0001638299647942,3.4670115428623008e-12,0.00016452878346386
2023-08-31 13:14:41,0.0001637419604214,3.467059135627361e-12,0.00016369538175612
2023-08-31 13:14:42,0.0001622981979629,3.467082932254878e-12,0.00016303010802291997
2023-08-31 13:14:43,0.0001604335835914,3.467249513220869e-12,0.00016252138331812
2023-08-31 13:14:44,0.000159273560489,3.4669877467247718e-12,0.00016191545345178
2023-08-31 13:14:45,0.0001594182265022,3.4669401549396765e-12,0.00016103310579338
2023-08-31 13:14:46,0.0001579881923963,3.4672733111550826e-12,0.00015988235218836
2023-08-31 13:14:47,0.0001586971881479,3.466892563807881e-12,0.00015916215022536
2023-08-31 13:14:48,0.0001594192110745,3.4671781203982867e-12,0.00015895927572198
2023-08-31 13:14:49,0.0001578994252374,3.466678411799148e-12,0.00015868444867166
2023-08-31 13:14:50,0.0001559822351959,3.467082932254878e-12,0.00015799725041040002
2023-08-31 13:14:51,0.0001516712528462,3.4670115428623008e-12,0.00015673386250038
2023-08-31 13:14:52,0.0001537499075104,3.467130525999922e-12,0.00015574440637288
2023-08-31 13:14:53,0.0001523970716023,3.466963950750554e-12,0.00015433997847844
2023-08-31 13:14:54,0.0001518249533936,3.4668211783351085e-12,0.00015312508410968
2023-08-31 13:14:55,0.0001512334989966,3.4671781203982867e-12,0.00015217533686982
2023-08-31 13:14:56,0.0001500945683674,3.467320907513504e-12,0.00015185999997406
2023-08-31 13:14:57,0.0001496955685555,3.466725999991212e-12,0.00015104913218308
2023-08-31 13:14:58,0.0001474011048989,3.467511299481024e-12,0.0001500499388424
2023-08-31 13:14:59,0.000145748141303,3.4668449733293882e-12,0.00014883457642428
2023-08-31 13:15:00,0.000146464609854,3.466678411799148e-12,0.00014788079859575997
2023-08-31 13:15:01,0.0001470882764397,3.4667735888365197e-12,0.00014727954021021998
2023-08-31 13:15:02,0.0001482217870233,3.4666070307358988e-12,0.00014698478390378
2023-08-31 13:15:03,0.0001457778490389,3.467130525999922e-12,0.00014666013273177998
2023-08-31 13:15:04,0.0001463253726677,3.467130525999922e-12,0.00014677557900472001
2023-08-31 13:15:05,0.0001447872698366,3.4674399012680997e-12,0.00014644011100124
2023-08-31 13:15:06,0.0001450719075045,3.466892563807881e-12,0.0001460368372142
2023-08-31 13:15:07,0.0001444309199571,3.467082932254878e-12,0.00014527866380096
2023-08-31 13:15:08,0.0001470637511613,3.466916359292124e-12,0.00014553584422544
2023-08-31 13:15:09,0.0001458183693467,3.467320907513504e-12,0.00014543444356124001
2023-08-31 13:15:10,0.0001440220682892,3.467868312598708e-12,0.00014528140325176
2023-08-31 13:15:11,0.0001436560673717,3.4670353391631588e-12,0.0001449982352252
2023-08-31 13:15:12,0.000143870935628,3.467344705937742e-12,0.00014488623835938003
2023-08-31 13:15:13,0.0001451606352864,3.466749794332208e-12,0.00014450561518440002
2023-08-31 13:15:14,0.0001470256088561,3.467344705937742e-12,0.00014474706308628002
2023-08-31 13:15:15,0.0001457670455253,3.467154323117437e-12,0.00014509605853349998
2023-08-31 13:15:16,0.0001463036852908,3.4672971092526225e-12,0.00014562558211732
2023-08-31 13:15:17,0.0001449545833922,3.4665594441769415e-12,0.00014584231167015998
2023-08-31 13:15:18,0.000144452329724,3.467154323117437e-12,0.00014570065055767998
2023-08-31 13:15:19,0.0001444327039832,3.4666308242603335e-12,0.0001451820695831
2023-08-31 13:15:20,0.000145857099275,3.467154323117437e-12,0.00014520008033304
2023-08-31 13:15:21,0.0001470946355128,3.467201917842486e-12,0.00014535827037744
2023-08-31 13:15:22,0.0001450074122747,3.4670115428623008e-12,0.00014536883615394
2023-08-31 13:15:23,0.0001457580432089,3.4669401549396765e-12,0.00014562997885092
2023-08-31 13:15:24,0.000144455898327,3.466892563807881e-12,0.00014563461771968
2023-08-31 13:15:25,0.000146213355814,3.4669401549396765e-12,0.00014570586902748
2023-08-31 13:15:26,0.0001457508417561,3.466702205813516e-12,0.00014543711027614
2023-08-31 13:15:27,0.000147044678772,3.4668211783351085e-12,0.0001458445635756
2023-08-31 13:15:28,0.0001457238394767,3.4673685045253096e-12,0.00014583772282916
2023-08-31 13:15:29,0.0001466356729505,3.467082932254878e-12,0.00014627367775386
2023-08-31 13:15:30,0.0001452198172872,3.4671067290457265e-12,0.0001460749700485
2023-08-31 13:15:31,0.0001434344330161,3.466916359292124e-12,0.00014561168830049998
2023-08-31 13:15:32,0.0001450880357936,3.4669401549396765e-12,0.00014522035970482
2023-08-31 13:15:33,0.0001464555644572,3.4668211783351085e-12,0.00014536670470092
2023-08-31 13:15:34,0.0001450620522104,3.4669401549396765e-12,0.0001450519805529
2023-08-31 13:15:35,0.0001457193395832,3.4672733111550826e-12,0.00014515188501210003
2023-08-31 13:15:36,0.0001457625442976,3.4668211783351085e-12,0.0001456175072684
2023-08-31 13:15:37,0.0001457589434155,3.4662977297788997e-12,0.00014575168879278
2023-08-31 13:15:38,0.0001470583016548,3.4671781203982867e-12,0.0001458722362323
2023-08-31 13:15:39,0.0001459814648199,3.466963950750554e-12,0.0001460561187542
2023-08-31 13:15:40,0.0001470573934233,3.4668687684869736e-12,0.00014632372952222
2023-08-31 13:15:41,0.0001457229394869,3.4668687684869736e-12,0.00014631580856008
2023-08-31 13:15:42,0.000147044678772,3.4669401549396765e-12,0.00014657295563138
2023-08-31 13:15:43,0.0001462061318656,3.467249513220869e-12,0.00014640252167354
2023-08-31 13:15:44,0.0001456032903578,3.467201917842486e-12,0.00014632688678111998
2023-08-31 13:15:45,0.0001450020389667,3.467082932254878e-12,0.00014591581588980002
2023-08-31 13:15:46,0.0001470310571511,3.467558899106401e-12,0.00014617743942264
2023-08-31 13:15:47,0.0001461736285143,3.467201917842486e-12,0.00014600322937109999
2023-08-31 13:15:48,0.0001458129659883,3.467082932254878e-12,0.00014592459619564
2023-08-31 13:15:49,0.0001470346894599,3.4669877467247718e-12,0.00014621087601606
2023-08-31 13:15:50,0.0001457607438454,3.467154323117437e-12,0.00014636261699179997
2023-08-31 13:15:51,0.0001450907240161,3.4673685045253096e-12,0.0001459745503648
2023-08-31 13:15:52,0.0001454828409623,3.466678411799148e-12,0.0001458363928544
2023-08-31 13:15:53,0.0001469847530781,3.466963950750554e-12,0.00014607075027236002
2023-08-31 13:15:54,0.0001471064459495,3.4671781203982867e-12,0.00014608510157028003
2023-08-31 13:15:55,0.0001470637511613,3.467059135627361e-12,0.00014634570303346002
2023-08-31 13:15:56,0.0001457499415995,3.4669877467247718e-12,0.00014647754655014
2023-08-31 13:15:57,0.0001457571430078,3.467082932254878e-12,0.00014653240695924001
2023-08-31 13:15:58,0.0001456797465115,3.466583237374773e-12,0.00014627140564592002
2023-08-31 13:15:59,0.00014631633587,3.4667735888365197e-12,0.00014611338363002002
2023-08-31 13:16:00,0.0001457328396806,3.4668687684869736e-12,0.00014584720133388002
2023-08-31 13:16:01,0.0001470501277736,3.466678411799148e-12,0.0001461072385687
2023-08-31 13:16:02,0.000145763444532,3.4674637005090537e-12,0.00014610849887354002
2023-08-31 13:16:03,0.0001441867165821,3.466583237374773e-12,0.00014580989288766
2023-08-31 13:16:04,0.0001428950791806,3.4670115428623008e-12,0.00014512564154978
2023-08-31 13:16:05,0.0001457319396352,3.4669877467247718e-12,0.0001451254615407
2023-08-31 13:16:06,0.0001457148398286,3.467249513220869e-12,0.0001448584039517
2023-08-31 13:16:07,0.0001470637511613,3.467082932254878e-12,0.00014511846527755999
2023-08-31 13:16:08,0.0001457238394767,3.4672733111550826e-12,0.00014542588985648
2023-08-31 13:16:09,0.0001459129605374,3.4672257154500087e-12,0.00014602946612784
2023-08-31 13:16:10,0.0001458625042689,3.4672971092526225e-12,0.00014605557905458
2023-08-31 13:16:11,0.0001438274033125,3.467154323117437e-12,0.00014567809175135998
2023-08-31 13:16:12,0.0001444987284404,3.466678411799148e-12,0.00014516508720717998
2023-08-31 13:16:13,0.0001461691147315,3.4669401549396765e-12,0.00014525414225814
2023-08-31 13:16:14,0.0001462666434576,3.466702205813516e-12,0.00014532487884218
2023-08-31 13:16:15,0.0001458778195057,3.4665594441769415e-12,0.00014532794188954
2023-08-31 13:16:16,0.0001456878442191,3.4675350992120293e-12,0.00014570003007086002
2023-08-31 13:16:17,0.0001456671509721,3.4666546179480924e-12,0.0001459337145772
2023-08-31 13:16:18,0.0001457418404404,3.466583237374773e-12,0.00014584825971898
2023-08-31 13:16:19,0.0001457247394721,3.466963950750554e-12,0.00014573987892188
2023-08-31 13:16:20,0.0001474493614213,3.4668687684869736e-12,0.000146054187305
2023-08-31 13:16:21,0.0001483701592687,3.466702205813516e-12,0.00014659065031492
2023-08-31 13:16:22,0.0001472664344467,3.4672733111550826e-12,0.00014691050700984
2023-08-31 13:16:23,0.0001457823507392,3.466702205813516e-12,0.0001469186090696
2023-08-31 13:16:24,0.000145772447182,3.4669401549396765e-12,0.00014692815061158
2023-08-31 13:16:25,0.0001456473601819,3.466440480637417e-12,0.0001465677503637
2023-08-31 13:16:26,0.0001457310395954,3.466963950750554e-12,0.00014603992642904002
2023-08-31 13:16:27,0.0001457463410287,3.466963950750554e-12,0.00014573590774543999
2023-08-31 13:16:28,0.0001461492557429,3.4668449733293882e-12,0.00014580928874618001
2023-08-31 13:16:29,0.0001470528523502,3.467059135627361e-12,0.00014606536977982
2023-08-31 13:16:30,0.000145764344772,3.4668449733293882e-12,0.00014608876669783998
2023-08-31 13:16:31,0.0001433157777941,3.4669401549396765e-12,0.00014560571433757999
2023-08-31 13:16:32,0.000144517470608,3.466892563807881e-12,0.00014535994025344
2023-08-31 13:16:33,0.0001466048849638,3.466678411799148e-12,0.00014545106609762
2023-08-31 13:16:34,0.0001474448082444,3.466916359292124e-12,0.00014552945727645998
2023-08-31 13:16:35,0.0001471137143818,3.467154323117437e-12,0.00014579933119842
2023-08-31 13:16:36,0.0001465695772922,3.4667735888365197e-12,0.00014645009109803998
2023-08-31 13:16:37,0.0001458273753889,3.4671781203982867e-12,0.00014671207205422
2023-08-31 13:16:38,0.0001469620603296,3.4669877467247718e-12,0.00014678350712738001
2023-08-31 13:16:39,0.0001444630357976,3.466725999991212e-12,0.00014618715263802
2023-08-31 13:16:40,0.0001455924997806,3.4669877467247718e-12,0.00014588290971777999
2023-08-31 13:16:41,0.0001470910017231,3.4672257154500087e-12,0.00014598719460396002
2023-08-31 13:16:42,0.0001458021598722,3.466464273018712e-12,0.00014598215150062
2023-08-31 13:16:43,0.0001470020019105,3.4668687684869736e-12,0.0001459901398168
2023-08-31 13:16:44,0.0001459003448342,3.467201917842486e-12,0.00014627760162412
2023-08-31 13:16:45,0.0001447470360529,3.467344705937742e-12,0.00014610850887858
2023-08-31 13:16:46,0.0001444648202203,3.467201917842486e-12,0.00014558327257802002
2023-08-31 13:16:47,0.0001457787493678,3.466963950750554e-12,0.00014557859047714002
2023-08-31 13:16:48,0.0001457445407767,3.466797383504162e-12,0.00014532709825038
2023-08-31 13:16:49,0.0001470583016548,3.467082932254878e-12,0.0001455586896145
2023-08-31 13:16:50,0.0001449939793779,3.4663928963647135e-12,0.0001456080782795
2023-08-31 13:16:51,0.0001457184396212,3.467154323117437e-12,0.00014585880215968
2023-08-31 13:16:52,0.0001451920166764,3.467130525999922e-12,0.0001457414556214
2023-08-31 13:16:53,0.0001447318395333,3.4668687684869736e-12,0.00014553891537272002
2023-08-31 13:16:54,0.0001456860446896,3.4663691044733186e-12,0.00014526446397968002
2023-08-31 13:16:55,0.0001463127213071,3.4671067290457265e-12,0.00014552821236552
2023-08-31 13:16:56,0.0001468286978162,3.466916359292124e-12,0.00014575026400451998
2023-08-31 13:16:57,0.000145879621404,3.4666546179480924e-12,0.00014588778495004
2023-08-31 13:16:58,0.0001467172017755,3.4668211783351085e-12,0.00014628485739847998
2023-08-31 13:16:59,0.0001477082128092,3.466583237374773e-12,0.0001466892910224
2023-08-31 13:17:00,0.0001452655653589,3.467059135627361e-12,0.00014647985983275998
2023-08-31 13:17:01,0.0001457040409846,3.4668449733293882e-12,0.00014625492846644003
2023-08-31 13:17:02,0.0001457085404057,3.466797383504162e-12,0.00014622071226677997
2023-08-31 13:17:03,0.0001457139398944,3.4671067290457265e-12,0.00014602005989056
2023-08-31 13:17:04,0.0001447193259504,3.4672733111550826e-12,0.00014542228251879997
2023-08-31 13:17:05,0.0001457463410287,3.467558899106401e-12,0.00014551843765275998
2023-08-31 13:17:06,0.0001450414478499,3.4671067290457265e-12,0.00014538591902581998
2023-08-31 13:17:07,0.0001459508141924,3.466892563807881e-12,0.00014543437378316
2023-08-31 13:17:08,0.0001457292395323,3.466678411799148e-12,0.00014543743371074
2023-08-31 13:17:09,0.0001457535422592,3.466702205813516e-12,0.0001456442769725
2023-08-31 13:17:10,0.0001449841293778,3.467154323117437e-12,0.00014549183464232
2023-08-31 13:17:11,0.0001457283395092,3.467059135627361e-12,0.00014562921297418
2023-08-31 13:17:12,0.0001457220395026,3.4669401549396765e-12,0.00014558345803622
2023-08-31 13:17:13,0.0001457238394767,3.4672733111550826e-12,0.0001455823780251
2023-08-31 13:17:14,0.0001467960560612,3.4670353391631588e-12,0.00014579088078549998
2023-08-31 13:17:15,0.0001457328396806,3.466963950750554e-12,0.00014594062284606
2023-08-31 13:17:16,0.0001457706466075,3.467320907513504e-12,0.00014594908426571998
2023-08-31 13:17:17,0.0001456977420285,3.467059135627361e-12,0.0001459442247709
2023-08-31 13:17:18,0.0001436587290624,3.467320907513504e-12,0.00014553120268804
2023-08-31 13:17:19,0.0001436267920289,3.4669401549396765e-12,0.00014489734988157999
2023-08-31 13:17:20,0.0001445540694654,3.4668449733293882e-12,0.00014466159583854002
2023-08-31 13:17:21,0.0001457508417561,3.4666308242603335e-12,0.00014465763486826
2023-08-31 13:17:22,0.0001466719023892,3.466892563807881e-12,0.0001448524669404
2023-08-31 13:17:23,0.0001445388932047,3.466678411799148e-12,0.00014502849976885998
2023-08-31 13:17:24,0.0001432662196237,3.4668449733293882e-12,0.00014495638528782
2023-08-31 13:17:25,0.0001444692813736,3.4666546179480924e-12,0.00014493942766945997
2023-08-31 13:17:26,0.0001437972049571,3.4672733111550826e-12,0.00014454870030966
2023-08-31 13:17:27,0.0001444603592048,3.467059135627361e-12,0.00014410639167278
2023-08-31 13:17:28,0.0001460987177642,3.467059135627361e-12,0.00014441835658468
2023-08-31 13:17:29,0.0001470074493307,3.466797383504162e-12,0.00014516660252607999
2023-08-31 13:17:30,0.0001457616440687,3.4666308242603335e-12,0.0001454250750651
2023-08-31 13:17:31,0.0001454720593116,3.4668687684869736e-12,0.000145760045936
2023-08-31 13:17:32,0.0001457445407767,3.467154323117437e-12,0.00014601688225038
2023-08-31 13:17:33,0.0001441974029697,3.4666308242603335e-12,0.00014563661929148
2023-08-31 13:17:34,0.0001444068377624,3.4662263565541294e-12,0.00014511649697782
2023-08-31 13:17:35,0.0001469938311587,3.4666546179480924e-12,0.00014536293439582
2023-08-31 13:17:36,0.0001462323203768,3.4665356511424307e-12,0.00014551498660886
2023-08-31 13:17:37,0.0001465713877352,3.467392303276222e-12,0.00014568035600055998
2023-08-31 13:17:38,0.000145879621404,3.466916359292124e-12,0.00014601679968742
2023-08-31 13:17:39,0.0001447380967305,3.4670353391631588e-12,0.00014608305148103998
2023-08-31 13:17:40,0.0001443711678175,3.4674399012680997e-12,0.0001455585188128
2023-08-31 13:17:41,0.0001464492330119,3.466797383504162e-12,0.00014560190133981998
2023-08-31 13:17:42,0.0001457004415478,3.467249513220869e-12,0.00014542771210234
2023-08-31 13:17:43,0.0001454981163354,3.4670115428623008e-12,0.00014535141108862
2023-08-31 13:17:44,0.0001457364399178,3.466749794332208e-12,0.00014555107972608002
2023-08-31 13:17:45,0.0001447300518124,3.466963950750554e-12,0.00014562285652506
2023-08-31 13:17:46,0.0001444032703713,3.4665356511424307e-12,0.00014521366399694
2023-08-31 13:17:47,0.000144455898327,3.4673685045253096e-12,0.00014496475535278
2023-08-31 13:17:48,0.0001457265394795,3.4669401549396765e-12,0.0001450104399816
2023-08-31 13:17:49,0.0001457490414485,3.466797383504162e-12,0.00014501296028774
2023-08-31 13:17:50,0.0001457049408577,3.4669401549396765e-12,0.0001452079380968
2023-08-31 13:17:51,0.000145690543555,3.466963950750554e-12,0.00014546539273353997
2023-08-31 13:17:52,0.0001467471070343,3.4668687684869736e-12,0.000145923634475
2023-08-31 13:17:53,0.0001468568118103,3.4666308242603335e-12,0.00014614968894116
2023-08-31 13:17:54,0.0001450002479082,3.4673685045253096e-12,0.0001459999302331
2023-08-31 13:17:55,0.0001444576826616,3.4672971092526225e-12,0.00014575047859387999
2023-08-31 13:17:56,0.00014486061349,3.4670353391631588e-12,0.00014558449258088
2023-08-31 13:17:57,0.0001444469769848,3.466916359292124e-12,0.00014512446657098
2023-08-31 13:17:58,0.0001457328396806,3.467154323117437e-12,0.00014489967214504
2023-08-31 13:17:59,0.0001457463410287,3.4668211783351085e-12,0.00014504889076914
2023-08-31 13:18:00,0.0001480241881417,3.466725999991212e-12,0.00014576219186516
2023-08-31 13:18:01,0.0001457391401541,3.467154323117437e-12,0.00014593789719797998
2023-08-31 13:18:02,0.0001457382400698,3.466321521180405e-12,0.00014619614981498
2023-08-31 13:18:03,0.0001444496533296,3.4668449733293882e-12,0.00014593951254478
2023-08-31 13:18:04,0.0001454487018094,3.466892563807881e-12,0.00014587998470092
2023-08-31 13:18:05,0.0001461844621618,3.467154323117437e-12,0.00014551203950494002
2023-08-31 13:18:06,0.000145710340213,3.466702205813516e-12,0.00014550627951672
2023-08-31 13:18:07,0.0001467181079059,3.467082932254878e-12,0.00014570225308394
2023-08-31 13:18:08,0.0001456914433447,3.467154323117437e-12,0.00014595061108696
2023-08-31 13:18:09,0.0001456932429409,3.4668449733293882e-12,0.00014599951931326002
2023-08-31 13:18:10,0.0001449886065676,3.4666070307358988e-12,0.00014576034819441998
2023-08-31 13:18:11,0.0001448033664813,3.4669401549396765e-12,0.00014557895344808
2023-08-31 13:18:12,0.0001456941427473,3.467320907513504e-12,0.00014537416041636
2023-08-31 13:18:13,0.00014591746641,3.467392303276222e-12,0.00014541936502941998
2023-08-31 13:18:14,0.0001458264747597,3.466464273018712e-12,0.00014544601139318
2023-08-31 13:18:15,0.0001457823507392,3.467558899106401e-12,0.0001456047602275
2023-08-31 13:18:16,0.0001457616440687,3.4665356511424307e-12,0.00014579641574497998
2023-08-31 13:18:17,0.0001444139728088,3.4672733111550826e-12,0.00014554038175728
2023-08-31 13:18:18,0.0001444416244439,3.4674161021904946e-12,0.00014524521336406
2023-08-31 13:18:19,0.0001452260955812,3.466963950750554e-12,0.00014512513752836
2023-08-31 13:18:20,0.000145764344772,3.467558899106401e-12,0.00014512153633492
2023-08-31 13:18:21,0.0001457598436277,3.466749794332208e-12,0.00014512117624672
2023-08-31 13:18:22,0.0001457688460553,3.4671781203982867e-12,0.00014539215089601998
2023-08-31 13:18:23,0.0001453445370987,3.467059135627361e-12,0.00014557273342698002
2023-08-31 13:18:24,0.0001452601824849,3.4670353391631588e-12,0.00014557955080771997
2023-08-31 13:18:25,0.0001443640348858,3.4665356511424307e-12,0.00014529948883048
2023-08-31 13:18:26,0.0001427239724128,3.467130525999922e-12,0.0001446923145875
2023-08-31 13:18:27,0.0001429400948984,3.4666546179480924e-12,0.00014412656435612
2023-08-31 13:18:28,0.0001444469769848,3.466797383504162e-12,0.00014394705233334
2023-08-31 13:18:29,0.0001457760483977,3.467344705937742e-12,0.0001440502255159
2023-08-31 13:18:30,0.0001457490414485,3.466702205813516e-12,0.00014432722682844
2023-08-31 13:18:31,0.0001457607438454,3.4671781203982867e-12,0.00014493458111496002
2023-08-31 13:18:32,0.0001443872182022,3.4670353391631588e-12,0.00014522400577572
2023-08-31 13:18:33,0.0001444273519712,3.466464273018712e-12,0.00014522008077300002
2023-08-31 13:18:34,0.0001452377559901,3.467130525999922e-12,0.00014511242229148
2023-08-31 13:18:35,0.0001457058407364,3.466702205813516e-12,0.00014510378214906
2023-08-31 13:18:36,0.0001461483531257,3.466725999991212e-12,0.00014518130400512
2023-08-31 13:18:37,0.0001457346397881,3.4672257154500087e-12,0.0001454507883223
2023-08-31 13:18:38,0.0001457328396806,3.467249513220869e-12,0.00014571188586418
2023-08-31 13:18:39,0.0001431238353219,3.466678411799148e-12,0.00014528910173054
2023-08-31 13:18:40,0.0001443524446236,3.466511858271225e-12,0.00014501842250797998
2023-08-31 13:18:41,0.0001443943522793,3.4666308242603335e-12,0.00014466762233869999
2023-08-31 13:18:42,0.0001450781794039,3.467201917842486e-12,0.00014453633026186
2023-08-31 13:18:43,0.0001463298912758,3.467201917842486e-12,0.00014465574058089998
2023-08-31 13:18:44,0.0001456995417025,3.467130525999922e-12,0.00014517088185702
2023-08-31 13:18:45,0.0001440327424739,3.467154323117437e-12,0.00014510694142708
2023-08-31 13:18:46,0.000144331049661,3.467392303276222e-12,0.00014509428090341998
2023-08-31 13:18:47,0.0001456635524466,3.467320907513504e-12,0.00014521135551196
2023-08-31 13:18:48,0.0001465207037845,3.4670115428623008e-12,0.0001452495180137
2023-08-31 13:18:49,0.0001457265394795,3.4666070307358988e-12,0.0001452549175691
2023-08-31 13:18:50,0.0001457346397881,3.4669401549396765e-12,0.00014559529703194
2023-08-31 13:18:51,0.000143811415158,3.4672257154500087e-12,0.00014549137013134
2023-08-31 13:18:52,0.0001445049755595,3.466583237374773e-12,0.00014525965475391999
2023-08-31 13:18:53,0.0001444621435945,3.467154323117437e-12,0.00014484794271592
2023-08-31 13:18:54,0.000144419324325,3.4670115428623008e-12,0.00014458649968502002
2023-08-31 13:18:55,0.0001444451927825,3.466464273018712e-12,0.0001443286102839
2023-08-31 13:18:56,0.0001459048503173,3.467130525999922e-12,0.00014474729731576
2023-08-31 13:18:57,0.0001461212772021,3.4670353391631588e-12,0.00014507055764427997
2023-08-31 13:18:58,0.0001478852950081,3.4669877467247718e-12,0.000145755187927
2023-08-31 13:18:59,0.0001434105169741,3.466916359292124e-12,0.00014555342645681998
2023-08-31 13:19:00,0.0001443836512958,3.466963950750554e-12,0.00014554111815947998
2023-08-31 13:19:01,0.0001457346397881,3.466797383504162e-12,0.00014550707605364002
2023-08-31 13:19:02,0.00014569234314,3.4673685045253096e-12,0.00014542128924122
2023-08-31 13:19:03,0.0001457517419182,3.467130525999922e-12,0.00014499457862324002
2023-08-31 13:19:04,0.0001444139728088,3.4669401549396765e-12,0.00014519526979018
2023-08-31 13:19:05,0.0001444764195053,3.466725999991212e-12,0.00014521382343208
2023-08-31 13:19:06,0.0001448624028236,3.4672257154500087e-12,0.00014503937603918
2023-08-31 13:19:07,0.0001428112641684,3.4669401549396765e-12,0.00014446316024486
2023-08-31 13:19:08,0.0001449581644031,3.4673685045253096e-12,0.00014430444474184003
2023-08-31 13:19:09,0.0001470692008697,3.4668449733293882e-12,0.00014483549035402
2023-08-31 13:19:10,0.0001464275272773,3.467249513220869e-12,0.00014522571190842
2023-08-31 13:19:11,0.0001456869444516,3.4665356511424307e-12,0.00014539062023402
2023-08-31 13:19:12,0.0001457022412551,3.467154323117437e-12,0.00014596881565136
2023-08-31 13:19:13,0.0001462910358053,3.4671781203982867e-12,0.0001462353899318
2023-08-31 13:19:14,0.0001470228847843,3.466583237374773e-12,0.00014622612671472
2023-08-31 13:19:15,0.0001472227839721,3.467201917842486e-12,0.00014638517805368
2023-08-31 13:19:16,0.000147346493933,3.466797383504162e-12,0.00014671708794996
2023-08-31 13:19:17,0.0001469057974303,3.467701701903043e-12,0.000146957799185
2023-08-31 13:19:18,0.0001457508417561,3.466892563807881e-12,0.00014684976037516
2023-08-31 13:19:19,0.0001418802692716,3.467249513220869e-12,0.00014582123727262
2023-08-31 13:19:20,0.0001442597560183,3.4670115428623008e-12,0.00014522863168186002
2023-08-31 13:19:21,0.0001442063088978,3.466963950750554e-12,0.00014460059467482
2023-08-31 13:19:22,0.0001451328460052,3.4669401549396765e-12,0.0001442460043898
2023-08-31 13:19:23,0.0001448534563764,3.466797383504162e-12,0.00014406652731386
2023-08-31 13:19:24,0.0001436294531771,3.467344705937742e-12,0.00014441636409495999
2023-08-31 13:19:25,0.0001396797125499,3.4670115428623008e-12,0.00014350035540128
2023-08-31 13:19:26,0.0001432724134577,3.4670353391631588e-12,0.00014331357631326
2023-08-31 13:19:27,0.0001450342818018,3.4669401549396765e-12,0.00014329386347258002
2023-08-31 13:19:28,0.0001443765177474,3.466678411799148e-12,0.00014319847574678
2023-08-31 13:19:29,0.00014361171312,3.467154323117437e-12,0.00014319492773535997
2023-08-31 13:19:30,0.000144382759583,3.4671781203982867e-12,0.00014413553714198
2023-08-31 13:19:31,0.0001431432832117,3.4672971092526225e-12,0.00014410971109278
2023-08-31 13:19:32,0.0001434689854516,3.4670115428623008e-12,0.00014379665182274
2023-08-31 13:19:33,0.0001443328324535,3.4668449733293882e-12,0.00014378791476396
2023-08-31 13:19:34,0.0001444023785373,3.467082932254878e-12,0.00014394604784742
2023-08-31 13:19:35,0.0001456914433447,3.467320907513504e-12,0.00014420778459976
2023-08-31 13:19:36,0.0001453517184762,3.4670353391631588e-12,0.00014464947165266
2023-08-31 13:19:37,0.0001456995417025,3.466702205813516e-12,0.00014509558290284002
2023-08-31 13:19:38,0.0001457238394767,3.4676064993851786e-12,0.00014537378430747998
2023-08-31 13:19:39,0.0001440291843244,3.4669877467247718e-12,0.00014529914546490002
2023-08-31 13:19:40,0.0001444005948859,3.4663691044733186e-12,0.00014504097577314
2023-08-31 13:19:41,0.0001444505454556,3.467201917842486e-12,0.00014486074116902
2023-08-31 13:19:42,0.0001449187781486,3.466963950750554e-12,0.00014470458845824
2023-08-31 13:19:43,0.0001449984568719,3.4665594441769415e-12,0.00014455951193728
2023-08-31 13:19:44,0.000146593114795,3.467130525999922e-12,0.00014507229803139998
2023-08-31 13:19:45,0.0001457076405103,3.467130525999922e-12,0.00014533370715628002
2023-08-31 13:19:46,0.0001448972992479,3.4670353391631588e-12,0.00014542305791474
2023-08-31 13:19:47,0.0001437696766885,3.4666546179480924e-12,0.00014519323762272
2023-08-31 13:19:48,0.0001460725531797,3.4671781203982867e-12,0.00014540805688428
2023-08-31 13:19:49,0.000145144498927,3.466511858271225e-12,0.00014511833371068
2023-08-31 13:19:50,0.0001465433283822,3.467249513220869e-12,0.00014528547128506
2023-08-31 13:19:51,0.0001457049408577,3.4667735888365197e-12,0.00014544699960702
2023-08-31 13:19:52,0.0001457085404057,3.467130525999922e-12,0.00014583477235046
2023-08-31 13:19:53,0.0001456986418627,3.466963950750554e-12,0.00014575999008706
2023-08-31 13:19:54,0.0001439091483104,3.467154323117437e-12,0.00014551291996374
2023-08-31 13:19:55,0.0001453867327735,3.4671781203982867e-12,0.000145281600842
2023-08-31 13:19:56,0.0001447479300155,3.466725999991212e-12,0.00014509019867356
2023-08-31 13:19:57,0.0001467724859734,3.466749794332208e-12,0.00014530298778709998
2023-08-31 13:19:58,0.0001443613601274,3.4668449733293882e-12,0.00014503553144004
2023-08-31 13:19:59,0.0001457310395954,3.4671067290457265e-12,0.00014539990969704002
2023-08-31 13:20:00,0.0001444469769848,3.466963950750554e-12,0.0001452119585393
2023-08-31 13:20:01,0.0001434574670483,3.467059135627361e-12,0.00014495386594586
2023-08-31 13:20:02,0.0001443863264673,3.4667735888365197e-12,0.00014447663404464002
2023-08-31 13:20:03,0.0001450378647816,3.466963950750554e-12,0.00014461193497548002
2023-08-31 13:20:04,0.0001468404869003,3.4668687684869736e-12,0.00014483382443646
2023-08-31 13:20:05,0.000145754442438,3.4670353391631588e-12,0.0001450953175271
2023-08-31 13:20:06,0.0001456995417025,3.467201917842486e-12,0.00014554373245794
2023-08-31 13:20:07,0.0001457202395508,3.4670115428623008e-12,0.00014581051507464
2023-08-31 13:20:08,0.0001446156835903,3.466892563807881e-12,0.00014572607883638
2023-08-31 13:20:09,0.0001444202162637,3.4672733111550826e-12,0.00014524202470906
2023-08-31 13:20:10,0.0001460770639806,3.4668449733293882e-12,0.00014530654901758
2023-08-31 13:20:11,0.0001457571430078,3.4663691044733186e-12,0.00014531806927864
2023-08-31 13:20:12,0.0001459039492095,3.467154323117437e-12,0.00014535481121038
2023-08-31 13:20:13,0.0001457508417561,3.466749794332208e-12,0.00014558184284354
2023-08-31 13:20:14,0.0001449393650829,3.466725999991212e-12,0.00014568567260738
2023-08-31 13:20:15,0.0001426666886622,3.4670353391631588e-12,0.0001450035975437
2023-08-31 13:20:16,0.0001425433863536,3.466464273018712e-12,0.00014436084621286
2023-08-31 13:20:17,0.00014594630729,3.4674161021904946e-12,0.00014436931782896002
2023-08-31 13:20:18,0.0001457283395092,3.4674161021904946e-12,0.00014436481737958
2023-08-31 13:20:19,0.0001470355975512,3.4668211783351085e-12,0.00014478406387324
2023-08-31 13:20:20,0.0001457499415995,3.466583237374773e-12,0.0001454007144607
2023-08-31 13:20:21,0.0001458003589307,3.4664166884194082e-12,0.00014605210897612
2023-08-31 13:20:22,0.0001458201705106,3.4670115428623008e-12,0.00014602688162024
2023-08-31 13:20:23,0.0001446907275378,3.467201917842486e-12,0.00014581935922596
2023-08-31 13:20:24,0.0001457508417561,3.4668449733293882e-12,0.00014556240806694
2023-08-31 13:20:25,0.0001470664759903,3.4668211783351085e-12,0.00014582571494509998
2023-08-31 13:20:26,0.0001447523999114,3.467392303276222e-12,0.00014561612314123999
2023-08-31 13:20:27,0.0001470664759903,3.466321521180405e-12,0.00014586538423718
2023-08-31 13:20:28,0.0001466900204651,3.4667735888365197e-12,0.00014626524282264
2023-08-31 13:20:29,0.0001457418404404,3.4662977297788997e-12,0.0001462634425595
2023-08-31 13:20:30,0.000145748141303,3.466749794332208e-12,0.00014599977562204002
2023-08-31 13:20:31,0.0001468105626119,3.4668449733293882e-12,0.00014641140816214
2023-08-31 13:20:32,0.0001470228847843,3.466321521180405e-12,0.00014640268992094
2023-08-31 13:20:33,0.0001470437706246,3.4669877467247718e-12,0.00014647343995284
2023-08-31 13:20:34,0.0001466311448999,3.466583237374773e-12,0.00014665130084474
2023-08-31 13:20:35,0.0001447747514612,3.466749794332208e-12,0.00014645662287638
2023-08-31 13:20:36,0.000147027424932,3.4668211783351085e-12,0.0001464999953404
2023-08-31 13:20:37,0.0001457427405469,3.466963950750554e-12,0.00014624396649292001
2023-08-31 13:20:38,0.0001443881099426,3.4669401549396765e-12,0.00014571283435652
2023-08-31 13:20:39,0.0001452296832996,3.4666308242603335e-12,0.00014543254203646
2023-08-31 13:20:40,0.0001470419543468,3.4667735888365197e-12,0.00014588598261358
2023-08-31 13:20:41,0.0001458886312294,3.467201917842486e-12,0.00014565822387306002
2023-08-31 13:20:42,0.0001436951104447,3.466797383504162e-12,0.00014524869785261999
2023-08-31 13:20:43,0.0001470664759903,3.466963950750554e-12,0.00014578437106216001
2023-08-31 13:20:44,0.0001457706466075,3.4666546179480924e-12,0.00014589256372374
2023-08-31 13:20:45,0.0001457337397316,3.4662977297788997e-12,0.00014563092080069998
2023-08-31 13:20:46,0.000145737339991,3.4668449733293882e-12,0.00014560066255302
2023-08-31 13:20:47,0.0001454451086804,3.467130525999922e-12,0.00014595066220016
2023-08-31 13:20:48,0.0001470337813743,3.467320907513504e-12,0.00014594412327696
2023-08-31 13:20:49,0.0001457499415995,3.467511299481024e-12,0.00014593998227536
2023-08-31 13:20:50,0.0001466066958429,3.467201917842486e-12,0.00014611457349762003
2023-08-31 13:20:51,0.0001457157397684,3.467130525999922e-12,0.0001461102534531
2023-08-31 13:20:52,0.0001463931664432,3.4670115428623008e-12,0.00014629986500566
2023-08-31 13:20:53,0.0001456968421999,3.4669401549396765e-12,0.00014603247717078
2023-08-31 13:20:54,0.0001444621435945,3.467082932254878e-12,0.00014577491756978
2023-08-31 13:20:55,0.0001458399847826,3.467130525999922e-12,0.00014562157535771998
2023-08-31 13:20:56,0.0001456887439922,3.4674161021904946e-12,0.00014561617620248
2023-08-31 13:20:57,0.0001469774910174,3.4669877467247718e-12,0.00014573304111732
2023-08-31 13:20:58,0.0001456725489271,3.467320907513504e-12,0.00014572818246276
2023-08-31 13:20:59,0.0001457004415478,3.4671067290457265e-12,0.00014597584205342
2023-08-31 13:21:00,0.0001460391775816,3.4669401549396765e-12,0.00014601568061322002
2023-08-31 13:21:01,0.0001457121400426,3.467154323117437e-12,0.0001460203598233
2023-08-31 13:21:02,0.0001457580432089,3.4668211783351085e-12,0.0001457764702616
2023-08-31 13:21:03,0.0001470219767716,3.467154323117437e-12,0.0001460463558305
2023-08-31 13:21:04,0.0001457418404404,3.466916359292124e-12,0.00014605463560902
2023-08-31 13:21:05,0.0001470319652199,3.4672257154500087e-12,0.00014625319313668
2023-08-31 13:21:06,0.0001470428624829,3.467130525999922e-12,0.00014651933762474
2023-08-31 13:21:07,0.0001454451086804,3.4669877467247718e-12,0.00014645675071904001
2023-08-31 13:21:08,0.0001457229394869,3.467320907513504e-12,0.00014619694326210001
2023-08-31 13:21:09,0.0001457346397881,3.466345312745206e-12,0.00014619550313164
2023-08-31 13:21:10,0.0001446433738479,3.467249513220869e-12,0.00014571778485723998
2023-08-31 13:21:11,0.0001456914433447,3.467082932254878e-12,0.0001454475010296
2023-08-31 13:21:12,0.0001470528523502,3.4668449733293882e-12,0.00014576904976356
2023-08-31 13:21:13,0.0001457220395026,3.4668211783351085e-12,0.0001457688697667
2023-08-31 13:21:14,0.0001457031411171,3.4666070307358988e-12,0.0001457625700325
2023-08-31 13:21:15,0.0001456113838155,3.467249513220869e-12,0.00014595617202601999
2023-08-31 13:21:16,0.000145053989286,3.466892563807881e-12,0.00014582868121428
2023-08-31 13:21:17,0.0001444095133635,3.4669877467247718e-12,0.00014530001341693998
2023-08-31 13:21:18,0.0001444701736208,3.466892563807881e-12,0.00014504964024058
2023-08-31 13:21:19,0.0001464401885648,3.466916359292124e-12,0.00014519704973012
2023-08-31 13:21:20,0.0001479483290208,3.4670353391631588e-12,0.00014566443877118
2023-08-31 13:21:21,0.0001457463410287,3.4670115428623008e-12,0.00014580290911972
2023-08-31 13:21:22,0.0001444068377624,3.4670353391631588e-12,0.00014580237399950001
2023-08-31 13:21:23,0.0001457202395508,3.466725999991212e-12,0.0001460523871855
2023-08-31 13:21:24,0.0001457472411631,3.4669401549396765e-12,0.00014591379770516002
2023-08-31 13:21:25,0.0001464166756164,3.4672733111550826e-12,0.00014560746702428
2023-08-31 13:21:26,0.0001462928428077,3.4669877467247718e-12,0.00014571676738008
2023-08-31 13:21:27,0.0001469920154977,3.4669401549396765e-12,0.00014623380292714
2023-08-31 13:21:28,0.0001446469471706,3.4671781203982867e-12,0.0001460191444511
2023-08-31 13:21:29,0.0001444362721014,3.4673685045253096e-12,0.00014575695063876
2023-08-31 13:21:30,0.0001435283641973,3.4674399012680997e-12,0.00014517928835494
2023-08-31 13:21:31,0.0001443800844776,3.466892563807881e-12,0.00014479673668892
2023-08-31 13:21:32,0.0001443952440637,3.4670115428623008e-12,0.00014427738240212
2023-08-31 13:21:33,0.0001469974625479,3.4670115428623008e-12,0.00014474748547757999
2023-08-31 13:21:34,0.000145530469479,3.466725999991212e-12,0.0001449663249531
2023-08-31 13:21:35,0.0001456311697172,3.4666070307358988e-12,0.00014538688605708
2023-08-31 13:21:36,0.000144356010759,3.467082932254878e-12,0.00014538207131336
2023-08-31 13:21:37,0.0001438300681778,3.467130525999922e-12,0.00014526903613618
2023-08-31 13:21:38,0.0001444300279524,3.466678411799148e-12,0.00014475554921707998
2023-08-31 13:21:39,0.0001443818678757,3.4671067290457265e-12,0.00014452582889642
2023-08-31 13:21:40,0.0001466356729505,3.4675350992120293e-12,0.00014472672954308
2023-08-31 13:21:41,0.0001456779470821,3.4670115428623008e-12,0.0001449911168077
2023-08-31 13:21:42,0.0001452772289369,3.466678411799148e-12,0.00014528054895952
2023-08-31 13:21:43,0.0001442303576511,3.4671781203982867e-12,0.00014524061489926
2023-08-31 13:21:44,0.000143705760397,3.466916359292124e-12,0.00014510539340352
2023-08-31 13:21:45,0.0001443907851967,3.466749794332208e-12,0.00014465641585276
2023-08-31 13:21:46,0.0001452359620201,3.4670115428623008e-12,0.00014456801884036
2023-08-31 13:21:47,0.00014565995401,3.467201917842486e-12,0.00014464456385498
2023-08-31 13:21:48,0.0001462106467915,3.4669401549396765e-12,0.00014504062168306
2023-08-31 13:21:49,0.0001443791927868,3.4671067290457265e-12,0.00014517530816102
2023-08-31 13:21:50,0.000143406088515,3.4670115428623008e-12,0.00014497836882467998
2023-08-31 13:21:51,0.000142171484273,3.4671067290457265e-12,0.00014436547327526
2023-08-31 13:21:52,0.0001444077296239,3.466464273018712e-12,0.00014411502839804
2023-08-31 13:21:53,0.0001444050540558,3.4674161021904946e-12,0.0001437539098509
2023-08-31 13:21:54,0.000146378701136,3.4666070307358988e-12,0.00014415381152073998
2023-08-31 13:21:55,0.0001457085404057,3.4672257154500087e-12,0.00014461430189888002
2023-08-31 13:21:56,0.0001443997030684,3.4670353391631588e-12,0.00014505994565796
2023-08-31 13:21:57,0.0001430443032835,3.466916359292124e-12,0.00014478726038988002
2023-08-31 13:21:58,0.0001418084345815,3.4662025658057802e-12,0.00014426793649502002
2023-08-31 13:21:59,0.0001436711509376,3.466797383504162e-12,0.00014372642645534
2023-08-31 13:22:00,0.0001444246760396,3.466749794332208e-12,0.00014346965358212
2023-08-31 13:22:01,0.0001457427405469,3.4672733111550826e-12,0.00014373826107782
2023-08-31 13:22:02,0.0001457085404057,3.466749794332208e-12,0.00014427110850226
2023-08-31 13:22:03,0.0001485113421895,3.4666546179480924e-12,0.00014561169002386
2023-08-31 13:22:04,0.0001432096026985,3.467487499913371e-12,0.00014551938037604
2023-08-31 13:22:05,0.0001431432832117,3.466678411799148e-12,0.00014526310181046001
2023-08-31 13:22:06,0.0001413022455959,3.4669401549396765e-12,0.00014437500282026
2023-08-31 13:22:07,0.0001431256032027,3.4670353391631588e-12,0.00014385841537966
2023-08-31 13:22:08,0.0001443693845515,3.4667735888365197e-12,0.00014303002385206
2023-08-31 13:22:09,0.0001451391205391,3.4668449733293882e-12,0.00014341592742018002
2023-08-31 13:22:10,0.0001443551192169,3.467059135627361e-12,0.00014365829462122
2023-08-31 13:22:11,0.0001431432832117,3.466797383504162e-12,0.00014402650214437998
2023-08-31 13:22:12,0.0001429480403206,3.4670353391631588e-12,0.00014399098956796
2023-08-31 13:22:13,0.0001431715757688,3.467558899106401e-12,0.00014375142781142
2023-08-31 13:22:14,0.0001431344429342,3.466892563807881e-12,0.00014335049229044
2023-08-31 13:22:15,0.0001443890016884,3.4672257154500087e-12,0.00014335726878473998
2023-08-31 13:22:16,0.0001443150055201,3.466963950750554e-12,0.00014359161324642
2023-08-31 13:22:17,0.0001431273711054,3.467344705937742e-12,0.00014362747940338002
2023-08-31 13:22:18,0.000142198706528,3.467201917842486e-12,0.00014343290555522
2023-08-31 13:22:19,0.0001417418885643,3.4675826991641118e-12,0.00014315439468124
2023-08-31 13:22:20,0.0001430690418473,3.4666308242603335e-12,0.00014289040271302
2023-08-31 13:22:21,0.000143122067463,3.466916359292124e-12,0.0001426518151016
2023-08-31 13:22:22,0.0001443497700799,3.466725999991212e-12,0.00014289629489649998
2023-08-31 13:22:23,0.0001440060584952,3.4671781203982867e-12,0.00014325776528994
2023-08-31 13:22:24,0.0001436995478289,3.4671781203982867e-12,0.00014364929714286
2023-08-31 13:22:25,0.0001419188297154,3.4671781203982867e-12,0.00014341925471648002
2023-08-31 13:22:26,0.0001411095138217,3.4670353391631588e-12,0.00014301674398822
2023-08-31 13:22:27,0.0001426931244589,3.466892563807881e-12,0.00014268541486402
2023-08-31 13:22:28,0.0001435487536115,3.466678411799148e-12,0.00014259395388727998
2023-08-31 13:22:29,0.0001430549050013,3.4671067290457265e-12,0.00014246502532175997
2023-08-31 13:22:30,0.0001430496040442,3.466797383504162e-12,0.00014269118018751998
2023-08-31 13:22:31,0.0001418820217918,3.467082932254878e-12,0.00014284568178153998
2023-08-31 13:22:32,0.0001415809064487,3.466963950750554e-12,0.0001426232381795
2023-08-31 13:22:33,0.0001410162947196,3.466511858271225e-12,0.00014211674640111997
2023-08-31 13:22:34,0.0001430566720306,3.466892563807881e-12,0.00014211709980698
2023-08-31 13:22:35,0.0001430354691189,3.466702205813516e-12,0.00014211427282192
2023-08-31 13:22:36,0.0001443890016884,3.4663691044733186e-12,0.00014261566880124002
2023-08-31 13:22:37,0.0001430593226156,3.4662025658057802e-12,0.00014291135203462
2023-08-31 13:22:38,0.0001428421376622,3.4674399012680997e-12,0.00014327652062314
2023-08-31 13:22:39,0.0001406301364965,3.466916359292124e-12,0.00014279121351632
2023-08-31 13:22:40,0.0001401368080802,3.4668687684869736e-12,0.00014221148130858
2023-08-31 13:22:41,0.0001418014282666,3.4670115428623008e-12,0.00014169396662421998
2023-08-31 13:22:42,0.0001430875985777,3.466678411799148e-12,0.00014169962181664
2023-08-31 13:22:43,0.0001444157566255,3.466892563807881e-12,0.00014201434560929998
2023-08-31 13:22:44,0.0001430637403663,3.4672971092526225e-12,0.00014250106638326
2023-08-31 13:22:45,0.0001418084345815,3.4671067290457265e-12,0.00014283539168352
2023-08-31 13:22:46,0.000141802304037,3.4673685045253096e-12,0.0001428355668376
2023-08-31 13:22:47,0.0001405537262869,3.4672733111550826e-12,0.00014232879237944
2023-08-31 13:22:48,0.0001413039909762,3.467130525999922e-12,0.00014170643924958
2023-08-31 13:22:49,0.00014141137331,3.466440480637417e-12,0.00014137596583832
2023-08-31 13:22:50,0.0001430805290633,3.467630299769615e-12,0.00014163038473468
2023-08-31 13:22:51,0.0001411138713612,3.4672971092526225e-12,0.00014149269819952
2023-08-31 13:22:52,0.0001405789023366,3.467082932254878e-12,0.00014149773340946
2023-08-31 13:22:53,0.000142158314085,3.4670115428623008e-12,0.00014166859803122
2023-08-31 13:22:54,0.0001405398379827,3.467082932254878e-12,0.00014149429096576
2023-08-31 13:22:55,0.0001418206964656,3.4668687684869736e-12,0.00014124232444622
2023-08-31 13:22:56,0.0001422048542102,3.4674161021904946e-12,0.00014146052101602
2023-08-31 13:22:57,0.000142146900909,3.466892563807881e-12,0.0001417741207305
2023-08-31 13:22:58,0.0001406179775488,3.467344705937742e-12,0.00014146605342326
2023-08-31 13:22:59,0.0001403914924124,3.466797383504162e-12,0.0001414363843092
2023-08-31 13:23:00,0.000139261946513,3.467130525999922e-12,0.00014092463431867997
2023-08-31 13:23:01,0.0001392937732518,3.4671067290457265e-12,0.000140342418127
2023-08-31 13:23:02,0.0001406040828958,3.4669401549396765e-12,0.00014003385452435998
2023-08-31 13:23:03,0.0001409475089216,3.4669401549396765e-12,0.00014009976079891999
2023-08-31 13:23:04,0.0001415170892137,3.4670115428623008e-12,0.00014032488015918
2023-08-31 13:23:05,0.0001393213049455,3.466725999991212e-12,0.00014033675184568
2023-08-31 13:23:06,0.0001396926531091,3.466702205813516e-12,0.00014041652781714
2023-08-31 13:23:07,0.0001381269855609,3.467154323117437e-12,0.00013992110835016
2023-08-31 13:23:08,0.0001399569023614,3.466749794332208e-12,0.00013972298703812002
2023-08-31 13:23:09,0.000139781544001,3.466916359292124e-12,0.00013937587799558
2023-08-31 13:23:10,0.0001402779534957,3.467320907513504e-12,0.00013956720770562
2023-08-31 13:23:11,0.0001405641434158,3.4670115428623008e-12,0.00013974150576696
2023-08-31 13:23:12,0.0001402545637603,3.4666308242603335e-12,0.00014016702140684
2023-08-31 13:23:13,0.0001381670858735,3.466916359292124e-12,0.00013980905810926
2023-08-31 13:23:14,0.0001403230113843,3.4670353391631588e-12,0.00013991735158591997
2023-08-31 13:23:15,0.0001380664305621,3.4674637005090537e-12,0.0001394750469992
2023-08-31 13:23:16,0.0001391072174405,3.467392303276222e-12,0.00013918366180414
2023-08-31 13:23:17,0.0001393178631862,3.4668687684869736e-12,0.00013899632168932
2023-08-31 13:23:18,0.0001405571985774,3.4670115428623008e-12,0.0001394743442301
2023-08-31 13:23:19,0.0001405398379827,3.4669877467247718e-12,0.00013951770954978001
2023-08-31 13:23:20,0.0001407274459349,3.467154323117437e-12,0.00014004991262434
2023-08-31 13:23:21,0.0001395305513811,3.4666546179480924e-12,0.00014013457941246
2023-08-31 13:23:22,0.0001380689886867,3.4666546179480924e-12,0.00013988480451256
2023-08-31 13:23:23,0.0001393324912504,3.466511858271225e-12,0.00013963986304716002
2023-08-31 13:23:24,0.0001372994332316,3.467082932254878e-12,0.00013899178209694
2023-08-31 13:23:25,0.0001397582370362,3.467130525999922e-12,0.0001387979403172
2023-08-31 13:23:26,0.0001405103298926,3.4672971092526225e-12,0.00013899389601949999
2023-08-31 13:23:27,0.0001365173033503,3.467320907513504e-12,0.00013868355895221997
2023-08-31 13:23:28,0.0001380664305621,3.4672971092526225e-12,0.00013843034681456
2023-08-31 13:23:29,0.0001386937333709,3.467082932254878e-12,0.00013870920684242
2023-08-31 13:23:30,0.0001380357367626,3.467320907513504e-12,0.00013836470678770001
2023-08-31 13:23:31,0.0001391355715618,3.4671067290457265e-12,0.00013808975512154
2023-08-31 13:23:32,0.0001393376544633,3.467344705937742e-12,0.00013865382534413999
2023-08-31 13:23:33,0.0001405580666635,3.4670115428623008e-12,0.00013915215256442
2023-08-31 13:23:34,0.0001407796036859,3.4666546179480924e-12,0.00013956932662742
2023-08-31 13:23:35,0.0001396667731896,3.466963950750554e-12,0.00013989553391282
2023-08-31 13:23:36,0.0001385396356201,3.4668449733293882e-12,0.00013977634672448
2023-08-31 13:23:37,0.0001366995415831,3.4669877467247718e-12,0.00013924872414844002
2023-08-31 13:23:38,0.000138456665059,3.4670115428623008e-12,0.00013882844382754
2023-08-31 13:23:39,0.0001393109799227,3.4668449733293882e-12,0.0001385347190749
2023-08-31 13:23:40,0.0001404842984876,3.4667735888365197e-12,0.0001386982241345
2023-08-31 13:23:41,0.0001401368080802,3.467558899106401e-12,0.00013901765862652
2023-08-31 13:23:42,0.0001397392490493,3.4669877467247718e-12,0.00013962560011976
2023-08-31 13:23:43,0.0001390256241961,3.467154323117437e-12,0.00013973939194718
2023-08-31 13:23:44,0.0001381133370462,3.4668211783351085e-12,0.00013949986337188
2023-08-31 13:23:45,0.0001393204444977,3.4671781203982867e-12,0.00013926709257389998
2023-08-31 13:23:46,0.0001392877514191,3.4664880655633097e-12,0.00013909728124167998
2023-08-31 13:23:47,0.0001387528496105,3.4671781203982867e-12,0.00013890000135392
2023-08-31 13:23:48,0.0001405415739457,3.466892563807881e-12,0.00013920319130384
2023-08-31 13:23:49,0.0001393135611067,3.466892563807881e-12,0.00013944323611593998
2023-08-31 13:23:50,0.0001391123723055,3.467392303276222e-12,0.0001394016216775
2023-08-31 13:23:51,0.0001380459672708,3.4669401549396765e-12,0.00013915326484784
2023-08-31 13:23:52,0.0001406909470073,3.466511858271225e-12,0.0001395408843272
2023-08-31 13:23:53,0.0001405589347549,3.466797383504162e-12,0.00013954435648904
2023-08-31 13:23:54,0.0001405901896158,3.466916359292124e-12,0.00013979968219086
2023-08-31 13:23:55,0.000141453300744,3.4668449733293882e-12,0.00014026786787856
2023-08-31 13:23:56,0.0001398532156793,3.467320907513504e-12,0.00014062931756026001
2023-08-31 13:23:57,0.0001387271438022,3.4672257154500087e-12,0.00014023655691924002
2023-08-31 13:23:58,0.0001380561985373,3.4668687684869736e-12,0.00013973600967572
2023-08-31 13:23:59,0.000139314421512,3.4670353391631588e-12,0.00013948085605496
2023-08-31 13:24:00,0.0001392860309433,3.4669401549396765e-12,0.00013904740209481998
2023-08-31 13:24:01,0.0001393066780557,3.466916359292124e-12,0.0001389380945701
2023-08-31 13:24:02,0.0001405606709537,3.466892563807881e-12,0.0001393048000004
2023-08-31 13:24:03,0.0001424835351173,3.467154323117437e-12,0.0001401902673164
2023-08-31 13:24:04,0.000139278289065,3.467154323117437e-12,0.000140183040827
2023-08-31 13:24:05,0.0001392481858513,3.4670115428623008e-12,0.00014017547180860003
2023-08-31 13:24:06,0.0001380093114587,3.4676541003173946e-12,0.00013991599848920002
2023-08-31 13:24:07,0.0001388900277223,3.467082932254878e-12,0.00013958186984292
2023-08-31 13:24:08,0.0001390917539917,3.4669877467247718e-12,0.00013890351361780002
2023-08-31 13:24:09,0.0001395029783376,3.466963950750554e-12,0.00013894845147232002
2023-08-31 13:24:10,0.0001414978622637,3.467059135627361e-12,0.0001393983867548
2023-08-31 13:24:11,0.0001403334114137,3.466583237374773e-12,0.0001398632067458
2023-08-31 13:24:12,0.0001393170027597,3.4670353391631588e-12,0.00013994860175328
2023-08-31 13:24:13,0.0001380493776087,3.466583237374773e-12,0.00013974012647668
2023-08-31 13:24:14,0.00013896038406,3.466963950750554e-12,0.00013963160762116002
2023-08-31 13:24:15,0.0001392843104887,3.466892563807881e-12,0.00013918889726616002
2023-08-31 13:24:16,0.0001396667731896,3.467154323117437e-12,0.00013905556962134
2023-08-31 13:24:17,0.0001418417193051,3.466702205813516e-12,0.00013956051293042
2023-08-31 13:24:18,0.0001405719567691,3.4667735888365197e-12,0.0001400650287625
2023-08-31 13:24:19,0.0001392911924345,3.4668449733293882e-12,0.0001401311904374
2023-08-31 13:24:20,0.0001388299956186,3.4668449733293882e-12,0.00014004032746337997
2023-08-31 13:24:21,0.0001384515344915,3.467082932254878e-12,0.00013979727972376
2023-08-31 13:24:22,0.0001376628416346,3.467320907513504e-12,0.00013896150418966
2023-08-31 13:24:23,0.0001405493860444,3.466678411799148e-12,0.00013895699004472
2023-08-31 13:24:24,0.0001406275309192,3.4665356511424307e-12,0.00013922425774165999
2023-08-31 13:24:25,0.0001418347113457,3.466725999991212e-12,0.00013982520088708003
2023-08-31 13:24:26,0.0001398981371403,3.4669877467247718e-12,0.00014011452141683998
2023-08-31 13:24:27,0.0001383156437051,3.467558899106401e-12,0.00014024508183094
2023-08-31 13:24:28,0.0001386329299092,3.466963950750554e-12,0.0001398617906039
2023-08-31 13:24:29,0.00013930925916,3.4672257154500087e-12,0.00013959813625205998
2023-08-31 13:24:30,0.0001379718132613,3.467320907513504e-12,0.00013882555663517998
2023-08-31 13:24:31,0.0001407769953393,3.466797383504162e-12,0.00013900132827498
2023-08-31 13:24:32,0.0001417637752542,3.466702205813516e-12,0.0001396909545848
2023-08-31 13:24:33,0.000140514668929,3.467392303276222e-12,0.00014006730238876
2023-08-31 13:24:34,0.0001392653868909,3.466725999991212e-12,0.00014005852793494002
2023-08-31 13:24:35,0.0001378959957791,3.466963950750554e-12,0.0001400433644385
2023-08-31 13:24:36,0.000139139868145,3.4668449733293882e-12,0.00013971593899964
2023-08-31 13:24:37,0.0001388908855118,3.4666308242603335e-12,0.00013914136105115999
2023-08-31 13:24:38,0.0001395047014932,3.4673685045253096e-12,0.000138939367564
2023-08-31 13:24:39,0.0001411443779061,3.4671781203982867e-12,0.00013931516576704
2023-08-31 13:24:40,0.0001405676159636,3.466916359292124e-12,0.00013984948980394
2023-08-31 13:24:41,0.0001402441695743,3.4668449733293882e-12,0.0001400703500898
2023-08-31 13:24:42,0.0001395400308735,3.467130525999922e-12,0.00014020017916213998
2023-08-31 13:24:43,0.0001381031015452,3.467154323117437e-12,0.00013991985917253998
2023-08-31 13:24:44,0.0001393040969993,3.466916359292124e-12,0.00013955180299118
2023-08-31 13:24:45,0.0001392774288829,3.4669877467247718e-12,0.00013929376557504002
2023-08-31 13:24:46,0.0001405910579056,3.4674161021904946e-12,0.0001393631432413
2023-08-31 13:24:47,0.0001417988009877,3.467082932254878e-12,0.00013981489726414
2023-08-31 13:24:48,0.0001405519901739,3.4668449733293882e-12,0.00014030467498988
2023-08-31 13:24:49,0.000138660330986,3.4668211783351085e-12,0.00014017592178722002
2023-08-31 13:24:50,0.0001392533459401,3.4665594441769415e-12,0.00014017110519865997
2023-08-31 13:24:51,0.000139292912974,3.4666546179480924e-12,0.00013991147621234
2023-08-31 13:24:52,0.0001393677770187,3.4668449733293882e-12,0.00013942527141854
2023-08-31 13:24:53,0.0001410772722108,3.4672257154500087e-12,0.00013953032782592002
2023-08-31 13:24:54,0.0001418399672828,3.4669401549396765e-12,0.00014016625508528002
2023-08-31 13:24:55,0.000140545045936,3.4665594441769415e-12,0.00014042459508446
2023-08-31 13:24:56,0.0001392714077568,3.4674399012680997e-12,0.00014042029404102
2023-08-31 13:24:57,0.0001384643612667,3.4670115428623008e-12,0.00014023961089062
2023-08-31 13:24:58,0.0001390505265314,3.467249513220869e-12,0.00013983426175473998
2023-08-31 13:24:59,0.0001392774288829,3.466963950750554e-12,0.00013932175407476
2023-08-31 13:25:00,0.0001402796862239,3.467344705937742e-12,0.00013926868213234002
2023-08-31 13:25:01,0.0001418496036733,3.4674161021904946e-12,0.00013978432131564
2023-08-31 13:25:02,0.0001405459139469,3.4670353391631588e-12,0.00014020063185168
2023-08-31 13:25:03,0.0001399257882877,3.4674637005090537e-12,0.00014037568420294
2023-08-31 13:25:04,0.0001380655778644,3.466916359292124e-12,0.00014013331399924002
2023-08-31 13:25:05,0.0001392739882075,3.4669401549396765e-12,0.00013993217439596002
2023-08-31 13:25:06,0.000141174891046,3.4672733111550826e-12,0.0001397972318705
2023-08-31 13:25:07,0.0001403966948684,3.467201917842486e-12,0.0001397673880548
2023-08-31 13:25:08,0.0001388488600547,3.4670353391631588e-12,0.0001395520024082
2023-08-31 13:25:09,0.0001392877514191,3.466749794332208e-12,0.00013979643711913998
2023-08-31 13:25:10,0.0001380357367626,3.467082932254878e-12,0.00013954878683015997
2023-08-31 13:25:11,0.000137252803168,3.467154323117437e-12,0.00013876436925456
2023-08-31 13:25:13,0.0001402727554397,3.4667735888365197e-12,0.00013873958136882
2023-08-31 13:25:14,0.0001412551284757,3.4672733111550826e-12,0.00013922083505302
2023-08-31 13:25:15,0.0001400200160291,3.4666308242603335e-12,0.00013936728797502002
2023-08-31 13:25:16,0.0001396572850872,3.466749794332208e-12,0.00013969159763994
2023-08-31 13:25:17,0.0001380451146995,3.4666308242603335e-12,0.00013985005994624
2023-08-31 13:25:18,0.0001393178631862,3.467725502940901e-12,0.00013965908149554
2023-08-31 13:25:19,0.0001392868911785,3.4666308242603335e-12,0.0001392654340361
2023-08-31 13:25:20,0.0001405459139469,3.466797383504162e-12,0.00013937061361966
2023-08-31 13:25:21,0.0001418005525015,3.4666070307358988e-12,0.00013979926710252
2023-08-31 13:25:22,0.0001404227100406,3.466797383504162e-12,0.00014027478617074002
2023-08-31 13:25:23,0.0001399206032813,3.467249513220869e-12,0.00014039533418976
2023-08-31 13:25:24,0.0001398454422755,3.467392303276222e-12,0.00014050704440916
2023-08-31 13:25:25,0.0001375226288084,3.4670115428623008e-12,0.00013990238738146002
2023-08-31 13:25:26,0.0001385379243849,3.466749794332208e-12,0.00013924986175814
2023-08-31 13:25:27,0.0001393170027597,3.467201917842486e-12,0.00013902872030195998
2023-08-31 13:25:28,0.0001405563304968,3.466892563807881e-12,0.00013915586574505997
2023-08-31 13:25:29,0.000140565879679,3.467082932254878e-12,0.00013929995322576
2023-08-31 13:25:30,0.0001395529584919,3.466749794332208e-12,0.00013970601916246
2023-08-31 13:25:31,0.0001394736879491,3.4669877467247718e-12,0.00013989317187529997
2023-08-31 13:25:32,0.0001380186876003,3.4666308242603335e-12,0.00013963350884342
2023-08-31 13:25:33,0.0001375532085126,3.4669877467247718e-12,0.00013903288444658
2023-08-31 13:25:34,0.0001392954938233,3.467201917842486e-12,0.00013877880727544
2023-08-31 13:25:35,0.0001395210725328,3.4665356511424307e-12,0.00013877243008362
2023-08-31 13:25:36,0.0001413843017806,3.466963950750554e-12,0.00013915455284991998
2023-08-31 13:25:37,0.0001405962677569,3.4666546179480924e-12,0.00013967006888124
2023-08-31 13:25:38,0.0001392980747203,3.467796907034662e-12,0.00014001904212278
2023-08-31 13:25:39,0.0001392997953449,3.4671067290457265e-12,0.00014001990242710002
2023-08-31 13:25:40,0.0001380476724292,3.466678411799148e-12,0.00013972522240638
2023-08-31 13:25:41,0.0001392671071118,3.467249513220869e-12,0.00013930178347262002
2023-08-31 13:25:42,0.0001406787828019,3.466749794332208e-12,0.00013931828648161999
2023-08-31 13:25:43,0.0001410572338414,3.4668449733293882e-12,0.00013967011830584
2023-08-31 13:25:44,0.000140548518012,3.4672733111550826e-12,0.00013991986283926002
2023-08-31 13:25:45,0.0001394030717231,3.466678411799148e-12,0.00014019094269804002
2023-08-31 13:25:46,0.0001380246545676,3.4663691044733186e-12,0.00013994245218919998
2023-08-31 13:25:47,0.0001392765687061,3.4673685045253096e-12,0.00013966200937004
2023-08-31 13:25:48,0.0001392198087806,3.467059135627361e-12,0.00013929452435788
2023-08-31 13:25:49,0.0001393402361415,3.4669877467247718e-12,0.00013905286798378
2023-08-31 13:25:50,0.0001359451752034,3.466892563807881e-12,0.00013836128867984
2023-08-31 13:25:51,0.0001402337761585,3.4674637005090537e-12,0.00013880311299802002
2023-08-31 13:25:52,0.0001412804301609,3.467154323117437e-12,0.00013920388528898
2023-08-31 13:25:53,0.0001397202636422,3.467249513220869e-12,0.0001393039762613
2023-08-31 13:25:54,0.0001392765687061,3.467344705937742e-12,0.00013929124277422002
2023-08-31 13:25:55,0.0001380451146995,3.467082932254878e-12,0.00013971123067344
2023-08-31 13:25:56,0.0001392817298467,3.466702205813516e-12,0.00013952082141108002
2023-08-31 13:25:57,0.000139292912974,3.466725999991212e-12,0.0001391233179737
2023-08-31 13:25:58,0.0001380792216594,3.4668211783351085e-12,0.00013879510957714
2023-08-31 13:25:59,0.0001392834502694,3.4669401549396765e-12,0.00013879648588979997
2023-08-31 13:26:00,0.0001400425017426,3.467249513220869e-12,0.00013919596329842
2023-08-31 13:26:01,0.0001407465681995,3.466749794332208e-12,0.00013948893096898002
2023-08-31 13:26:02,0.0001395408926775,3.466916359292124e-12,0.00013953852690967998
2023-08-31 13:26:03,0.0001392301270462,3.467082932254878e-12,0.00013976870798704
2023-08-31 13:26:04,0.0001375863441988,3.466725999991212e-12,0.00013942928677291997
2023-08-31 13:26:05,0.0001376883502303,3.466583237374773e-12,0.00013895845647046002
2023-08-31 13:26:06,0.0001393376544633,3.4675350992120293e-12,0.00013867667372322
2023-08-31 13:26:07,0.0001378849248032,3.466916359292124e-12,0.00013834548014836001
2023-08-31 13:26:08,0.0001387305709681,3.4667735888365197e-12,0.00013824556893274
2023-08-31 13:26:09,0.0001395615775695,3.4671781203982867e-12,0.00013864061560688
2023-08-31 13:26:10,0.0001406145037569,3.466963950750554e-12,0.00013922584631220002
2023-08-31 13:26:11,0.0001393634733979,3.466702205813516e-12,0.00013923101009912
2023-08-31 13:26:12,0.0001382157337884,3.466725999991212e-12,0.00013929717189616
2023-08-31 13:26:13,0.0001380911610861,3.4669877467247718e-12,0.00013916928991976
2023-08-31 13:26:14,0.0001380809272286,3.4671067290457265e-12,0.00013887315985158
2023-08-31 13:26:15,0.0001393290492148,3.466963950750554e-12,0.00013861606894315998
2023-08-31 13:26:16,0.0001423436869047,3.466797383504162e-12,0.00013921211164451999
2023-08-31 13:26:17,0.0001418417193051,3.4669877467247718e-12,0.00013993730874786001
2023-08-31 13:26:18,0.0001397763643396,3.466749794332208e-12,0.00014027434939856
2023-08-31 13:26:19,0.0001392249678178,3.467130525999922e-12,0.00014050315751639998
2023-08-31 13:26:20,0.0001381031015452,3.467320907513504e-12,0.00014025796798248
2023-08-31 13:26:21,0.0001380468198474,3.467130525999922e-12,0.00013939859457102
2023-08-31 13:26:22,0.0001380809272286,3.4672971092526225e-12,0.00013864643615572
2023-08-31 13:26:23,0.00014035161332,3.466725999991212e-12,0.00013876148595179998
2023-08-31 13:26:24,0.0001405589347549,3.4672971092526225e-12,0.00013902827933922002
2023-08-31 13:26:25,0.0001390204725456,3.4668211783351085e-12,0.0001392117535393
2023-08-31 13:26:26,0.00013867232066,3.4665594441769415e-12,0.00013933685370182
2023-08-31 13:26:27,0.0001381099251283,3.466892563807881e-12,0.00013934265328176
2023-08-31 13:26:28,0.0001375795464842,3.4670115428623008e-12,0.0001387882399146
2023-08-31 13:26:29,0.0001385345019781,3.4674399012680997e-12,0.00013838335335924
2023-08-31 13:26:30,0.0001404556695123,3.4674161021904946e-12,0.00013867039275258
2023-08-31 13:26:31,0.000142174118457,3.466678411799148e-12,0.00013937075231198
2023-08-31 13:26:32,0.0001398756746065,3.466963950750554e-12,0.00013972390220762
2023-08-31 13:26:33,0.0001381184550812,3.4668449733293882e-12,0.00013983168392702
2023-08-31 13:26:34,0.0001372765401303,3.467201917842486e-12,0.00013958009155745998
2023-08-31 13:26:35,0.0001387871314313,3.4670353391631588e-12,0.00013924638394126
2023-08-31 13:26:36,0.0001393376544633,3.4671067290457265e-12,0.00013867909114251997
2023-08-31 13:26:37,0.0001393359333711,3.4666308242603335e-12,0.00013857114289544
2023-08-31 13:26:38,0.0001405762977086,3.467154323117437e-12,0.00013906271142092
2023-08-31 13:26:39,0.0001405650115447,3.4666546179480924e-12,0.0001397204057038
2023-08-31 13:26:40,0.0001381124840588,3.466725999991212e-12,0.0001395854762293
2023-08-31 13:26:41,0.0001371197826388,3.466963950750554e-12,0.00013914190186440002
2023-08-31 13:26:42,0.0001380792216594,3.4672971092526225e-12,0.00013889055952206003
2023-08-31 13:26:43,0.0001380758105843,3.4665594441769415e-12,0.0001383904620972
2023-08-31 13:26:44,0.0001392937732518,3.4673685045253096e-12,0.00013813621443862
2023-08-31 13:26:45,0.0001400226103502,3.466916359292124e-12,0.0001385182396969
2023-08-31 13:26:46,0.0001398437149111,3.4671067290457265e-12,0.00013906302615136003
2023-08-31 13:26:47,0.0001400580708903,3.467130525999922e-12,0.00013945879599754
2023-08-31 13:26:48,0.0001390488089858,3.4668211783351085e-12,0.00013965339567784
2023-08-31 13:26:49,0.0001380903082357,3.4666308242603335e-12,0.00013941270267462001
2023-08-31 13:26:50,0.0001380468198474,3.4674161021904946e-12,0.00013901754457406001
2023-08-31 13:26:51,0.0001380689886867,3.4674637005090537e-12,0.00013866259932918
2023-08-31 13:26:52,0.0001393333517726,3.4671781203982867e-12,0.00013851765550563998
2023-08-31 13:26:53,0.0001405719567691,3.466892563807881e-12,0.00013882228506230003
2023-08-31 13:26:54,0.0001393858536776,3.466963950750554e-12,0.00013908139415068002
2023-08-31 13:26:55,0.0001381227202552,3.466678411799148e-12,0.00013909657423223998
2023-08-31 13:26:56,0.0001380920139418,3.467201917842486e-12,0.00013910117928326
2023-08-31 13:26:57,0.0001391639314625,3.467059135627361e-12,0.00013906729522124
2023-08-31 13:26:58,0.0001380962782993,3.4668687684869736e-12,0.00013857215952728
2023-08-31 13:26:59,0.0001389054687443,3.466749794332208e-12,0.00013847608254062002
2023-08-31 13:27:00,0.0001377649043811,3.4669401549396765e-12,0.00013840451936580003
2023-08-31 13:27:01,0.0001381022486211,3.467344705937742e-12,0.00013840656630166001
2023-08-31 13:27:02,0.0001380996898801,3.4670353391631588e-12,0.00013819371798518001
2023-08-31 13:27:03,0.0001380715468588,3.4670115428623008e-12,0.00013818877169708002
2023-08-31 13:27:04,0.000138722003212,3.4670353391631588e-12,0.00013815207859062
2023-08-31 13:27:05,0.0001400027217832,3.466678411799148e-12,0.00013859964207104002
2023-08-31 13:27:06,0.0001428456664865,3.466892563807881e-12,0.00013954832564411999
2023-08-31 13:27:07,0.0001412621077983,3.4668687684869736e-12,0.00014018080922776
2023-08-31 13:27:08,0.000138120161135,3.4665356511424307e-12,0.000140190532083
2023-08-31 13:27:09,0.0001371028466085,3.467082932254878e-12,0.0001398667007623
2023-08-31 13:27:10,0.0001381167490484,3.4676541003173946e-12,0.00013948950621534
2023-08-31 13:27:11,0.0001393548665548,3.466892563807881e-12,0.000138791346229
2023-08-31 13:27:12,0.0001405797705567,3.4671067290457265e-12,0.00013865487878068
2023-08-31 13:27:13,0.0001393505633326,3.466963950750554e-12,0.0001389009592202
2023-08-31 13:27:14,0.0001393273282289,3.4669877467247718e-12,0.00013934585554428
2023-08-31 13:27:15,0.0001368820230875,3.4670353391631588e-12,0.0001390989103521
2023-08-31 13:27:16,0.0001368642711451,3.4668211783351085e-12,0.00013860079127016
2023-08-31 13:27:17,0.0001380408519219,3.4674637005090537e-12,0.0001380930075432
2023-08-31 13:27:18,0.0001393359333711,3.4666308242603335e-12,0.00013809008155089999
2023-08-31 13:27:19,0.0001401463287607,3.467320907513504e-12,0.00013825388165726002
2023-08-31 13:27:20,0.000137650089109,3.466702205813516e-12,0.00013840749486156
2023-08-31 13:27:21,0.0001393574485519,3.466464273018712e-12,0.00013890613034292
2023-08-31 13:27:22,0.0001379905610863,3.467249513220869e-12,0.0001388960721758
2023-08-31 13:27:23,0.0001374912067522,3.466678411799148e-12,0.00013852712685202
2023-08-31 13:27:24,0.0001381457544709,3.4668449733293882e-12,0.00013812701199406
2023-08-31 13:27:25,0.0001393393755768,3.467082932254878e-12,0.00013846486928762
2023-08-31 13:27:26,0.0001403784871156,3.467630299769615e-12,0.00013866907700036
2023-08-31 13:27:27,0.0001419109414994,3.467154323117437e-12,0.00013945315308298002
2023-08-31 13:27:28,0.0001393591699099,3.466892563807881e-12,0.00013982674571452
2023-08-31 13:27:29,0.0001404704170437,3.467059135627361e-12,0.00014029167822908
2023-08-31 13:27:30,0.0001383088099581,3.467059135627361e-12,0.00014008556510534002
2023-08-31 13:27:31,0.0001374428138496,3.4670353391631588e-12,0.00013949843045214
2023-08-31 13:27:32,0.0001393015159907,3.466892563807881e-12,0.0001389765453504
2023-08-31 13:27:33,0.0001392937732518,3.4669877467247718e-12,0.00013896346601878002
2023-08-31 13:27:34,0.0001393213049455,3.4668211783351085e-12,0.00013873364359914
2023-08-31 13:27:35,0.0001394693810577,3.466464273018712e-12,0.00013896575781906
2023-08-31 13:27:36,0.0001386226559015,3.467392303276222e-12,0.00013920172622943999
2023-08-31 13:27:37,0.0001362225255486,3.467249513220869e-12,0.00013858592814102
2023-08-31 13:27:38,0.0001386903071149,3.466725999991212e-12,0.00013846523491364
2023-08-31 13:27:39,0.0001393410967115,3.4670353391631588e-12,0.00013846919326683998
2023-08-31 13:27:40,0.0001398799940444,3.4674161021904946e-12,0.00013855131586418
2023-08-31 13:27:41,0.0001393281887192,3.4674161021904946e-12,0.00013869242242772
2023-08-31 13:27:42,0.0001380630198029,3.4668687684869736e-12,0.00013906052127858
2023-08-31 13:27:43,0.0001380502302064,3.467392303276222e-12,0.00013893250589687997
2023-08-31 13:27:44,0.0001376033399545,3.467130525999922e-12,0.00013858495454547998
2023-08-31 13:27:45,0.0001393238863208,3.4671067290457265e-12,0.00013847373300075998
2023-08-31 13:27:46,0.0001405528582277,3.467201917842486e-12,0.00013871866690245998
2023-08-31 13:27:47,0.0001405424419352,3.466725999991212e-12,0.00013921455132892
2023-08-31 13:27:48,0.0001392963541169,3.467082932254878e-12,0.00013946377611101998
2023-08-31 13:27:49,0.0001385576048651,3.4673685045253096e-12,0.00013965462909314
2023-08-31 13:27:50,0.0001368329995146,3.466916359292124e-12,0.00013915645173189997
2023-08-31 13:27:51,0.0001380775161113,3.4666546179480924e-12,0.00013866138330862
2023-08-31 13:27:52,0.00013910378097,3.4668687684869736e-12,0.00013837365111558
2023-08-31 13:27:53,0.0001400502861001,3.4669401549396765e-12,0.00013852443751222
2023-08-31 13:27:54,0.0001405858482473,3.4670353391631588e-12,0.00013893008618866
2023-08-31 13:27:55,0.0001404782251871,3.466797383504162e-12,0.00013965913132316001
2023-08-31 13:27:56,0.000142019662191,3.466963950750554e-12,0.0001404475605391
2023-08-31 13:27:57,0.0001388137056681,3.4670115428623008e-12,0.00014038954547872001
2023-08-31 13:27:58,0.0001388797346612,3.467130525999922e-12,0.00014015543519093997
2023-08-31 13:27:59,0.0001378730032077,3.467082932254878e-12,0.00013961286618302
2023-08-31 13:28:00,0.0001391054991947,3.466464273018712e-12,0.00013933832098454
2023-08-31 13:28:01,0.0001396615977811,3.466511858271225e-12,0.00013886670810256
2023-08-31 13:28:02,0.0001403126121256,3.467130525999922e-12,0.00013916648939406
2023-08-31 13:28:03,0.0001395365837109,3.466725999991212e-12,0.00013929785920400003
2023-08-31 13:28:04,0.0001398894972773,3.4665594441769415e-12,0.00013970115801792
2023-08-31 13:28:05,0.0001391407274775,3.467154323117437e-12,0.00013970820367448
2023-08-31 13:28:06,0.0001380630198029,3.4668211783351085e-12,0.00013938848807883999
2023-08-31 13:28:07,0.000138059609128,3.4668449733293882e-12,0.00013893788747932002
2023-08-31 13:28:08,0.0001373452308885,3.4668449733293882e-12,0.00013849961691484
2023-08-31 13:28:09,0.0001393230258571,3.4668449733293882e-12,0.0001383863226308
2023-08-31 13:28:10,0.000141802304037,3.467059135627361e-12,0.00013891863794270002
2023-08-31 13:28:11,0.0001406205829491,3.467320907513504e-12,0.00013943015057194002
2023-08-31 13:28:12,0.0001393453996414,3.467154323117437e-12,0.00013968730867461998
2023-08-31 13:28:13,0.0001387494218942,3.4671067290457265e-12,0.00013996814687575998
2023-08-31 13:28:14,0.0001377793693881,3.467059135627361e-12,0.00013965941558196
2023-08-31 13:28:15,0.0001380783688827,3.4666308242603335e-12,0.0001389146285511
2023-08-31 13:28:16,0.0001392094912796,3.4668687684869736e-12,0.0001386324102172
2023-08-31 13:28:17,0.0001388651541305,3.4671067290457265e-12,0.00013853636111502
2023-08-31 13:28:18,0.0001397418381683,3.466749794332208e-12,0.00013873484436984
2023-08-31 13:28:19,0.0001405598028516,3.4669877467247718e-12,0.00013929093106253998
2023-08-31 13:28:20,0.0001396598726875,3.467487499913371e-12,0.0001396072318235
2023-08-31 13:28:21,0.0001376067393576,3.466321521180405e-12,0.0001392866814391
2023-08-31 13:28:22,0.0001369674336496,3.467130525999922e-12,0.00013890713734292
2023-08-31 13:28:23,0.0001381124840588,3.466892563807881e-12,0.00013858126652102
2023-08-31 13:28:24,0.0001380911610861,3.4672733111550826e-12,0.00013808753816791999
2023-08-31 13:28:25,0.0001380928668028,3.466725999991212e-12,0.00013777413699098
2023-08-31 13:28:26,0.0001390058772393,3.466440480637417e-12,0.00013805396456732002
2023-08-31 13:28:27,0.0001357857448726,3.467320907513504e-12,0.00013781762681191998
2023-08-31 13:28:28,0.0001406084248274,3.466440480637417e-12,0.00013831681496563998
2023-08-31 13:28:29,0.0001386697513569,3.466916359292124e-12,0.00013843253301979997
2023-08-31 13:28:30,0.0001380689886867,3.4670115428623008e-12,0.00013842775739658
2023-08-31 13:28:31,0.0001380894553906,3.467130525999922e-12,0.00013824447302684001
2023-08-31 13:28:32,0.0001386945899481,3.467130525999922e-12,0.00013882624204194003
2023-08-31 13:28:33,0.0001395486491527,3.467082932254878e-12,0.000138614286907
2023-08-31 13:28:34,0.0001406205829491,3.466797383504162e-12,0.00013900445322544
2023-08-31 13:28:35,0.000139997533926,3.467249513220869e-12,0.0001393901622733
2023-08-31 13:28:36,0.000138784560001,3.466678411799148e-12,0.00013952918319538
2023-08-31 13:28:37,0.0001374453604198,3.4667735888365197e-12,0.00013927933728972002
2023-08-31 13:28:38,0.00013930925916,3.467059135627361e-12,0.00013923145929118
2023-08-31 13:28:39,0.0001393023763216,3.466511858271225e-12,0.00013896781796567998
2023-08-31 13:28:40,0.0001386646128934,3.4676064993851786e-12,0.00013870123375916
2023-08-31 13:28:41,0.0001364818963611,3.466963950750554e-12,0.00013824070103117997
2023-08-31 13:28:42,0.0001397824072966,3.4663691044733186e-12,0.00013870811040654
2023-08-31 13:28:43,0.0001406049512714,3.4670353391631588e-12,0.00013896724882882
2023-08-31 13:28:44,0.0001393273282289,3.466963950750554e-12,0.00013897223921028
2023-08-31 13:28:45,0.0001374555471723,3.4671067290457265e-12,0.00013873042606605998
2023-08-31 13:28:46,0.0001381124840588,3.4671067290457265e-12,0.0001390565436056
2023-08-31 13:28:47,0.000138969824816,3.4670115428623008e-12,0.00013889402710947997
2023-08-31 13:28:48,0.0001405459139469,3.466963950750554e-12,0.00013888221964457998
2023-08-31 13:28:49,0.0001405849799897,3.466725999991212e-12,0.00013913374999674
2023-08-31 13:28:50,0.0001392894719161,3.4666546179480924e-12,0.0001395005349455
2023-08-31 13:28:51,0.0001368313093598,3.4667735888365197e-12,0.0001392443000057
2023-08-31 13:28:52,0.0001386680385145,3.4668449733293882e-12,0.0001391839427454
2023-08-31 13:28:53,0.0001392989350299,3.4671067290457265e-12,0.000138934546962
2023-08-31 13:28:54,0.0001399594955132,3.4669401549396765e-12,0.0001388094500667
2023-08-31 13:28:55,0.000139949987525,3.466916359292124e-12,0.00013894155318847998
2023-08-31 13:28:56,0.0001380894553906,3.4664880655633097e-12,0.00013919318239464002
2023-08-31 13:28:57,0.0001380826328189,3.467630299769615e-12,0.00013907610125552
2023-08-31 13:28:58,0.0001372189003418,3.467130525999922e-12,0.00013866009431789998
2023-08-31 13:28:59,0.0001393101195387,3.4666546179480924e-12,0.00013853021912299998
2023-08-31 13:29:00,0.0001406561949249,3.4667735888365197e-12,0.00013867146060298
2023-08-31 13:29:01,0.0001406066880387,3.466916359292124e-12,0.0001391749071326
2023-08-31 13:29:02,0.0001387339982187,3.467130525999922e-12,0.00013930518021256
2023-08-31 13:29:03,0.0001380519354174,3.467558899106401e-12,0.00013947178722768
2023-08-31 13:29:04,0.0001372663666438,3.4672257154500087e-12,0.0001390630366487
2023-08-31 13:29:05,0.0001393023763216,3.466963950750554e-12,0.00013879227292803997
2023-08-31 13:29:06,0.0001393299097157,3.467130525999922e-12,0.00013853691726343998
2023-08-31 13:29:07,0.0001393281887192,3.466583237374773e-12,0.00013865575536354
2023-08-31 13:29:08,0.0001393058176983,3.4668449733293882e-12,0.00013890653181972
2023-08-31 13:29:09,0.0001381022486211,3.4673685045253096e-12,0.00013907370821518
2023-08-31 13:29:10,0.0001377470379397,3.4666546179480924e-12,0.0001387626405388
2023-08-31 13:29:11,0.0001378781123367,3.467059135627361e-12,0.00013847228106300002
2023-08-31 13:29:12,0.0001386885940187,3.4671781203982867e-12,0.0001383443621229
2023-08-31 13:29:13,0.000138918337574,3.4669401549396765e-12,0.00013826686609803997
2023-08-31 13:29:14,0.0001404617418377,3.466511858271225e-12,0.00013873876474135999
2023-08-31 13:29:15,0.0001395520966134,3.4669401549396765e-12,0.0001390997764761
2023-08-31 13:29:16,0.0001393505633326,3.466892563807881e-12,0.00013939426667528
2023-08-31 13:29:17,0.0001362654392361,3.467392303276222e-12,0.00013890963571876
2023-08-31 13:29:18,0.0001368194788604,3.467130525999922e-12,0.00013848986397604
2023-08-31 13:29:19,0.0001392937732518,3.4669877467247718e-12,0.00013825627025886
2023-08-31 13:29:20,0.0001378585283704,3.467201917842486e-12,0.00013791755661025999
2023-08-31 13:29:21,0.000138713435985,3.466916359292124e-12,0.00013779013114074
2023-08-31 13:29:22,0.000138683454857,3.467059135627361e-12,0.00013827373426492
2023-08-31 13:29:23,0.0001374929050581,3.4672733111550826e-12,0.00013840841950446
2023-08-31 13:29:24,0.0001369902752024,3.466797383504162e-12,0.00013794771989458
2023-08-31 13:29:25,0.0001374080154523,3.4670115428623008e-12,0.00013785761731096
2023-08-31 13:29:26,0.0001370063511712,3.4672257154500087e-12,0.0001375162003482
2023-08-31 13:29:27,0.0001392636666914,3.4672733111550826e-12,0.00013763224271508002
2023-08-31 13:29:28,0.0001395322748773,3.4668211783351085e-12,0.00013804011667892
2023-08-31 13:29:29,0.0001389303495573,3.4668449733293882e-12,0.0001384281315499
2023-08-31 13:29:30,0.000138059609128,3.4672971092526225e-12,0.00013855845028504
2023-08-31 13:29:31,0.0001371562021886,3.467201917842486e-12,0.00013858842048852
2023-08-31 13:29:32,0.0001380749578286,3.4674637005090537e-12,0.00013835067871596
2023-08-31 13:29:33,0.0001380536406496,3.466749794332208e-12,0.00013805495187041997
2023-08-31 13:29:34,0.0001392653868909,3.466678411799148e-12,0.00013812195933714
2023-08-31 13:29:35,0.0001392963541169,3.467392303276222e-12,0.00013836930833492
2023-08-31 13:29:36,0.0001392843104887,3.4666546179480924e-12,0.00013879492999494
2023-08-31 13:29:37,0.0001380664305621,3.466916359292124e-12,0.00013879322454164
2023-08-31 13:29:38,0.0001380732523332,3.466963950750554e-12,0.00013879714687836
2023-08-31 13:29:39,0.000136893013539,3.467059135627361e-12,0.00013832267220798
2023-08-31 13:29:40,0.0001392980747203,3.4669877467247718e-12,0.00013832301632866
2023-08-31 13:29:41,0.0001393660555544,3.466725999991212e-12,0.0001383393653418
2023-08-31 13:29:42,0.0001393066780557,3.467701701903043e-12,0.00013858741484052
2023-08-31 13:29:43,0.0001380613144549,3.467392303276222e-12,0.00013858502726486
2023-08-31 13:29:44,0.0001370368160752,3.4668211783351085e-12,0.0001386137877721
2023-08-31 13:29:45,0.0001368169438865,3.4666308242603335e-12,0.00013811756160534
2023-08-31 13:29:46,0.0001365004417338,3.466916359292124e-12,0.00013754443884122
2023-08-31 13:29:47,0.0001380698414055,3.4669877467247718e-12,0.00013729707151118002
2023-08-31 13:29:48,0.0001380655778644,3.466916359292124e-12,0.00013729792419308
2023-08-31 13:29:49,0.0001380621671262,3.467059135627361e-12,0.00013750299440328
2023-08-31 13:29:50,0.0001380579038221,3.467059135627361e-12,0.0001377511863904
2023-08-31 13:29:51,0.0001366235794405,3.466725999991212e-12,0.00013777581393174
2023-08-31 13:29:52,0.0001373401415056,3.4672733111550826e-12,0.00013762987395176
2023-08-31 13:29:53,0.0001368684975892,3.467059135627361e-12,0.00013739045789671998
2023-08-31 13:29:54,0.0001381031015452,3.466797383504162e-12,0.00013739864478052
2023-08-31 13:29:55,0.0001387014427561,3.467249513220869e-12,0.00013752735256732
2023-08-31 13:29:56,0.0001399041853618,3.4674161021904946e-12,0.00013818347375158001
2023-08-31 13:29:57,0.000138028064379,3.4662263565541294e-12,0.00013832105832626
2023-08-31 13:29:58,0.0001368701882034,3.4669401549396765e-12,0.0001383213964491
2023-08-31 13:29:59,0.0001368879409132,3.4671067290457265e-12,0.00013807836432270002
2023-08-31 13:30:00,0.0001383985297587,3.466797383504162e-12,0.00013801778172322
2023-08-31 13:30:01,0.0001394555998991,3.467249513220869e-12,0.00013792806463068
2023-08-31 13:30:02,0.0001395210725328,3.467130525999922e-12,0.00013822666626144
2023-08-31 13:30:03,0.0001368524377958,3.466749794332208e-12,0.00013822311617992002
2023-08-31 13:30:04,0.000136841450602,3.467320907513504e-12,0.00013821381811767998
2023-08-31 13:30:05,0.0001380579038221,3.4668449733293882e-12,0.00013814569293036
2023-08-31 13:30:06,0.0001392137901454,3.466702205813516e-12,0.00013809733097962
2023-08-31 13:30:07,0.0001393385150174,3.467487499913371e-12,0.00013806081947654003
2023-08-31 13:30:08,0.0001394349307144,3.466725999991212e-12,0.00013857731806026
2023-08-31 13:30:09,0.0001393548665548,3.467249513220869e-12,0.00013908000125082
2023-08-31 13:30:10,0.0001380723995934,3.467154323117437e-12,0.00013908290040507998
2023-08-31 13:30:11,0.0001364818963611,3.467320907513504e-12,0.00013853652164821998
2023-08-31 13:30:12,0.0001368811777047,3.4674637005090537e-12,0.00013804505418568
2023-08-31 13:30:13,0.0001368997773323,3.4672733111550826e-12,0.00013753802350925998
2023-08-31 13:30:14,0.0001369014683329,3.467701701903043e-12,0.00013704734386488
2023-08-31 13:30:15,0.0001393660555544,3.466749794332208e-12,0.00013730607505707998
2023-08-31 13:30:16,0.000139335072833,3.467320907513504e-12,0.00013787671035146
2023-08-31 13:30:17,0.0001381039544747,3.467130525999922e-12,0.00013812126570546
2023-08-31 13:30:18,0.0001374657346799,3.4668211783351085e-12,0.00013823445717498
2023-08-31 13:30:19,0.0001357857448726,3.4666308242603335e-12,0.00013801131248292
2023-08-31 13:30:20,0.0001368549734274,3.466963950750554e-12,0.00013750909605752
2023-08-31 13:30:21,0.0001361552371856,3.4669877467247718e-12,0.00013687312892803999
2023-08-31 13:30:22,0.0001376653922815,3.466702205813516e-12,0.0001367854164894
2023-08-31 13:30:23,0.0001393299097157,3.4668687684869736e-12,0.00013715825149655998
2023-08-31 13:30:24,0.0001387888457447,3.467392303276222e-12,0.00013775887167098
2023-08-31 13:30:25,0.0001359309027625,3.466725999991212e-12,0.000137574057538
2023-08-31 13:30:26,0.0001368583543426,3.466702205813516e-12,0.0001377146809694
2023-08-31 13:30:27,0.0001368499022113,3.466963950750554e-12,0.00013755158295536
2023-08-31 13:30:28,0.000136835534786,3.467082932254878e-12,0.00013705270796942002
2023-08-31 13:30:29,0.000137947956077,3.467059135627361e-12,0.00013688453003588003
2023-08-31 13:30:30,0.0001380101638089,3.4672257154500087e-12,0.00013730038224515998
2023-08-31 13:30:31,0.0001380186876003,3.466892563807881e-12,0.0001375324488967
2023-08-31 13:30:32,0.0001368693428937,3.4669877467247718e-12,0.00013753633703318002
2023-08-31 13:30:33,0.0001368566638745,3.4671067290457265e-12,0.00013754056285088
2023-08-31 13:30:34,0.0001368558186484,3.4668211783351085e-12,0.00013732213536516
2023-08-31 13:30:35,0.0001368668069959,3.466916359292124e-12,0.00013709346400256
2023-08-31 13:30:36,0.0001369209163407,3.467773105506716e-12,0.00013687390975064
2023-08-31 13:30:37,0.000136876950869,3.467130525999922e-12,0.00013687543134570002
2023-08-31 13:30:38,0.0001380945725405,3.467487499913371e-12,0.0001371230130789
2023-08-31 13:30:39,0.0001390857408925,3.467392303276222e-12,0.00013756899752772
2023-08-31 13:30:40,0.0001378040484937,3.4672733111550826e-12,0.00013775644582728
2023-08-31 13:30:41,0.0001344763128393,3.467249513220869e-12,0.000137267525127
2023-08-31 13:30:42,0.0001355611820084,3.467320907513504e-12,0.00013700437135487998
2023-08-31 13:30:43,0.0001363597285093,3.467154323117437e-12,0.00013665740254863997
2023-08-31 13:30:44,0.0001371324860345,3.466725999991212e-12,0.00013626675157704
2023-08-31 13:30:45,0.0001370173516051,3.4668449733293882e-12,0.00013610941219932
2023-08-31 13:30:46,0.0001380741050783,3.4668211783351085e-12,0.00013682897064712
2023-08-31 13:30:47,0.0001393299097157,3.467201917842486e-12,0.00013758271618857998
2023-08-31 13:30:48,0.0001381764727341,3.4672257154500087e-12,0.00013794606503354
2023-08-31 13:30:49,0.0001380382943186,3.467249513220869e-12,0.00013812722669036
2023-08-31 13:30:50,0.0001365071861305,3.466797383504162e-12,0.00013802519359544
2023-08-31 13:30:51,0.0001367442946024,3.466963950750554e-12,0.00013775923150025998
2023-08-31 13:30:52,0.000136902313841,3.4667735888365197e-12,0.00013727371232532
2023-08-31 13:30:53,0.0001368845592672,3.466797383504162e-12,0.00013701532963194
2023-08-31 13:30:54,0.0001368786415876,3.467130525999922e-12,0.00013678339908574
2023-08-31 13:30:55,0.0001372239852318,3.4668687684869736e-12,0.000136926758906
2023-08-31 13:30:56,0.0001391544775201,3.466916359292124e-12,0.00013740879548954
2023-08-31 13:30:57,0.0001375353695256,3.4665356511424307e-12,0.00013753540662646
2023-08-31 13:30:58,0.00013690062283,3.4668687684869736e-12,0.00013753861933902
2023-08-31 13:30:59,0.0001356591730693,3.4675350992120293e-12,0.00013729472563536
2023-08-31 13:31:00,0.0001356482816767,3.466963950750554e-12,0.00013697958492434
2023-08-31 13:31:01,0.0001357077760918,3.466583237374773e-12,0.00013629024463867998
2023-08-31 13:31:02,0.0001369141515029,3.4668211783351085e-12,0.00013616600103414002
2023-08-31 13:31:03,0.0001402433034269,3.4674637005090537e-12,0.00013683453715352
2023-08-31 13:31:04,0.0001375115878083,3.466678411799148e-12,0.00013720502010132002
2023-08-31 13:31:05,0.0001368668069959,3.4674161021904946e-12,0.00013744872516516002
2023-08-31 13:31:06,0.000135662524443,3.466440480637417e-12,0.00013743967483540001
2023-08-31 13:31:07,0.0001346641431554,3.467320907513504e-12,0.0001369896731659
2023-08-31 13:31:08,0.0001368803323271,3.467201917842486e-12,0.00013631707894593998
2023-08-31 13:31:09,0.0001382165874135,3.4665356511424307e-12,0.00013645807886698
2023-08-31 13:31:10,0.000136929372858,3.4668211783351085e-12,0.0001364705920394
2023-08-31 13:31:11,0.0001369141515029,3.4671781203982867e-12,0.00013672091745138
2023-08-31 13:31:12,0.0001357136431513,3.467082932254878e-12,0.00013693081745056002
2023-08-31 13:31:13,0.0001356583352388,3.4670353391631588e-12,0.00013668641803290003
2023-08-31 13:31:14,0.0001369209163407,3.4674399012680997e-12,0.00013642728381834
2023-08-31 13:31:15,0.0001381150430368,3.466702205813516e-12,0.0001366644178541
2023-08-31 13:31:16,0.0001379811868554,3.467511299481024e-12,0.0001368778249246
2023-08-31 13:31:17,0.0001373545619135,3.467320907513504e-12,0.00013720600867704
2023-08-31 13:31:18,0.0001371875476834,3.4669401549396765e-12,0.00013751185116596003
2023-08-31 13:31:19,0.0001357086142277,3.4668449733293882e-12,0.00013726939074336
2023-08-31 13:31:20,0.0001356826344238,3.4670353391631588e-12,0.00013678290902075998
2023-08-31 13:31:21,0.0001337631263663,3.466440480637417e-12,0.00013593929692294
2023-08-31 13:31:22,0.0001366227356538,3.467201917842486e-12,0.000135792931671
2023-08-31 13:31:23,0.0001381278386379,3.467130525999922e-12,0.0001359809898619
2023-08-31 13:31:24,0.0001368972408707,3.467249513220869e-12,0.0001362187151905
2023-08-31 13:31:25,0.00013691753388,3.4668211783351085e-12,0.00013646569508174002
2023-08-31 13:31:26,0.0001349063819035,3.4671067290457265e-12,0.00013669434618917997
2023-08-31 13:31:27,0.0001357287310406,3.4672733111550826e-12,0.00013651554526654
2023-08-31 13:31:28,0.0001369327556112,3.467487499913371e-12,0.0001362765286612
2023-08-31 13:31:29,0.0001381576996506,3.466511858271225e-12,0.00013652862041718
2023-08-31 13:31:30,0.0001369361384479,3.466678411799148e-12,0.00013653234133076002
2023-08-31 13:31:31,0.0001369276815128,3.466511858271225e-12,0.00013693660125262
2023-08-31 13:31:32,0.0001356616865918,3.467082932254878e-12,0.00013692319236286002
2023-08-31 13:31:33,0.0001356382288595,3.4667735888365197e-12,0.00013666428701252002
2023-08-31 13:31:34,0.000135662524443,3.466702205813516e-12,0.000136165251971
2023-08-31 13:31:35,0.0001356960427337,3.466963950750554e-12,0.00013591723282815998
2023-08-31 13:31:36,0.0001369141515029,3.466511858271225e-12,0.00013591452682618
2023-08-31 13:31:37,0.000137663691845,3.4670115428623008e-12,0.00013631492787682
2023-08-31 13:31:38,0.0001368862500798,3.4667735888365197e-12,0.00013656453212088
2023-08-31 13:31:39,0.0001356290144317,3.4671067290457265e-12,0.00013655783011862
2023-08-31 13:31:40,0.000136558623114,3.4668449733293882e-12,0.00013673034619468002
2023-08-31 13:31:41,0.0001361947650703,3.466725999991212e-12,0.00013658646890816
2023-08-31 13:31:42,0.0001369183794874,3.466511858271225e-12,0.00013643740643663998
2023-08-31 13:31:43,0.0001370918393105,3.467249513220869e-12,0.00013647852428278
2023-08-31 13:31:44,0.0001368642711451,3.467320907513504e-12,0.00013672557562546
2023-08-31 13:31:45,0.0001365021278017,3.467201917842486e-12,0.000136714276563
2023-08-31 13:31:46,0.0001350639455869,3.467392303276222e-12,0.00013648811266632002
2023-08-31 13:31:47,0.000136835534786,3.4669877467247718e-12,0.00013647154372604
2023-08-31 13:31:48,0.0001376917517335,3.4675826991641118e-12,0.00013659152621064
2023-08-31 13:31:49,0.000136677592627,3.467701701903043e-12,0.00013655419050701998
2023-08-31 13:31:50,0.0001356147751834,3.4670115428623008e-12,0.00013637671998336
2023-08-31 13:31:51,0.0001358369100114,3.466725999991212e-12,0.00013653131286825998
2023-08-31 13:31:52,0.0001368389152209,3.467059135627361e-12,0.00013653198895523998
2023-08-31 13:31:53,0.0001380996898801,3.4666308242603335e-12,0.00013661357658456
2023-08-31 13:31:54,0.0001380536406496,3.467154323117437e-12,0.00013688878618908
2023-08-31 13:31:55,0.0001368684975892,3.4672257154500087e-12,0.00013713953067024
2023-08-31 13:31:56,0.0001359267052709,3.466678411799148e-12,0.00013715748972214
2023-08-31 13:31:57,0.0001344904325515,3.466702205813516e-12,0.00013668779318826
2023-08-31 13:31:58,0.0001356658758995,3.466797383504162e-12,0.00013620103039214
2023-08-31 13:31:59,0.0001357211868863,3.467082932254878e-12,0.00013573453963948
2023-08-31 13:32:00,0.0001372756923109,3.467392303276222e-12,0.00013581597858382
2023-08-31 13:32:01,0.0001368591995844,3.4670353391631588e-12,0.00013600247744651999
2023-08-31 13:32:02,0.0001356474439134,3.4669877467247718e-12,0.0001362338797189
2023-08-31 13:32:03,0.000133392710938,3.4668687684869736e-12,0.0001357792467266
2023-08-31 13:32:04,0.0001354507129641,3.4676064993851786e-12,0.00013572515194215998
2023-08-31 13:32:05,0.0001368566638745,3.467320907513504e-12,0.00013564134625488
2023-08-31 13:32:06,0.0001368794869547,3.467082932254878e-12,0.00013564540372893998
2023-08-31 13:32:07,0.000136876950869,3.466916359292124e-12,0.00013589130512005999
2023-08-31 13:32:08,0.0001375515094617,3.467082932254878e-12,0.0001367230648248
2023-08-31 13:32:09,0.0001364372292182,3.466321521180405e-12,0.00013692036807562002
2023-08-31 13:32:10,0.0001344729907695,3.467392303276222e-12,0.00013644363345461998
2023-08-31 13:32:11,0.0001344522296926,3.4669401549396765e-12,0.0001359581820022
2023-08-31 13:32:12,0.000137446209287,3.4671781203982867e-12,0.00013607203368580002
2023-08-31 13:32:13,0.0001358201324321,3.4668449733293882e-12,0.00013572575827988
2023-08-31 13:32:14,0.0001369336013125,3.467130525999922e-12,0.00013582503269874
2023-08-31 13:32:15,0.0001386252243321,3.466749794332208e-12,0.00013665547941126002
2023-08-31 13:32:16,0.0001356918524945,3.466797383504162e-12,0.00013690340397164
2023-08-31 13:32:17,0.0001356943666225,3.467344705937742e-12,0.00013655303543873997
2023-08-31 13:32:18,0.0001358763454811,3.467130525999922e-12,0.00013656427804854002
2023-08-31 13:32:19,0.0001357312458518,3.467154323117437e-12,0.00013632380695640002
2023-08-31 13:32:20,0.0001375566066772,3.4672971092526225e-12,0.00013611008342542
2023-08-31 13:32:21,0.0001374606408317,3.466963950750554e-12,0.00013646384109286
2023-08-31 13:32:22,0.0001342870857817,3.466797383504162e-12,0.0001361823849247
2023-08-31 13:32:23,0.0001344389442855,3.4666546179480924e-12,0.00013589490468558
2023-08-31 13:32:24,0.0001345768442506,3.466678411799148e-12,0.00013566402436534
2023-08-31 13:32:25,0.0001368549734274,3.466892563807881e-12,0.00013552369771538
2023-08-31 13:32:26,0.0001378968474294,3.4672733111550826e-12,0.00013561093903491998
2023-08-31 13:32:27,0.0001360333617334,3.4669877467247718e-12,0.00013596019422526
2023-08-31 13:32:28,0.0001356792825533,3.4674399012680997e-12,0.00013620826187882
2023-08-31 13:32:29,0.0001350322513427,3.467082932254878e-12,0.00013629934329724
2023-08-31 13:32:30,0.0001356231510307,3.4672971092526225e-12,0.0001360529788179
2023-08-31 13:32:31,0.0001359821225979,3.467082932254878e-12,0.00013567003385160002
2023-08-31 13:32:32,0.0001379147333018,3.466749794332208e-12,0.00013604630816528002
2023-08-31 13:32:33,0.0001368549734274,3.4662739385406738e-12,0.00013628144634009998
2023-08-31 13:32:34,0.0001363689925808,3.467320907513504e-12,0.00013654879458772
2023-08-31 13:32:35,0.0001368591995844,3.466916359292124e-12,0.00013679600429845998
2023-08-31 13:32:36,0.0001361577598992,3.4673685045253096e-12,0.00013683113175872
2023-08-31 13:32:37,0.0001344356231388,3.4669877467247718e-12,0.00013613530972612
2023-08-31 13:32:38,0.0001362115889272,3.4670115428623008e-12,0.00013600663282608002
2023-08-31 13:32:39,0.0001368870954939,3.466725999991212e-12,0.0001361102534087
2023-08-31 13:32:40,0.0001372417838308,3.467344705937742e-12,0.00013618677025798
2023-08-31 13:32:41,0.0001356574974135,3.4668687684869736e-12,0.00013608671776084
2023-08-31 13:32:42,0.0001348289180568,3.467154323117437e-12,0.00013616537674444
2023-08-31 13:32:43,0.0001346134197579,3.467201917842486e-12,0.00013584574291058
2023-08-31 13:32:44,0.0001344298113296,3.4672733111550826e-12,0.00013535428607772002
2023-08-31 13:32:45,0.0001356063998534,3.4669877467247718e-12,0.00013502720928224
2023-08-31 13:32:46,0.0001368811777047,3.467154323117437e-12,0.00013527194534047998
2023-08-31 13:32:47,0.00013691753388,3.4668687684869736e-12,0.00013568966850512
2023-08-31 13:32:48,0.0001360409232401,3.4667735888365197e-12,0.00013597516920156
2023-08-31 13:32:49,0.0001356189630424,3.467154323117437e-12,0.00013621299954412
2023-08-31 13:32:50,0.0001356524705704,3.467201917842486e-12,0.00013622221368752001
2023-08-31 13:32:51,0.0001334874856575,3.4672257154500087e-12,0.00013554347527807998
2023-08-31 13:32:52,0.0001356440929123,3.4667735888365197e-12,0.00013528878708454
2023-08-31 13:32:53,0.0001392748483684,3.466892563807881e-12,0.0001359355721102
2023-08-31 13:32:54,0.0001374878102032,3.467201917842486e-12,0.00013630934154236
2023-08-31 13:32:55,0.0001368507474009,3.4666308242603335e-12,0.00013654899690846
2023-08-31 13:32:56,0.0001352024866435,3.467201917842486e-12,0.00013689199710566002
2023-08-31 13:32:57,0.0001344248299788,3.466797383504162e-12,0.00013664814451896
2023-08-31 13:32:58,0.0001352191879263,3.4665594441769415e-12,0.00013583701243054
2023-08-31 13:32:59,0.0001368938589949,3.4670115428623008e-12,0.00013571822218888
2023-08-31 13:33:00,0.0001368752601713,3.4671067290457265e-12,0.00013572312474295997
2023-08-31 13:33:01,0.0001368811777047,3.4669401549396765e-12,0.0001360588629552
2023-08-31 13:33:02,0.0001369073869994,3.4676541003173946e-12,0.00013655537435932
2023-08-31 13:33:03,0.0001361636464129,3.467082932254878e-12,0.00013674426605664
2023-08-31 13:33:04,0.000134658321467,3.4670353391631588e-12,0.00013629715855106
2023-08-31 13:33:05,0.0001351599077086,3.466963950750554e-12,0.00013595408805851998
2023-08-31 13:33:06,0.0001357002331023,3.4669401549396765e-12,0.00013571789913804
2023-08-31 13:33:07,0.0001369031593544,3.467249513220869e-12,0.00013571705360904
2023-08-31 13:33:08,0.0001367899070869,3.4672733111550826e-12,0.00013584230574384
2023-08-31 13:33:09,0.0001356583352388,3.4670115428623008e-12,0.00013604230849819998
2023-08-31 13:33:10,0.000135701909286,3.4667735888365197e-12,0.00013615070881368
2023-08-31 13:33:11,0.0001346824415289,3.466916359292124e-12,0.000135947150499
2023-08-31 13:33:12,0.0001334718225833,3.466797383504162e-12,0.00013526088314478002
2023-08-31 13:33:13,0.0001367527402112,3.466749794332208e-12,0.00013525344976964
2023-08-31 13:33:14,0.0001369648959344,3.4668449733293882e-12,0.00013551476190876
2023-08-31 13:33:15,0.000136894704456,3.4668211783351085e-12,0.00013575332094276
2023-08-31 13:33:16,0.000132123490632,3.4668449733293882e-12,0.00013524153076338
2023-08-31 13:33:17,0.000134084046468,3.4676064993851786e-12,0.00013536397554032
2023-08-31 13:33:18,0.0001350439273041,3.4668449733293882e-12,0.00013502221295889997
2023-08-31 13:33:19,0.0001356784445986,3.466511858271225e-12,0.00013476492269174002
2023-08-31 13:33:20,0.0001368727241638,3.4673685045253096e-12,0.0001347605266333
2023-08-31 13:33:21,0.0001374988492942,3.4671781203982867e-12,0.00013583559836574
2023-08-31 13:33:22,0.0001357991633721,3.4668449733293882e-12,0.00013617862174656
2023-08-31 13:33:23,0.0001356809584782,3.4674399012680997e-12,0.00013630602798138
2023-08-31 13:33:24,0.0001355201640494,3.4670353391631588e-12,0.00013627437187154002
2023-08-31 13:33:25,0.0001356524705704,3.4668687684869736e-12,0.00013603032115285999
2023-08-31 13:33:26,0.0001356097499233,3.467082932254878e-12,0.00013565250127868
2023-08-31 13:33:27,0.0001370402014826,3.466916359292124e-12,0.00013590070890078
2023-08-31 13:33:28,0.0001368608900837,3.4672733111550826e-12,0.00013613669522188
2023-08-31 13:33:29,0.0001356365534625,3.4670353391631588e-12,0.00013615997310449998
2023-08-31 13:33:30,0.000135640741994,3.467130525999922e-12,0.00013615762738922
2023-08-31 13:33:31,0.0001356122625301,3.466963950750554e-12,0.00013615812991058
2023-08-31 13:33:32,0.0001356239886439,3.467677901028532e-12,0.00013587488734284001
2023-08-31 13:33:33,0.0001356725790608,3.466583237374773e-12,0.00013563722513825998
2023-08-31 13:33:34,0.0001356667137765,3.466511858271225e-12,0.00013564325720106
2023-08-31 13:33:35,0.0001356198006297,3.466916359292124e-12,0.00013563906892820001
2023-08-31 13:33:36,0.0001344198488126,3.4666070307358988e-12,0.00013540058618470002
2023-08-31 13:33:37,0.000134243136946,3.467249513220869e-12,0.00013512441584512
2023-08-31 13:33:38,0.0001344323020742,3.466797383504162e-12,0.00013487636044780003
2023-08-31 13:33:39,0.0001349230466091,3.4672971092526225e-12,0.00013472762701432
2023-08-31 13:33:40,0.000136214953948,3.467130525999922e-12,0.00013484665767798002
2023-08-31 13:33:41,0.000136915842681,3.466797383504162e-12,0.00013534585645165998
2023-08-31 13:33:42,0.000135121514681,3.4662263565541294e-12,0.00013552153199866002
2023-08-31 13:33:43,0.0001354967307882,3.466892563807881e-12,0.00013573441774145998
2023-08-31 13:33:44,0.000135643255175,3.467320907513504e-12,0.00013587845945464
2023-08-31 13:33:45,0.0001356675516588,3.4670115428623008e-12,0.0001357689789968
2023-08-31 13:33:46,0.0001347906190489,3.467249513220869e-12,0.00013534393427038
2023-08-31 13:33:47,0.0001356759307656,3.4671067290457265e-12,0.0001354548174873
2023-08-31 13:33:48,0.0001338242734443,3.467201917842486e-12,0.00013512032601851998
2023-08-31 13:33:49,0.0001356918524945,3.4668449733293882e-12,0.00013513004548242
2023-08-31 13:33:50,0.0001368693428937,3.4666308242603335e-12,0.0001353704037294
2023-08-31 13:33:51,0.0001366598671968,3.4669877467247718e-12,0.00013574425335898
2023-08-31 13:33:52,0.0001335559301163,3.466702205813516e-12,0.00013532025322912
2023-08-31 13:33:53,0.0001344522296926,3.466916359292124e-12,0.00013544584447878002
2023-08-31 13:33:54,0.0001341453402481,3.4674161021904946e-12,0.0001351365420295
2023-08-31 13:33:55,0.0001356030498662,3.467249513220869e-12,0.00013488328342399998
2023-08-31 13:33:56,0.0001368718788385,3.4668687684869736e-12,0.00013492568575234
2023-08-31 13:33:57,0.0001379547719944,3.4673685045253096e-12,0.00013580545412796003
2023-08-31 13:33:58,0.000136835534786,3.4669877467247718e-12,0.00013628211514664
2023-08-31 13:33:59,0.0001368456763414,3.4671067290457265e-12,0.00013682218236529998
2023-08-31 13:34:00,0.0001350147392933,3.4669877467247718e-12,0.00013670452025072
2023-08-31 13:34:01,0.0001343542806697,3.467154323117437e-12,0.00013620100061696
2023-08-31 13:34:02,0.0001355946752603,3.466702205813516e-12,0.00013572898127014
2023-08-31 13:34:03,0.0001355787649339,3.466892563807881e-12,0.00013547762729971999
2023-08-31 13:34:04,0.0001368389152209,3.4671781203982867e-12,0.00013547627507561999
2023-08-31 13:34:05,0.0001339896757163,3.4670353391631588e-12,0.00013527126236022
2023-08-31 13:34:06,0.0001344414351993,3.4668687684869736e-12,0.00013528869326613998
2023-08-31 13:34:07,0.000134410717154,3.4669401549396765e-12,0.00013505190164487998
2023-08-31 13:34:08,0.0001335674784233,3.466916359292124e-12,0.00013464964434276
2023-08-31 13:34:09,0.0001354666082634,3.4666070307358988e-12,0.00013437518295126002
2023-08-31 13:34:10,0.0001368828684755,3.4674399012680997e-12,0.0001349538215031
2023-08-31 13:34:11,0.0001356742549029,3.466702205813516e-12,0.00013520038544382
2023-08-31 13:34:12,0.0001332420342304,3.4668449733293882e-12,0.0001349666488591
2023-08-31 13:34:13,0.0001344713297654,3.467201917842486e-12,0.00013514741912752
2023-08-31 13:34:14,0.0001356549839687,3.467201917842486e-12,0.00013518509426858
2023-08-31 13:34:15,0.0001359737245812,3.466892563807881e-12,0.00013500326548972002
2023-08-31 13:34:16,0.0001364085825219,3.4668211783351085e-12,0.00013515013101352
2023-08-31 13:34:17,0.0001361300126194,3.4668211783351085e-12,0.00013572772669132
2023-08-31 13:34:18,0.0001350547701723,3.466963950750554e-12,0.0001358444147727
2023-08-31 13:34:19,0.0001344223393727,3.4666070307358988e-12,0.00013559788585349998
2023-08-31 13:34:20,0.0001344812960979,3.4666070307358988e-12,0.00013529940015684
2023-08-31 13:34:21,0.0001344331323327,3.4666546179480924e-12,0.00013490431011900001
2023-08-31 13:34:22,0.0001348788896391,3.466797383504162e-12,0.00013465408552294002
2023-08-31 13:34:23,0.000136547659509,3.4670353391631588e-12,0.00013495266339028
2023-08-31 13:34:24,0.0001357991633721,3.4669401549396765e-12,0.00013522802819016002
2023-08-31 13:34:25,0.0001354975676206,3.466725999991212e-12,0.0001354312824947
2023-08-31 13:34:26,0.0001347373515695,3.4669401549396765e-12,0.00013549212634206
2023-08-31 13:34:27,0.0001344563816515,3.466749794332208e-12,0.00013540762474454
2023-08-31 13:34:28,0.0001341097201826,3.4669877467247718e-12,0.00013492003687926002
2023-08-31 13:34:29,0.0001344406048896,3.4667735888365197e-12,0.00013464832518276
2023-08-31 13:34:30,0.0001357069379612,3.466345312745206e-12,0.00013469019925088
2023-08-31 13:34:31,0.0001349305463982,3.467082932254878e-12,0.00013472883821662
2023-08-31 13:34:32,0.0001358662757623,3.4670353391631588e-12,0.00013501081703878
2023-08-31 13:34:33,0.0001356734169792,3.4666308242603335e-12,0.0001353235563981
2023-08-31 13:34:34,0.0001328845510657,3.4672733111550826e-12,0.00013501234563331998
2023-08-31 13:34:35,0.00013463503723,3.466963950750554e-12,0.00013479796548708
2023-08-31 13:34:36,0.0001363327820614,3.4672971092526225e-12,0.00013507841261972
2023-08-31 13:34:37,0.0001357035854903,3.4670353391631588e-12,0.00013504587456532
2023-08-31 13:34:38,0.0001356633622994,3.4676064993851786e-12,0.00013504386362936
2023-08-31 13:34:39,0.0001359107559851,3.4670115428623008e-12,0.00013564910461324
2023-08-31 13:34:40,0.0001368963953939,3.4670115428623008e-12,0.00013610137624601998
2023-08-31 13:34:41,0.0001350430932734,3.4672733111550826e-12,0.00013584343848842
2023-08-31 13:34:42,0.0001344646859541,3.4668449733293882e-12,0.00013559565858118
2023-08-31 13:34:43,0.0001338953713843,3.4668687684869736e-12,0.00013524206039816
2023-08-31 13:34:44,0.0001366033299991,3.467344705937742e-12,0.00013538057520096
2023-08-31 13:34:45,0.0001369031593544,3.4668211783351085e-12,0.00013538192799306
2023-08-31 13:34:46,0.000135817615974,3.466749794332208e-12,0.00013553683253318
2023-08-31 13:34:47,0.0001344738212793,3.466963950750554e-12,0.00013553865959822
2023-08-31 13:34:48,0.0001344256601912,3.467130525999922e-12,0.0001356447173596
2023-08-31 13:34:49,0.0001343858157833,3.467320907513504e-12,0.00013520121451643998
2023-08-31 13:34:50,0.000135972884808,3.466892563807881e-12,0.00013501515960716
2023-08-31 13:34:51,0.0001365679006981,3.4666546179480924e-12,0.00013516521655197999
2023-08-31 13:34:52,0.0001345660397527,3.466725999991212e-12,0.00013518366024666
2023-08-31 13:34:53,0.0001338391512839,3.466678411799148e-12,0.0001350663584652
2023-08-31 13:34:54,0.0001345469262274,3.4672971092526225e-12,0.00013509858055402
2023-08-31 13:34:55,0.0001357203486728,3.467201917842486e-12,0.00013504807332697998
2023-08-31 13:34:56,0.0001353219461843,3.4669877467247718e-12,0.00013479888242422
2023-08-31 13:34:57,0.0001344738212793,3.4671781203982867e-12,0.00013478043872953998
2023-08-31 13:34:58,0.0001362427185413,3.466916359292124e-12,0.00013526115218102
2023-08-31 13:34:59,0.0001356122625301,3.4668211783351085e-12,0.00013547421944156
2023-08-31 13:35:00,0.0001356164503115,3.4666070307358988e-12,0.0001354534397693
2023-08-31 13:35:01,0.0001356114249893,3.4668211783351085e-12,0.0001355113355303
2023-08-31 13:35:02,0.0001356574974135,3.4671781203982867e-12,0.00013574807075714
2023-08-31 13:35:03,0.0001344372837019,3.4668211783351085e-12,0.00013538698378926
2023-08-31 13:35:04,0.0001336574244009,3.467154323117437e-12,0.00013499601616342
2023-08-31 13:35:05,0.0001329009660187,3.466916359292124e-12,0.00013445291930486
2023-08-31 13:35:06,0.0001355519728146,3.467392303276222e-12,0.00013444102886991997
2023-08-31 13:35:07,0.0001368794869547,3.4667735888365197e-12,0.00013468542677816001
2023-08-31 13:35:08,0.0001361098363312,3.4668449733293882e-12,0.00013501993730402002
2023-08-31 13:35:09,0.0001349197135033,3.4669401549396765e-12,0.0001352723951245
2023-08-31 13:35:10,0.0001332691928558,3.4665356511424307e-12,0.00013534604049192
2023-08-31 13:35:11,0.0001356156127449,3.467130525999922e-12,0.00013535876847798
2023-08-31 13:35:12,0.0001359569301035,3.467201917842486e-12,0.00013517425710774002
2023-08-31 13:35:13,0.0001367992003841,3.467130525999922e-12,0.00013531212991832
2023-08-31 13:35:14,0.0001356650380276,3.4672257154500087e-12,0.00013546119482318
2023-08-31 13:35:15,0.0001342000313124,3.4666546179480924e-12,0.0001356473625145
2023-08-31 13:35:16,0.0001342622073154,3.4670115428623008e-12,0.0001353766814286
2023-08-31 13:35:17,0.000135121514681,3.4672257154500087e-12,0.0001352095983441
2023-08-31 13:35:18,0.0001371197826388,3.4666308242603335e-12,0.00013527371479504002
2023-08-31 13:35:19,0.0001373689838354,3.466892563807881e-12,0.0001356145039566
2023-08-31 13:35:20,0.0001331976047812,3.4666546179480924e-12,0.00013541401865036
2023-08-31 13:35:21,0.0001338565108539,3.4671067290457265e-12,0.00013533287935806
2023-08-31 13:35:22,0.0001356390665658,3.4670353391631588e-12,0.00013543638973502
2023-08-31 13:35:23,0.000135685986377,3.466963950750554e-12,0.00013514963048266
2023-08-31 13:35:24,0.0001356541461641,3.4671781203982867e-12,0.00013480666294840002
2023-08-31 13:35:25,0.0001357002331023,3.466749794332208e-12,0.00013530718861262
2023-08-31 13:35:26,0.0001360728542359,3.4665356511424307e-12,0.00013575045728901998
2023-08-31 13:35:27,0.0001358780238401,3.4671781203982867e-12,0.00013579824874387998
2023-08-31 13:35:28,0.0001335072732206,3.467511299481024e-12,0.0001353625061126
2023-08-31 13:35:29,0.0001356801205132,3.467154323117437e-12,0.00013536770098242
2023-08-31 13:35:30,0.0001363732037304,3.4671067290457265e-12,0.00013550229510804002
2023-08-31 13:35:31,0.0001344406048896,3.4668687684869736e-12,0.00013517584523878003
2023-08-31 13:35:32,0.000134488771332,3.466963950750554e-12,0.00013489799473716003
2023-08-31 13:35:33,0.0001344455868249,3.466963950750554e-12,0.00013508565745802
2023-08-31 13:35:34,0.0001344273206312,3.4669401549396765e-12,0.00013483509748161998
2023-08-31 13:35:35,0.0001310750370558,3.4667735888365197e-12,0.0001337754641467
2023-08-31 13:35:36,0.0001349347131278,3.466749794332208e-12,0.00013387428579434002
2023-08-31 13:35:37,0.000135662524443,3.466916359292124e-12,0.00013410903641654002
2023-08-31 13:35:38,0.0001342904032589,3.4669401549396765e-12,0.00013407799970334002
2023-08-31 13:35:39,0.0001344572120587,3.467082932254878e-12,0.00013408397798884001
2023-08-31 13:35:40,0.0001332338054367,3.4669877467247718e-12,0.00013451573166502
2023-08-31 13:35:41,0.0001350064010204,3.466725999991212e-12,0.00013453006924354
2023-08-31 13:35:42,0.0001368718788385,3.4670115428623008e-12,0.00013477194012264
2023-08-31 13:35:43,0.0001343974358488,3.467059135627361e-12,0.00013479334664061998
2023-08-31 13:35:44,0.0001332272227676,3.466725999991212e-12,0.00013454734878239999
2023-08-31 13:35:45,0.0001334075407989,3.466702205813516e-12,0.00013458209585484002
2023-08-31 13:35:46,0.000135660010905,3.4672257154500087e-12,0.00013471281783176
2023-08-31 13:35:47,0.0001380647251719,3.466963950750554e-12,0.00013495138709844002
2023-08-31 13:35:48,0.0001356147751834,3.4669401549396765e-12,0.00013519485496536
2023-08-31 13:35:49,0.0001338391512839,3.466583237374773e-12,0.00013531724066862
2023-08-31 13:35:50,0.0001344248299788,3.4668687684869736e-12,0.0001355206985046
2023-08-31 13:35:51,0.0001355184901106,3.466250147465756e-12,0.00013549239434572
2023-08-31 13:35:52,0.0001361602826597,3.466892563807881e-12,0.00013511150584328
2023-08-31 13:35:53,0.0001349930608549,3.4674161021904946e-12,0.00013498716297757999
2023-08-31 13:35:54,0.0001342862564252,3.4674399012680997e-12,0.00013507658400583998
2023-08-31 13:35:55,0.0001334569855767,3.4666546179480924e-12,0.00013488301512542002
2023-08-31 13:35:56,0.0001338829678618,3.4668449733293882e-12,0.00013455591067566
2023-08-31 13:35:57,0.0001347914515203,3.466797383504162e-12,0.00013428214444778002
2023-08-31 13:35:58,0.0001344638555007,3.4665594441769415e-12,0.00013417630337694
2023-08-31 13:35:59,0.0001332667236611,3.467130525999922e-12,0.00013397239682412
2023-08-31 13:36:00,0.0001333218799087,3.466702205813516e-12,0.00013394537569052
2023-08-31 13:36:01,0.0001347939489655,3.4670115428623008e-12,0.00013412757191126
2023-08-31 13:36:02,0.000136270488794,3.4672733111550826e-12,0.00013442337936599998
2023-08-31 13:36:03,0.0001332938873189,3.466702205813516e-12,0.00013418938572964001
2023-08-31 13:36:04,0.0001332609623848,3.467201917842486e-12,0.00013418823347438
2023-08-31 13:36:05,0.0001337804760756,3.4668211783351085e-12,0.00013427995270776002
2023-08-31 13:36:06,0.0001356306897356,3.466916359292124e-12,0.00013444730086178
2023-08-31 13:36:07,0.0001356424174428,3.4669877467247718e-12,0.00013432168659154001
2023-08-31 13:36:08,0.0001356164503115,3.467987325139505e-12,0.00013478619919006
2023-08-31 13:36:09,0.0001353420056794,3.4667735888365197e-12,0.00013520240784898
2023-08-31 13:36:10,0.0001331647036299,3.466963950750554e-12,0.00013507925335983997
2023-08-31 13:36:11,0.000133240388431,3.466963950750554e-12,0.00013460119309892
2023-08-31 13:36:12,0.0001329469386753,3.4670115428623008e-12,0.00013406209734541998
2023-08-31 13:36:13,0.000135031417384,3.466678411799148e-12,0.00013394509075992
2023-08-31 13:36:14,0.0001354264553136,3.4672733111550826e-12,0.00013396198068676
2023-08-31 13:36:15,0.0001332749544879,3.466892563807881e-12,0.00013398403085836003
2023-08-31 13:36:16,0.0001344331323327,3.467130525999922e-12,0.0001342225796387
2023-08-31 13:36:17,0.0001332272227676,3.4668687684869736e-12,0.00013427863645716
2023-08-31 13:36:18,0.0001341759976445,3.467082932254878e-12,0.00013410755250925998
2023-08-31 13:36:19,0.0001363538335187,3.4669877467247718e-12,0.00013429302815027997
2023-08-31 13:36:20,0.0001343990959402,3.4674399012680997e-12,0.00013451785644074
2023-08-31 13:36:21,0.0001331753956125,3.4670115428623008e-12,0.0001342663090967
2023-08-31 13:36:22,0.0001332157038793,3.4668449733293882e-12,0.00013426400531904
2023-08-31 13:36:23,0.0001344331323327,3.4671781203982867e-12,0.00013431543225668
2023-08-31 13:36:24,0.000135225869017,3.4674399012680997e-12,0.00013408983935634
2023-08-31 13:36:25,0.0001356457684025,3.466678411799148e-12,0.00013433917384880002
2023-08-31 13:36:26,0.0001337408229034,3.4669877467247718e-12,0.00013445225930698
2023-08-31 13:36:27,0.0001332370968932,3.4671781203982867e-12,0.00013445653790976
2023-08-31 13:36:28,0.0001332527324221,3.467344705937742e-12,0.00013422045792763998
2023-08-31 13:36:29,0.0001335551052755,3.4669401549396765e-12,0.00013388630517934002
2023-08-31 13:36:30,0.0001355988624986,3.467154323117437e-12,0.00013387692399856001
2023-08-31 13:36:31,0.0001359317422764,3.467130525999922e-12,0.00013431510787316
2023-08-31 13:36:32,0.0001344439261593,3.466892563807881e-12,0.00013455647372637999
2023-08-31 13:36:33,0.0001332370968932,3.466725999991212e-12,0.00013455334662060002
2023-08-31 13:36:34,0.0001344613641715,3.4666308242603335e-12,0.0001347345983998
2023-08-31 13:36:35,0.0001328500862634,3.466916359292124e-12,0.00013418484315276
2023-08-31 13:36:36,0.0001355703918278,3.467059135627361e-12,0.00013411257306304
2023-08-31 13:36:37,0.0001350164070097,3.466892563807881e-12,0.00013422706923312
2023-08-31 13:36:38,0.0001342116353135,3.4668687684869736e-12,0.00013442197691718
2023-08-31 13:36:39,0.0001329551497516,3.4668449733293882e-12,0.0001341207340332
2023-08-31 13:36:40,0.0001355285340533,3.467249513220869e-12,0.00013465642359118002
2023-08-31 13:36:41,0.0001362974229295,3.467154323117437e-12,0.00013480182981152
2023-08-31 13:36:42,0.0001344223393727,3.466797383504162e-12,0.00013468301628412
2023-08-31 13:36:43,0.0001331893787314,3.467630299769615e-12,0.0001344785649677
2023-08-31 13:36:44,0.0001344381139911,3.466916359292124e-12,0.0001347751578156
2023-08-31 13:36:45,0.0001344497385787,3.4667735888365197e-12,0.00013455939872068
2023-08-31 13:36:46,0.0001384677819407,3.466963950750554e-12,0.00013499347052292
2023-08-31 13:36:47,0.0001357270545256,3.4668211783351085e-12,0.0001352544135535
2023-08-31 13:36:48,0.0001344538904608,3.4668687684869736e-12,0.00013550731589938
2023-08-31 13:36:49,0.0001330849520835,3.466797383504162e-12,0.00013523668351786
2023-08-31 13:36:50,0.00013323791977,3.4668449733293882e-12,0.00013499431975612
2023-08-31 13:36:51,0.0001332321597389,3.4672257154500087e-12,0.00013394719531576
2023-08-31 13:36:52,0.0001334174282887,3.467154323117437e-12,0.00013348527006837999
2023-08-31 13:36:53,0.0001353645761656,3.467154323117437e-12,0.00013366740720934002
2023-08-31 13:36:54,0.0001368870954939,3.4670115428623008e-12,0.00013442783589142
2023-08-31 13:36:55,0.000135762265689,3.467082932254878e-12,0.00013493270507522
2023-08-31 13:36:56,0.0001344248299788,3.4669877467247718e-12,0.0001351712391232
2023-08-31 13:36:57,0.0001334982035568,3.4674399012680997e-12,0.00013518739417682
2023-08-31 13:36:58,0.0001344555512495,3.467320907513504e-12,0.0001350055891936
2023-08-31 13:36:59,0.0001343227529562,3.467249513220869e-12,0.00013449272068606
2023-08-31 13:37:00,0.0001344140376854,3.467392303276222e-12,0.00013422307508534
2023-08-31 13:37:01,0.0001344065666052,3.4666546179480924e-12,0.00013421942241062
2023-08-31 13:37:02,0.000135643255175,3.4669401549396765e-12,0.00013464843273425998
2023-08-31 13:37:03,0.000134434792865,3.4669877467247718e-12,0.00013464428105736
2023-08-31 13:37:04,0.0001344472475111,3.4669401549396765e-12,0.00013466917996834
2023-08-31 13:37:05,0.0001315827783162,3.466725999991212e-12,0.0001341029280945
2023-08-31 13:37:06,0.0001327574039041,3.4671781203982867e-12,0.00013377309555428
2023-08-31 13:37:07,0.0001351081631409,3.467059135627361e-12,0.00013366607714745997
2023-08-31 13:37:08,0.0001360921845321,3.4669877467247718e-12,0.00013399755548088003
2023-08-31 13:37:09,0.0001333564671067,3.4671781203982867e-12,0.0001337793994
2023-08-31 13:37:10,0.0001338135293665,3.466583237374773e-12,0.00013422554961006
2023-08-31 13:37:11,0.0001345070458758,3.466749794332208e-12,0.0001345754780044
2023-08-31 13:37:12,0.0001346076002624,3.467201917842486e-12,0.00013447536542870002
2023-08-31 13:37:13,0.0001350981503517,3.466583237374773e-12,0.00013427655859262
2023-08-31 13:37:14,0.0001332831858231,3.467082932254878e-12,0.0001342619023359
2023-08-31 13:37:15,0.000133216526624,3.4670115428623008e-12,0.0001341425017874
2023-08-31 13:37:16,0.0001338556841567,3.4663691044733186e-12,0.00013401222944358
2023-08-31 13:37:17,0.000135640741994,3.466963950750554e-12,0.0001342188577899
2023-08-31 13:37:18,0.0001356332027304,3.466916359292124e-12,0.00013432586826564002
2023-08-31 13:37:19,0.000134738183712,3.466797383504162e-12,0.00013461686784341998
2023-08-31 13:37:20,0.0001344721602649,3.4670353391631588e-12,0.0001348679945716
2023-08-31 13:37:21,0.0001348780566276,3.466916359292124e-12,0.00013507246906578
2023-08-31 13:37:22,0.0001347356873,3.466725999991212e-12,0.00013489145812698
2023-08-31 13:37:23,0.000136269647188,3.46774930414212e-12,0.0001350187470185
2023-08-31 13:37:24,0.0001356399042773,3.466678411799148e-12,0.00013519909113156003
2023-08-31 13:37:25,0.0001344314718209,3.4670353391631588e-12,0.00013519095344276
2023-08-31 13:37:26,0.0001333877680174,3.4668449733293882e-12,0.00013489289572072
2023-08-31 13:37:27,0.0001332535553955,3.467558899106401e-12,0.00013459646933982
2023-08-31 13:37:28,0.0001354590786786,3.4669877467247718e-12,0.00013443435563794
2023-08-31 13:37:29,0.0001356097499233,3.466749794332208e-12,0.00013442832476714
2023-08-31 13:37:30,0.0001344281508589,3.467130525999922e-12,0.00013442766057474001
2023-08-31 13:37:31,0.0001332099448086,3.4671067290457265e-12,0.00013439209593298
2023-08-31 13:37:32,0.0001344281508589,3.4672257154500087e-12,0.00013462701502565998
2023-08-31 13:37:33,0.0001344123774094,3.4666070307358988e-12,0.00013441767477182
2023-08-31 13:37:34,0.0001344123774094,3.4670353391631588e-12,0.00013417820026904
2023-08-31 13:37:35,0.0001343941157276,3.4668211783351085e-12,0.00013417139324278
2023-08-31 13:37:36,0.0001343783462718,3.4669877467247718e-12,0.00013440507353541998
2023-08-31 13:37:37,0.0001344788044455,3.467082932254878e-12,0.00013441520425274003
2023-08-31 13:37:38,0.0001345111995275,3.4663928963647135e-12,0.00013443496867636
2023-08-31 13:37:39,0.0001344439261593,3.467630299769615e-12,0.00013444127842634
2023-08-31 13:37:40,0.0001321504212655,3.467796907034662e-12,0.00013399253953392
2023-08-31 13:37:41,0.0001334545129026,3.467082932254878e-12,0.00013380777286008003
2023-08-31 13:37:42,0.000133535310623,3.467130525999922e-12,0.00013361907409557998
2023-08-31 13:37:43,0.0001342622073154,3.466250147465756e-12,0.00013356927565316001
2023-08-31 13:37:44,0.0001355904881513,3.467082932254878e-12,0.00013379858805156002
2023-08-31 13:37:45,0.0001356022123823,3.4674161021904946e-12,0.00013448894627492
2023-08-31 13:37:46,0.0001361039521438,3.4674399012680997e-12,0.00013501883412316
2023-08-31 13:37:47,0.0001345677019266,3.466725999991212e-12,0.00013522531238388001
2023-08-31 13:37:48,0.0001331902013135,3.4672971092526225e-12,0.00013501091118349999
2023-08-31 13:37:49,0.000134893051621,3.466892563807881e-12,0.00013487142387744
2023-08-31 13:37:50,0.0001355946752603,3.466678411799148e-12,0.00013486991645304
2023-08-31 13:37:51,0.0001350380891972,3.4674161021904946e-12,0.00013465674386372003
2023-08-31 13:37:52,0.0001343692174326,3.4670353391631588e-12,0.00013461704696492
2023-08-31 13:37:53,0.0001343775163517,3.466440480637417e-12,0.00013485450997256
2023-08-31 13:37:54,0.000133261785409,3.4666308242603335e-12,0.00013452825673016
2023-08-31 13:37:55,0.000134414867831,3.4664880655633097e-12,0.0001342922952443
2023-08-31 13:37:56,0.0001352693041541,3.4670353391631588e-12,0.00013433853823568002
2023-08-31 13:37:57,0.0001352450789918,3.4666070307358988e-12,0.00013451371054752002
2023-08-31 13:37:58,0.0001344231695696,3.466678411799148e-12,0.0001345228411911
2023-08-31 13:37:59,0.000134470499271,3.466749794332208e-12,0.0001347645839635
2023-08-31 13:38:00,0.0001342389915719,3.4668211783351085e-12,0.00013472940871168
2023-08-31 13:38:01,0.0001343758565269,3.4672257154500087e-12,0.00013455071918624
2023-08-31 13:38:02,0.0001343941157276,3.4668449733293882e-12,0.0001343805265334
2023-08-31 13:38:03,0.0001349188802397,3.4668449733293882e-12,0.00013447966866742003
2023-08-31 13:38:04,0.0001353353188506,3.467201917842486e-12,0.00013465263258334
2023-08-31 13:38:05,0.0001332008953434,3.466725999991212e-12,0.00013444501333763998
2023-08-31 13:38:06,0.0001345868184033,3.466963950750554e-12,0.00013448720571291998
2023-08-31 13:38:07,0.00013664636365,3.466749794332208e-12,0.00013493765529740001
2023-08-31 13:38:08,0.0001349555487061,3.4668449733293882e-12,0.00013494498899068
2023-08-31 13:38:09,0.0001339243174058,3.4672733111550826e-12,0.00013466278870172
2023-08-31 13:38:10,0.0001329379070771,3.4667735888365197e-12,0.00013461019104846
2023-08-31 13:38:11,0.0001343741967225,3.4671067290457265e-12,0.0001345676667123
2023-08-31 13:38:12,0.0001347564921463,3.466963950750554e-12,0.00013418969241156
2023-08-31 13:38:13,0.0001350497656634,3.466749794332208e-12,0.00013420853580301998
2023-08-31 13:38:14,0.0001356114249893,3.4666308242603335e-12,0.00013454595731972
2023-08-31 13:38:15,0.0001355687172687,3.467249513220869e-12,0.00013507211935804
2023-08-31 13:38:16,0.0001343542806697,3.4670353391631588e-12,0.00013506813614748
2023-08-31 13:38:17,0.0001334924322733,3.4668687684869736e-12,0.00013481532417288
2023-08-31 13:38:18,0.0001338771799445,3.4672733111550826e-12,0.0001345808070291
2023-08-31 13:38:19,0.000133353996295,3.466749794332208e-12,0.00013412932129024
2023-08-31 13:38:20,0.0001336178077018,3.4668211783351085e-12,0.00013373913937686
2023-08-31 13:38:21,0.0001355812769666,3.4674637005090537e-12,0.00013398453863624002
2023-08-31 13:38:22,0.0001355335563038,3.4672733111550826e-12,0.00013439276344234
2023-08-31 13:38:23,0.0001343783462718,3.4667735888365197e-12,0.0001344929967078
2023-08-31 13:38:24,0.0001340484426781,3.4668687684869736e-12,0.00013463188598442
2023-08-31 13:38:25,0.0001344323020742,3.466702205813516e-12,0.00013479478485889997
2023-08-31 13:38:26,0.000134410717154,3.4666308242603335e-12,0.00013456067289637999
2023-08-31 13:38:27,0.0001343899656914,3.4666308242603335e-12,0.00013433195477389998
2023-08-31 13:38:28,0.0001346707968217,3.4674637005090537e-12,0.00013439044488388
2023-08-31 13:38:29,0.000135608074878,3.467344705937742e-12,0.00013470237132385998
2023-08-31 13:38:30,0.0001344239997717,3.4668211783351085e-12,0.00013470071086336
2023-08-31 13:38:31,0.0001343708771754,3.4669401549396765e-12,0.00013469274286764
2023-08-31 13:38:32,0.0001337846072904,3.4673685045253096e-12,0.00013457167118744
2023-08-31 13:38:33,0.0001332140584051,3.4669401549396765e-12,0.00013428032350412
2023-08-31 13:38:34,0.0001344298113296,3.467154323117437e-12,0.00013404467079444
2023-08-31 13:38:35,0.0001344256601912,3.467154323117437e-12,0.00013404500287834002
2023-08-31 13:38:36,0.0001343874757312,3.466702205813516e-12,0.0001340483225895
2023-08-31 13:38:37,0.0001336285360648,3.4668687684869736e-12,0.00013401710834438002
2023-08-31 13:38:38,0.0001344049064215,3.4667735888365197e-12,0.00013425527794766
2023-08-31 13:38:39,0.0001344472475111,3.4668449733293882e-12,0.00013425876518396
2023-08-31 13:38:40,0.0001331597691582,3.4672971092526225e-12,0.00013400558697735998
2023-08-31 13:38:41,0.000134348472377,3.4668449733293882e-12,0.00013399778630652002
2023-08-31 13:38:42,0.000135068116436,3.466797383504162e-12,0.00013428570238076
2023-08-31 13:38:43,0.0001346292167999,3.4672257154500087e-12,0.00013433056445643997
2023-08-31 13:38:44,0.0001331704607446,3.4669877467247718e-12,0.00013407520710314002
2023-08-31 13:38:45,0.0001340906714722,3.466797383504162e-12,0.00013426138756594
2023-08-31 13:38:46,0.0001356005374301,3.466511858271225e-12,0.00013451180057656
2023-08-31 13:38:47,0.0001356030498662,3.466702205813516e-12,0.00013461878726259998
2023-08-31 13:38:48,0.0001353227819372,3.4672733111550826e-12,0.00013475750029006
2023-08-31 13:38:49,0.0001346824415289,3.4666546179480924e-12,0.00013505989644692001
2023-08-31 13:38:50,0.0001336466937185,3.4665594441769415e-12,0.00013497110089618
2023-08-31 13:38:51,0.000133211590232,3.4665356511424307e-12,0.00013449331145656
2023-08-31 13:38:52,0.0001332346282932,3.467082932254878e-12,0.00013401962714196
2023-08-31 13:38:53,0.0001338622978776,3.466702205813516e-12,0.00013372753033004
2023-08-31 13:38:54,0.0001356198006297,3.466797383504162e-12,0.0001339150021502
2023-08-31 13:38:55,0.000135613100076,3.4671781203982867e-12,0.0001343082834217
2023-08-31 13:38:56,0.0001345967932952,3.467201917842486e-12,0.00013458532403434
2023-08-31 13:38:57,0.0001332502635324,3.466963950750554e-12,0.00013458845108218
2023-08-31 13:38:58,0.0001335938783034,3.466725999991212e-12,0.00013453476716734
2023-08-31 13:38:59,0.0001330734454959,3.4668211783351085e-12,0.00013402549614058
2023-08-31 13:39:00,0.0001342050043329,3.4670115428623008e-12,0.00013374387699195998
2023-08-31 13:39:01,0.0001345361241314,3.4665594441769415e-12,0.0001337317431592
2023-08-31 13:39:02,0.0001356373911584,3.467130525999922e-12,0.00013420916868440001
2023-08-31 13:39:03,0.0001344381139911,3.4669401549396765e-12,0.00013437801582194
2023-08-31 13:39:04,0.0001344389442855,3.466749794332208e-12,0.00013465111557986
2023-08-31 13:39:05,0.0001345286462653,3.466725999991212e-12,0.00013471584396634
2023-08-31 13:39:06,0.000134459703311,3.467201917842486e-12,0.00013470055980226002
2023-08-31 13:39:07,0.0001344605337387,3.467487499913371e-12,0.00013446518831831998
2023-08-31 13:39:08,0.0001344007560521,3.466797383504162e-12,0.00013445771673052
2023-08-31 13:39:09,0.0001344588728884,3.467130525999922e-12,0.0001344617024511
2023-08-31 13:39:10,0.0001344489082177,3.4666308242603335e-12,0.00013444575484158
2023-08-31 13:39:11,0.0001339938133913,3.4670115428623008e-12,0.00013435257685764
2023-08-31 13:39:12,0.0001349563821962,3.4672971092526225e-12,0.00013445174654914
2023-08-31 13:39:13,0.0001343874757312,3.466963950750554e-12,0.00013444909048496
2023-08-31 13:39:14,0.000134395775778,3.467249513220869e-12,0.00013443647106287999
2023-08-31 13:39:15,0.0001343758565269,3.466797383504162e-12,0.00013442186072471998
2023-08-31 13:39:16,0.0001343874757312,3.466725999991212e-12,0.0001345005931927
2023-08-31 13:39:17,0.0001346416894583,3.4668687684869736e-12,0.00013443765464512001
2023-08-31 13:39:18,0.0001340641734194,3.4666546179480924e-12,0.00013437299418276
2023-08-31 13:39:19,0.0001332420342304,3.467344705937742e-12,0.00013414224587323997
2023-08-31 13:39:20,0.000134297867882,3.4667735888365197e-12,0.00013412664814426
2023-08-31 13:39:21,0.0001347939489655,3.467249513220869e-12,0.00013420794279112
2023-08-31 13:39:22,0.0001355762529478,3.467059135627361e-12,0.00013439485548901998
2023-08-31 13:39:23,0.000133185265897,3.467130525999922e-12,0.00013421907398454
2023-08-31 13:39:24,0.0001332395655389,3.4666070307358988e-12,0.00013421858024624
2023-08-31 13:39:25,0.000133216526624,3.4669401549396765e-12,0.00013400231199463998
2023-08-31 13:39:26,0.0001328418816757,3.4672257154500087e-12,0.00013361189853668
2023-08-31 13:39:27,0.0001344132075448,3.466725999991212e-12,0.00013337928945608
2023-08-31 13:39:28,0.0001355938378282,3.466749794332208e-12,0.00013386100384232
2023-08-31 13:39:29,0.0001359124347691,3.4670353391631588e-12,0.00013439557768836
2023-08-31 13:39:30,0.0001344082268093,3.4668687684869736e-12,0.00013463391772542001
2023-08-31 13:39:31,0.0001336310119633,3.467344705937742e-12,0.00013479174378294001
2023-08-31 13:39:32,0.0001343617488436,3.4671067290457265e-12,0.0001347814520427
2023-08-31 13:39:33,0.0001326336549492,3.466892563807881e-12,0.0001341894154669
2023-08-31 13:39:34,0.000132613996868,3.466702205813516e-12,0.00013352972788667998
2023-08-31 13:39:35,0.0001355184901106,3.4668687684869736e-12,0.00013375178054694
2023-08-31 13:39:36,0.0001348405764364,3.466464273018712e-12,0.00013399369344155998
2023-08-31 13:39:37,0.0001348663950075,3.467630299769615e-12,0.00013409462267434
2023-08-31 13:39:38,0.0001343924556977,3.466702205813516e-12,0.00013444638282404
2023-08-31 13:39:39,0.0001344032462584,3.466702205813516e-12,0.00013480423270212
2023-08-31 13:39:40,0.0001344190186362,3.4667735888365197e-12,0.00013458433840723999
2023-08-31 13:39:41,0.0001332527324221,3.4664166884194082e-12,0.00013426676960438003
2023-08-31 13:39:42,0.0001350205763907,3.4668211783351085e-12,0.00013429760588102
2023-08-31 13:39:43,0.0001344073967047,3.4666308242603335e-12,0.00013430059408242
2023-08-31 13:39:44,0.0001343667278568,3.4668449733293882e-12,0.0001342932904021
2023-08-31 13:39:45,0.000132489563329,3.4665594441769415e-12,0.00013390739934066
2023-08-31 13:39:46,0.000134216608764,3.4668449733293882e-12,0.00013410017460904002
2023-08-31 13:39:47,0.0001337771711955,3.4667735888365197e-12,0.00013385149357
2023-08-31 13:39:48,0.0001356114249893,3.4668687684869736e-12,0.00013409229922692
2023-08-31 13:39:49,0.0001342381625125,3.4670115428623008e-12,0.00013406658615805998
2023-08-31 13:39:50,0.0001331523677935,3.4667735888365197e-12,0.00013419914705096
2023-08-31 13:39:51,0.000134355940228,3.467249513220869e-12,0.00013422701334376
2023-08-31 13:39:52,0.0001343932857101,3.4671781203982867e-12,0.00013435023624667997
2023-08-31 13:39:53,0.0001338556841567,3.467154323117437e-12,0.00013399908808016
2023-08-31 13:39:54,0.0001344073967047,3.467154323117437e-12,0.0001340329349186
2023-08-31 13:39:55,0.0001344447564896,3.466464273018712e-12,0.00013429141265782
2023-08-31 13:39:56,0.0001344605337387,3.4669401549396765e-12,0.00013431233135996002
2023-08-31 13:39:57,0.0001332609623848,3.4672733111550826e-12,0.0001340858666949
2023-08-31 13:39:58,0.0001330520787585,3.467130525999922e-12,0.00013392514561526
2023-08-31 13:39:59,0.000133261785409,3.4671067290457265e-12,0.00013369602335611998
2023-08-31 13:40:00,0.0001344530600741,3.4666308242603335e-12,0.00013369768407302
2023-08-31 13:40:01,0.000134917213728,3.467320907513504e-12,0.00013378902007087998
2023-08-31 13:40:02,0.0001338284060116,3.4669877467247718e-12,0.00013390250879623998
2023-08-31 13:40:03,0.0001344489082177,3.467082932254878e-12,0.00013418187468808
2023-08-31 13:40:04,0.000134409887034,3.4666546179480924e-12,0.00013441149501308003
2023-08-31 13:40:05,0.0001324592912599,3.466702205813516e-12,0.00013401274125023998
2023-08-31 13:40:06,0.0001347698089338,3.467249513220869e-12,0.0001339832602914
2023-08-31 13:40:07,0.000133927625921,3.4668687684869736e-12,0.00013400310427328
2023-08-31 13:40:08,0.0001332041859869,3.467320907513504e-12,0.00013375415982712
2023-08-31 13:40:09,0.000133240388431,3.4672257154500087e-12,0.00013352026010652
2023-08-31 13:40:10,0.0001331194778161,3.466797383504162e-12,0.00013365229741776
2023-08-31 13:40:11,0.0001353662482032,3.4663928963647135e-12,0.00013377158527164
2023-08-31 13:40:12,0.0001343966058108,3.4670353391631588e-12,0.0001338653812496
2023-08-31 13:40:13,0.000134243136946,3.4672971092526225e-12,0.00013407317144142
2023-08-31 13:40:14,0.000136270488794,3.466702205813516e-12,0.00013467919151402002
2023-08-31 13:40:15,0.0001332560243461,3.4671781203982867e-12,0.00013470650082002
2023-08-31 13:40:16,0.0001336788883503,3.467082932254878e-12,0.00013436902884944
2023-08-31 13:40:17,0.000133490783381,3.4664880655633097e-12,0.00013418786436348
2023-08-31 13:40:18,0.0001344406048896,3.4669877467247718e-12,0.0001342273579522
2023-08-31 13:40:19,0.0001344065666052,3.4672971092526225e-12,0.00013385457351443997
2023-08-31 13:40:20,0.0001356231510307,3.4669401549396765e-12,0.00013432799885136
2023-08-31 13:40:21,0.0001344049064215,3.4669401549396765e-12,0.0001344732024656
2023-08-31 13:40:22,0.0001336599008345,3.466963950750554e-12,0.00013450702595629998
2023-08-31 13:40:23,0.0001332017179967,3.4669877467247718e-12,0.00013425924857771998
2023-08-31 13:40:24,0.0001344572120587,3.467201917842486e-12,0.00013426937766842001
2023-08-31 13:40:25,0.0001326049878878,3.4670353391631588e-12,0.00013366574503983998
2023-08-31 13:40:26,0.0001344331323327,3.4673685045253096e-12,0.00013367139022208
2023-08-31 13:40:27,0.0001348014415786,3.466702205813516e-12,0.0001338996983709
2023-08-31 13:40:28,0.0001334297886815,3.467059135627361e-12,0.00013394531250786
2023-08-31 13:40:29,0.0001330767329909,3.466797383504162e-12,0.0001336692166943
2023-08-31 13:40:30,0.0001332058313391,3.4672971092526225e-12,0.00013378938538455997
2023-08-31 13:40:31,0.0001334660524403,3.4668687684869736e-12,0.00013359596940608
2023-08-31 13:40:32,0.000134414867831,3.466678411799148e-12,0.00013351865465656
2023-08-31 13:40:33,0.0001335031505698,3.467154323117437e-12,0.00013353332703422001
2023-08-31 13:40:34,0.0001347207097996,3.4666308242603335e-12,0.00013386212239595999
2023-08-31 13:40:35,0.0001339143923507,3.467130525999922e-12,0.00013400383459828002
2023-08-31 13:40:36,0.0001344173582988,3.466702205813516e-12,0.00013419409576998002
2023-08-31 13:40:37,0.0001343501318636,3.466345312745206e-12,0.0001341811485765
2023-08-31 13:40:38,0.0001364793676418,3.4666308242603335e-12,0.0001347763919909
2023-08-31 13:40:39,0.0001347581566728,3.4672257154500087e-12,0.00013478388136554
2023-08-31 13:40:40,0.0001344115472792,3.466511858271225e-12,0.00013488331235124
2023-08-31 13:40:41,0.0001338325387065,3.4668449733293882e-12,0.00013476634843278
2023-08-31 13:40:42,0.0001324216653595,3.4672257154500087e-12,0.00013438065513196002
2023-08-31 13:40:43,0.0001341511397588,3.4671067290457265e-12,0.00013391500955536
2023-08-31 13:40:44,0.0001353002184197,3.467130525999922e-12,0.00013402342190474
2023-08-31 13:40:45,0.0001346782825894,3.4668211783351085e-12,0.00013407676896678
2023-08-31 13:40:46,0.0001346391948342,3.4666070307358988e-12,0.00013423810019232
2023-08-31 13:40:47,0.0001332050086605,3.467154323117437e-12,0.00013439476885251998
2023-08-31 13:40:48,0.0001317364602024,3.467320907513504e-12,0.00013391183294124
2023-08-31 13:40:49,0.0001344007560521,3.466678411799148e-12,0.00013373194046772
2023-08-31 13:40:50,0.0001344248299788,3.4672257154500087e-12,0.00013368124994560002
2023-08-31 13:40:51,0.0001338780067746,3.467082932254878e-12,0.00013352901233368002
2023-08-31 13:40:52,0.0001344356231388,3.4669877467247718e-12,0.00013377513522934
2023-08-31 13:40:53,0.0001344406048896,3.4670353391631588e-12,0.00013431596416678
2023-08-31 13:40:54,0.0001332387426519,3.467130525999922e-12,0.00013408356148673998
2023-08-31 13:40:55,0.0001327549441918,3.4673685045253096e-12,0.00013374958432934
2023-08-31 13:40:56,0.0001332082994056,3.4669401549396765e-12,0.00013361564285554003
2023-08-31 13:40:57,0.0001339466514694,3.4664166884194082e-12,0.00013351784852166002
2023-08-31 13:40:58,0.0001337589958148,3.467511299481024e-12,0.00013338152670670003
2023-08-31 13:40:59,0.000135613100076,3.4668687684869736e-12,0.00013385639819151997
2023-08-31 13:41:00,0.0001341155181533,3.467320907513504e-12,0.00013412851298382001
2023-08-31 13:41:01,0.0001329773221907,3.4675350992120293e-12,0.00013408231754084
2023-08-31 13:41:02,0.0001337986543751,3.467130525999922e-12,0.00013405271812197997
2023-08-31 13:41:03,0.0001359132741689,3.4669401549396765e-12,0.0001344835737928
2023-08-31 13:41:04,0.000134505384451,3.4669401549396765e-12,0.00013426203066780002
2023-08-31 13:41:05,0.000134410717154,3.466963950750554e-12,0.00013432107046793999
2023-08-31 13:41:06,0.0001332461488179,3.466892563807881e-12,0.00013437483579338002
2023-08-31 13:41:07,0.00013330129655,3.4666546179480924e-12,0.00013427536422835998
2023-08-31 13:41:08,0.0001356306897356,3.4669877467247718e-12,0.0001342188473417
2023-08-31 13:41:09,0.0001344406048896,3.467249513220869e-12,0.00013420589142942
2023-08-31 13:41:10,0.0001344489082177,3.4668211783351085e-12,0.00013421352964216
2023-08-31 13:41:11,0.0001332519094537,3.4666308242603335e-12,0.00013421468176932
2023-08-31 13:41:12,0.0001328033269002,3.4667735888365197e-12,0.00013411508783936
2023-08-31 13:41:13,0.0001334701739455,3.4666308242603335e-12,0.00013368298468134
2023-08-31 13:41:14,0.0001354925467037,3.466963950750554e-12,0.00013389337304416002
2023-08-31 13:41:15,0.0001336656793582,3.466797383504162e-12,0.00013373672727226002
2023-08-31 13:41:16,0.0001320158229685,3.466464273018712e-12,0.00013348950997522
2023-08-31 13:41:17,0.000134398265892,3.467392303276222e-12,0.00013380849777358
2023-08-31 13:41:18,0.0001351983116451,3.4669401549396765e-12,0.00013415412531350002
2023-08-31 13:41:19,0.000133839977879,3.4674161021904946e-12,0.00013382361154855998
2023-08-31 13:41:20,0.0001320468092084,3.466797383504162e-12,0.0001334998375186
2023-08-31 13:41:21,0.000133316116248,3.466797383504162e-12,0.00013375989617449998
2023-08-31 13:41:22,0.0001344605337387,3.4668211783351085e-12,0.00013377234974384
2023-08-31 13:41:23,0.0001344497385787,3.4670115428623008e-12,0.00013362263513055998
2023-08-31 13:41:24,0.0001337664308993,3.4668687684869736e-12,0.00013360792573461998
2023-08-31 13:41:25,0.000134502061663,3.4669401549396765e-12,0.00013409897622554002
2023-08-31 13:41:26,0.0001335015015451,3.466916359292124e-12,0.00013413605328496003
2023-08-31 13:41:27,0.0001343575998069,3.466797383504162e-12,0.0001341154664986
2023-08-31 13:41:28,0.0001330290722625,3.4666308242603335e-12,0.00013383133323536
2023-08-31 13:41:29,0.0001344372837019,3.4669877467247718e-12,0.00013396550379587998
2023-08-31 13:41:30,0.0001353152603467,3.466963950750554e-12,0.00013412814353262
2023-08-31 13:41:31,0.000134760653501,3.4669877467247718e-12,0.00013437997392380001
2023-08-31 13:41:32,0.0001348405764364,3.4674399012680997e-12,0.00013447656924969997
2023-08-31 13:41:33,0.0001336367892379,3.4670353391631588e-12,0.00013459811264478002
2023-08-31 13:41:34,0.0001323775094617,3.466702205813516e-12,0.00013418615779674
2023-08-31 13:41:35,0.0001325149317403,3.4667735888365197e-12,0.00013362609207546
2023-08-31 13:41:36,0.0001349947283035,3.467249513220869e-12,0.00013367290703596
2023-08-31 13:41:37,0.0001344696687818,3.4670115428623008e-12,0.00013359872550504
2023-08-31 13:41:38,0.0001329855351434,3.4669401549396765e-12,0.00013346847468614
2023-08-31 13:41:39,0.0001342580613525,3.4669877467247718e-12,0.0001338445850643
2023-08-31 13:41:40,0.000134384155856,3.466725999991212e-12,0.00013421842988744
2023-08-31 13:41:41,0.0001332263999568,3.4670353391631588e-12,0.00013386476421810002
2023-08-31 13:41:42,0.000133211590232,3.4666308242603335e-12,0.00013361314850813999
2023-08-31 13:41:43,0.000133202540655,3.4672971092526225e-12,0.00013365654961046
2023-08-31 13:41:44,0.0001342174376903,3.466702205813516e-12,0.00013364842487802
2023-08-31 13:41:45,0.0001364119524093,3.466916359292124e-12,0.00013405398418868001
2023-08-31 13:41:46,0.0001334536886881,3.467154323117437e-12,0.00013409944193494
2023-08-31 13:41:47,0.000132143892123,3.4662977297788997e-12,0.00013388590231314
2023-08-31 13:41:48,0.0001335278883847,3.467344705937742e-12,0.00013395097185908
2023-08-31 13:41:49,0.0001340567217855,3.467320907513504e-12,0.00013391882867812
2023-08-31 13:41:50,0.0001356156127449,3.466916359292124e-12,0.00013375956074524001
2023-08-31 13:41:51,0.0001347506664655,3.466583237374773e-12,0.00013401895630072
2023-08-31 13:41:52,0.0001344339625963,3.466702205813516e-12,0.00013447697039538
2023-08-31 13:41:53,0.0001332445029676,3.4668687684869736e-12,0.00013442029331195998
2023-08-31 13:41:54,0.0001344356231388,3.467344705937742e-12,0.00013449607358261999
2023-08-31 13:41:55,0.0001344530600741,3.4665594441769415e-12,0.00013426356304846
2023-08-31 13:41:56,0.0001343011856255,3.467344705937742e-12,0.00013417366688046
2023-08-31 13:41:57,0.0001332963570168,3.4671067290457265e-12,0.00013394614576456
2023-08-31 13:41:58,0.0001370393551229,3.467344705937742e-12,0.00013470511619562
2023-08-31 13:41:59,0.0001329198457214,3.4674399012680997e-12,0.00013440196071214003
2023-08-31 13:42:00,0.0001332370968932,3.466916359292124e-12,0.00013415876807596
2023-08-31 13:42:01,0.000134658321467,3.466511858271225e-12,0.00013423019524426
2023-08-31 13:42:02,0.0001356147751834,3.467082932254878e-12,0.00013469387887758
2023-08-31 13:42:03,0.00013323791977,3.46774930414212e-12,0.00013393359180699998
2023-08-31 13:42:04,0.0001320272381055,3.4662977297788997e-12,0.00013375507028382
2023-08-31 13:42:05,0.0001330775548773,3.4673685045253096e-12,0.00013372316188064
2023-08-31 13:42:06,0.0001340873589292,3.467249513220869e-12,0.00013360896937308
2023-08-31 13:42:07,0.0001352743167984,3.467201917842486e-12,0.00013354087769608
2023-08-31 13:42:08,0.0001322892418323,3.4669877467247718e-12,0.00013335114210854
2023-08-31 13:42:09,0.0001331466114609,3.467154323117437e-12,0.00013357501677962
2023-08-31 13:42:10,0.0001333918871052,3.466797383504162e-12,0.0001336378832252
2023-08-31 13:42:11,0.0001344472475111,3.4671781203982867e-12,0.00013370986094158
2023-08-31 13:42:12,0.0001353595601767,3.4668449733293882e-12,0.00013372690961723998
2023-08-31 13:42:13,0.0001332033633184,3.4666070307358988e-12,0.00013390973391446
2023-08-31 13:42:14,0.0001320639363032,3.4668687684869736e-12,0.00013369319888292
2023-08-31 13:42:15,0.0001338003070702,3.467201917842486e-12,0.00013377488287592
2023-08-31 13:42:16,0.0001346400263704,3.4670353391631588e-12,0.00013381343864778
2023-08-31 13:42:17,0.0001344472475111,3.4668687684869736e-12,0.00013363097611466
2023-08-31 13:42:18,0.0001344190186362,3.4668211783351085e-12,0.00013387410717822
2023-08-31 13:42:19,0.0001338672583828,3.4670353391631588e-12,0.00013423477159413998
2023-08-31 13:42:20,0.0001332428571377,3.467487499913371e-12,0.00013412328160764
2023-08-31 13:42:21,0.0001331359217891,3.467320907513504e-12,0.00013382246069138
2023-08-31 13:42:22,0.000133647519125,3.4674399012680997e-12,0.00013366251501415998
2023-08-31 13:42:23,0.0001344414351993,3.467201917842486e-12,0.00013366699832678
2023-08-31 13:42:24,0.0001350898069275,3.4668687684869736e-12,0.00013391150803572
2023-08-31 13:42:25,0.0001338011334255,3.466892563807881e-12,0.00013402316329328
2023-08-31 13:42:26,0.0001344198488126,3.4672971092526225e-12,0.00013427994869798
2023-08-31 13:42:27,0.0001331786856261,3.4671067290457265e-12,0.0001341861819982
2023-08-31 13:42:28,0.0001340285749064,3.466797383504162e-12,0.00013410360993962
2023-08-31 13:42:29,0.0001338044388975,3.467082932254878e-12,0.00013384653633362
2023-08-31 13:42:30,0.0001345909745184,3.467154323117437e-12,0.0001340045045522
2023-08-31 13:42:31,0.0001338978522267,3.4670353391631588e-12,0.00013390010523502
2023-08-31 13:42:32,0.0001332198176536,3.4670353391631588e-12,0.00013390833164052
2023-08-31 13:42:33,0.0001331877335824,3.4672257154500087e-12,0.00013374016337572
2023-08-31 13:42:34,0.0001326115398127,3.467558899106401e-12,0.00013350158355876
2023-08-31 13:42:35,0.00013395492429,3.467487499913371e-12,0.00013337437351308002
2023-08-31 13:42:36,0.0001356348780861,3.4672733111550826e-12,0.00013372177868496
2023-08-31 13:42:37,0.0001346649748457,3.467344705937742e-12,0.00013401081012338
2023-08-31 13:42:38,0.0001332980035076,3.4668211783351085e-12,0.00013403286410842
2023-08-31 13:42:39,0.0001332198176536,3.4670115428623008e-12,0.00013415451967660003
2023-08-31 13:42:40,0.0001332173493738,3.4670353391631588e-12,0.00013400700469336
2023-08-31 13:42:41,0.0001337647786226,3.467392303276222e-12,0.00013363298480066
2023-08-31 13:42:42,0.0001344489082177,3.4667735888365197e-12,0.00013358977147506
2023-08-31 13:42:43,0.0001351156732199,3.4665356511424307e-12,0.00013395330541752
2023-08-31 13:42:44,0.0001344331323327,3.467201917842486e-12,0.00013419596835334
2023-08-31 13:42:45,0.0001344181884649,3.4668687684869736e-12,0.00013443613617156
2023-08-31 13:42:46,0.0001343966058108,3.467344705937742e-12,0.0001345625016092
2023-08-31 13:42:47,0.0001336376145833,3.4671781203982867e-12,0.00013440024288232
2023-08-31 13:42:48,0.0001342174376903,3.467249513220869e-12,0.00013422059577639997
2023-08-31 13:42:49,0.0001332395655389,3.466963950750554e-12,0.00013398188241764002
2023-08-31 13:42:50,0.000134869726796,3.4665594441769415e-12,0.00013407219008386
2023-08-31 13:42:51,0.0001343974358488,3.4675350992120293e-12,0.00013407235609146
2023-08-31 13:42:52,0.0001337350411312,3.4668211783351085e-12,0.00013409184140104
2023-08-31 13:42:53,0.000132430661885,3.466963950750554e-12,0.00013373448623998002
2023-08-31 13:42:54,0.0001342663534064,3.467249513220869e-12,0.00013393984381348
2023-08-31 13:42:55,0.000135068116436,3.466511858271225e-12,0.00013397952174148
2023-08-31 13:42:56,0.000134409887034,3.467392303276222e-12,0.00013398201197852
2023-08-31 13:42:57,0.0001324592912599,3.466916359292124e-12,0.00013372686200426002
2023-08-31 13:42:58,0.0001325165685788,3.4672971092526225e-12,0.00013374404334302
2023-08-31 13:42:59,0.0001344563816515,3.4666546179480924e-12,0.00013378204899203999
2023-08-31 13:43:00,0.0001344497385787,3.4662263565541294e-12,0.00013365837342058
2023-08-31 13:43:01,0.0001344024161845,3.4668211783351085e-12,0.00013365687925068
2023-08-31 13:43:02,0.0001344364534178,3.467059135627361e-12,0.00013405231168225998
2023-08-31 13:43:03,0.0001344156979818,3.467320907513504e-12,0.00013443213756286
2023-08-31 13:43:04,0.000135381297471,3.4672257154500087e-12,0.00013461712072675998
2023-08-31 13:43:05,0.0001355770902714,3.467392303276222e-12,0.00013484259106529998
2023-08-31 13:43:06,0.0001327557640908,3.467130525999922e-12,0.00013451326064656
2023-08-31 13:43:07,0.0001335072732206,3.4672971092526225e-12,0.00013432742460712
2023-08-31 13:43:08,0.0001344489082177,3.467249513220869e-12,0.0001343340666543
2023-08-31 13:43:09,0.0001344621946095,3.4668687684869736e-12,0.000134150246082
2023-08-31 13:43:10,0.0001344563816515,3.467130525999922e-12,0.00013392610435802
2023-08-31 13:43:11,0.0001329346230118,3.4669401549396765e-12,0.00013396187614221999
2023-08-31 13:43:12,0.0001322100145948,3.4673685045253096e-12,0.00013370242441706
2023-08-31 13:43:13,0.0001332000726952,3.466916359292124e-12,0.00013345265731255998
2023-08-31 13:43:14,0.0001338168351447,3.4668687684869736e-12,0.0001333235854196
2023-08-31 13:43:15,0.0001344680078187,3.4675350992120293e-12,0.00013332591065304
2023-08-31 13:43:16,0.0001354022020074,3.466892563807881e-12,0.00013381942645216002
2023-08-31 13:43:17,0.0001337788236253,3.4673685045253096e-12,0.00013413318825825999
2023-08-31 13:43:18,0.0001332971802596,3.4670115428623008e-12,0.00013415260977114
2023-08-31 13:43:19,0.0001321634805181,3.4666546179480924e-12,0.00013382193884582
2023-08-31 13:43:20,0.0001332395655389,3.4669401549396765e-12,0.00013357625038986
2023-08-31 13:43:21,0.0001339317616799,3.467082932254878e-12,0.00013328216232436
2023-08-31 13:43:22,0.0001356667137765,3.467154323117437e-12,0.0001336597403546
2023-08-31 13:43:23,0.0001338267529694,3.466963950750554e-12,0.00013376565489656
2023-08-31 13:43:24,0.0001332535553955,3.466749794332208e-12,0.00013398366987204
2023-08-31 13:43:25,0.0001332543783739,3.466963950750554e-12,0.00013398663243904
2023-08-31 13:43:26,0.000135660010905,3.467511299481024e-12,0.00013433228228406
2023-08-31 13:43:27,0.0001343692174326,3.4675350992120293e-12,0.00013407278301528
2023-08-31 13:43:28,0.0001333663508112,3.467201917842486e-12,0.00013398070258364
2023-08-31 13:43:29,0.0001326934661931,3.467392303276222e-12,0.00013386868474316
2023-08-31 13:43:30,0.0001348414092164,3.4666070307358988e-12,0.00013418609091166
2023-08-31 13:43:31,0.0001349805556469,3.467082932254878e-12,0.00013405019986003998
2023-08-31 13:43:32,0.0001321194107118,3.467320907513504e-12,0.00013360023851587997
2023-08-31 13:43:33,0.0001332280455834,3.467249513220869e-12,0.00013357257747031998
2023-08-31 13:43:34,0.000134410717154,3.467249513220869e-12,0.0001339160276625
2023-08-31 13:43:35,0.0001350639455869,3.4671067290457265e-12,0.0001339605349366
2023-08-31 13:43:36,0.0001338482441112,3.4668449733293882e-12,0.00013373407262946
2023-08-31 13:43:37,0.0001301248814201,3.466892563807881e-12,0.00013333516677112002
2023-08-31 13:43:38,0.0001329847138253,3.4674637005090537e-12,0.0001332865004195
2023-08-31 13:43:39,0.0001343966058108,3.4672257154500087e-12,0.00013328367815086
2023-08-31 13:43:40,0.0001344289810917,3.4669401549396765e-12,0.00013315668525182002
2023-08-31 13:43:41,0.0001344049064215,3.4671781203982867e-12,0.00013326801771388
2023-08-31 13:43:42,0.0001344389442855,3.4670353391631588e-12,0.00013413083028696
2023-08-31 13:43:43,0.0001344156979818,3.466725999991212e-12,0.00013441702711826
2023-08-31 13:43:44,0.0001320981971575,3.4671781203982867e-12,0.0001339573453876
2023-08-31 13:43:45,0.0001299209135317,3.4666308242603335e-12,0.00013305573187559998
2023-08-31 13:43:46,0.0001317966808314,3.4667735888365197e-12,0.00013253408675757998
2023-08-31 13:43:47,0.0001332263999568,3.466963950750554e-12,0.00013229157789184
2023-08-31 13:43:48,0.0001344621946095,3.466963950750554e-12,0.00013230087721738
2023-08-31 13:43:49,0.0001353052322096,3.4672971092526225e-12,0.0001329422842278
2023-08-31 13:43:50,0.0001332552013575,3.467201917842486e-12,0.00013360914179296
2023-08-31 13:43:51,0.0001317413419308,3.466892563807881e-12,0.00013359807401284
2023-08-31 13:43:52,0.0001322296127916,3.467082932254878e-12,0.00013339871657979999
2023-08-31 13:43:53,0.000134439774585,3.466702205813516e-12,0.00013339423257490002
2023-08-31 13:43:54,0.0001344513993162,3.466892563807881e-12,0.00013322346599621999
2023-08-31 13:43:55,0.0001338589909763,3.466702205813516e-12,0.00013334422391998
2023-08-31 13:43:56,0.0001332708390109,3.467392303276222e-12,0.00013365012333600002
2023-08-31 13:43:57,0.0001332873016813,3.4668687684869736e-12,0.00013386166111394
2023-08-31 13:43:58,0.0001333103528363,3.4669401549396765e-12,0.0001336357767642
2023-08-31 13:43:59,0.0001333852966258,3.4666308242603335e-12,0.00013342255622612002
2023-08-31 13:44:00,0.0001351807780597,3.4670115428623008e-12,0.0001336869136428
2023-08-31 13:44:01,0.0001354749749596,3.4672971092526225e-12,0.00013412774083254
2023-08-31 13:44:02,0.0001344472475111,3.467249513220869e-12,0.00013435972999849998
2023-08-31 13:44:03,0.0001332650775567,3.4668211783351085e-12,0.00013435067494258
2023-08-31 13:44:04,0.0001332733082819,3.466916359292124e-12,0.00013432827727379997
2023-08-31 13:44:05,0.0001332733082819,3.4664880655633097e-12,0.00013394678331824
2023-08-31 13:44:06,0.0001332807163692,3.466511858271225e-12,0.00013350793160016
2023-08-31 13:44:07,0.0001337705616804,3.466892563807881e-12,0.00013337259443402
2023-08-31 13:44:08,0.0001331030358741,3.4671067290457265e-12,0.0001333401860975
2023-08-31 13:44:09,0.0001334693496343,3.4671067290457265e-12,0.00013337939436798
2023-08-31 13:44:10,0.0001344555512495,3.4664880655633097e-12,0.0001336158429615
2023-08-31 13:44:11,0.0001344455868249,3.467154323117437e-12,0.00013384881705264
2023-08-31 13:44:12,0.0001350531019821,3.4670353391631588e-12,0.00013410532511298
2023-08-31 13:44:13,0.0001344497385787,3.466440480637417e-12,0.0001343746656539
2023-08-31 13:44:14,0.0001344563816515,3.466678411799148e-12,0.00013457207205733998
2023-08-31 13:44:15,0.0001344356231388,3.4671067290457265e-12,0.0001345680864352
2023-08-31 13:44:16,0.0001329929272347,3.467249513220869e-12,0.00013427755451716
2023-08-31 13:44:17,0.0001329165621022,3.4676541003173946e-12,0.00013385024654118002
2023-08-31 13:44:18,0.0001344223393727,3.4666308242603335e-12,0.00013384476669998
2023-08-31 13:44:19,0.0001344422655142,3.467344705937742e-12,0.00013384194347252
2023-08-31 13:44:20,0.0001344140376854,3.467059135627361e-12,0.00013383762638184002
2023-08-31 13:44:21,0.0001344298113296,3.467130525999922e-12,0.00013412500320082
2023-08-31 13:44:22,0.0001326680636035,3.467392303276222e-12,0.00013407530350108
2023-08-31 13:44:23,0.0001321789900569,3.4671067290457265e-12,0.00013362663363792002
2023-08-31 13:44:24,0.0001332387426519,3.467320907513504e-12,0.00013338592906546
2023-08-31 13:44:25,0.0001340302304416,3.4668449733293882e-12,0.0001333091676167
2023-08-31 13:44:26,0.0001343741967225,3.4679397196330693e-12,0.00013329804469527999
2023-08-31 13:44:27,0.0001329584343241,3.4672733111550826e-12,0.00013335611883940002
2023-08-31 13:44:28,0.0001320272381055,3.467511299481024e-12,0.00013332576844911999
2023-08-31 13:44:29,0.0001318626295647,3.4667735888365197e-12,0.00013305054583168
2023-08-31 13:44:30,0.0001344073967047,3.4670353391631588e-12,0.00013312597908430001
2023-08-31 13:44:31,0.0001348339143818,3.4671067290457265e-12,0.00013321792261616
2023-08-31 13:44:32,0.0001332733082819,3.466583237374773e-12,0.00013328089740772
2023-08-31 13:44:33,0.0001332148811397,3.4666070307358988e-12,0.00013351842601456
2023-08-31 13:44:34,0.0001331959595306,3.466749794332208e-12,0.00013378509200774
2023-08-31 13:44:35,0.0001331976047812,3.4669877467247718e-12,0.00013354313362304
2023-08-31 13:44:36,0.0001340592056175,3.467082932254878e-12,0.00013338819187018
2023-08-31 13:44:37,0.0001353303039459,3.467249513220869e-12,0.00013379959100298
2023-08-31 13:44:38,0.0001340426476072,3.4668687684869736e-12,0.00013396514429648
2023-08-31 13:44:39,0.0001332305140615,3.466892563807881e-12,0.00013397205520265999
2023-08-31 13:44:40,0.0001332140584051,3.4670353391631588e-12,0.00013397534592744
2023-08-31 13:44:41,0.0001331795081422,3.4668211783351085e-12,0.00013379940643238
2023-08-31 13:44:42,0.0001332543783739,3.467201917842486e-12,0.00013338422131797998
2023-08-31 13:44:43,0.000133786259812,3.466702205813516e-12,0.00013333294375893998
2023-08-31 13:44:44,0.0001348339143818,3.467320907513504e-12,0.000133653623823
2023-08-31 13:44:45,0.0001320044088183,3.4670353391631588e-12,0.00013341169390564
2023-08-31 13:44:46,0.0001332206404237,3.4669877467247718e-12,0.00013341992036194
2023-08-31 13:44:47,0.0001332313368977,3.4666070307358988e-12,0.00013341531206670002
2023-08-31 13:44:48,0.0001331976047812,3.4671067290457265e-12,0.00013329758106054
2023-08-31 13:44:49,0.000132129202732,3.466440480637417e-12,0.00013275663873058
2023-08-31 13:44:50,0.0001334627553277,3.467249513220869e-12,0.00013304830803246003
2023-08-31 13:44:51,0.0001350497656634,3.4672971092526225e-12,0.0001334141330804
2023-08-31 13:44:52,0.0001331885561543,3.4668687684869736e-12,0.00013340557693172
2023-08-31 13:44:53,0.0001326074448217,3.4666070307358988e-12,0.00013328754493982
2023-08-31 13:44:54,0.0001334289646197,3.466678411799148e-12,0.00013354749731736
2023-08-31 13:44:55,0.0001351590729616,3.467082932254878e-12,0.00013388676084414002
2023-08-31 13:44:56,0.0001321406276728,3.466963950750554e-12,0.00013330493324602
2023-08-31 13:44:57,0.0001331244107947,3.4679159171249167e-12,0.00013329210417409998
2023-08-31 13:44:58,0.0001341826271919,3.467201917842486e-12,0.00013360714064814
2023-08-31 13:44:59,0.000135179108313,3.4662739385406738e-12,0.00013395716938679997
2023-08-31 13:45:00,0.0001327237917802,3.4669877467247718e-12,0.00013347011315052
2023-08-31 13:45:01,0.000131621791644,3.467082932254878e-12,0.00013336634594476
2023-08-31 13:45:02,0.000135304396565,3.4666308242603335e-12,0.00013380234309882
2023-08-31 13:45:03,0.0001355904881513,3.466749794332208e-12,0.0001340839152907
2023-08-31 13:45:04,0.0001343766864367,3.466916359292124e-12,0.00013392343091544
2023-08-31 13:45:05,0.0001343667278568,3.4670353391631588e-12,0.00013425201813076
2023-08-31 13:45:06,0.0001319660971031,3.4674637005090537e-12,0.00013432087922258
2023-08-31 13:45:07,0.0001321659292717,3.466916359292124e-12,0.00013369318576391998
2023-08-31 13:45:08,0.0001331729281557,3.4670115428623008e-12,0.0001332096737648
2023-08-31 13:45:09,0.0001337887386328,3.4669401549396765e-12,0.00013309208420402
2023-08-31 13:45:10,0.0001343808360628,3.4664880655633097e-12,0.00013309490584522
2023-08-31 13:45:11,0.0001343717070545,3.466892563807881e-12,0.0001335760278355
2023-08-31 13:45:12,0.0001343642383271,3.4676064993851786e-12,0.00013401568964658
2023-08-31 13:45:13,0.0001331252329756,3.467130525999922e-12,0.00013400615061055998
2023-08-31 13:45:14,0.000131965282081,3.466963950750554e-12,0.00013364145930020002
2023-08-31 13:45:15,0.0001328550092593,3.467773105506716e-12,0.0001333362939395
2023-08-31 13:45:16,0.0001332074767117,3.4672257154500087e-12,0.00013310344787094
2023-08-31 13:45:17,0.0001344298113296,3.4668687684869736e-12,0.00013311656247144
2023-08-31 13:45:18,0.0001343758565269,3.4671781203982867e-12,0.0001333666871817
2023-08-31 13:45:19,0.0001338697387043,3.4672733111550826e-12,0.00013374757850635998
2023-08-31 13:45:20,0.0001332568473399,3.467511299481024e-12,0.00013382794612248
2023-08-31 13:45:21,0.0001316616296806,3.4672733111550826e-12,0.00013351877671626
2023-08-31 13:45:22,0.0001320655675709,3.4666308242603335e-12,0.00013304592796452
2023-08-31 13:45:23,0.0001334075407989,3.466583237374773e-12,0.00013285226481892
2023-08-31 13:45:24,0.0001355720664077,3.4669401549396765e-12,0.0001331927303596
2023-08-31 13:45:25,0.0001342381625125,3.467130525999922e-12,0.00013338899339412
2023-08-31 13:45:26,0.00013323791977,3.466892563807881e-12,0.000133704251412
2023-08-31 13:45:27,0.0001332148811397,3.4674161021904946e-12,0.00013393411412576003
2023-08-31 13:45:28,0.0001338308856132,3.467154323117437e-12,0.00013401878308862
2023-08-31 13:45:29,0.000135643255175,3.466797383504162e-12,0.00013403302084208
2023-08-31 13:45:30,0.0001332247543505,3.4672257154500087e-12,0.00013383033920967997
2023-08-31 13:45:31,0.0001325067478511,3.467059135627361e-12,0.00013368410482589998
2023-08-31 13:45:32,0.0001326017120468,3.466678411799148e-12,0.00013356147100732
2023-08-31 13:45:33,0.0001355168161925,3.466963950750554e-12,0.00013389865712317998
2023-08-31 13:45:34,0.000134434792865,3.466916359292124e-12,0.00013365696466118
2023-08-31 13:45:35,0.000133279893228,3.467487499913371e-12,0.00013366799243668
2023-08-31 13:45:36,0.0001332453258902,3.466464273018712e-12,0.0001338157080445
2023-08-31 13:45:37,0.0001332124129513,3.4668211783351085e-12,0.0001339378482254
2023-08-31 13:45:38,0.0001332708390109,3.466749794332208e-12,0.00013348865278908
2023-08-31 13:45:39,0.0001332461488179,3.467059135627361e-12,0.00013325092397966
2023-08-31 13:45:40,0.0001351665858704,3.466678411799148e-12,0.00013362826250814
2023-08-31 13:45:41,0.0001344372837019,3.466797383504162e-12,0.00013386665407048
2023-08-31 13:45:42,0.0001332502635324,3.4667735888365197e-12,0.0001338742241867
2023-08-31 13:45:43,0.0001332296912304,3.4670115428623008e-12,0.0001338659946306
2023-08-31 13:45:44,0.000133424844387,3.467154323117437e-12,0.00013390173374442
2023-08-31 13:45:45,0.0001332058313391,3.467392303276222e-12,0.00013350958283816
2023-08-31 13:45:46,0.0001332189948886,3.4671067290457265e-12,0.0001332659250755
2023-08-31 13:45:47,0.0001356952046755,3.4672971092526225e-12,0.00013375491330412
2023-08-31 13:45:48,0.0001344123774094,3.466511858271225e-12,0.00013399145053992
2023-08-31 13:45:49,0.0001331721056803,3.466963950750554e-12,0.00013394090279858002
2023-08-31 13:45:50,0.0001330619399033,3.4670353391631588e-12,0.00013391212451142003
2023-08-31 13:45:51,0.0001356089123981,3.4668449733293882e-12,0.00013439010801332
2023-08-31 13:45:52,0.0001344356231388,3.467082932254878e-12,0.00013413819170598
2023-08-31 13:45:53,0.000133202540655,3.466749794332208e-12,0.0001338962243551
2023-08-31 13:45:54,0.0001362401942536,3.467059135627361e-12,0.00013450984206976
2023-08-31 13:45:55,0.0001325951606075,3.467201917842486e-12,0.0001344164862106
2023-08-31 13:45:56,0.0001332683697858,3.466725999991212e-12,0.00013394837768814
2023-08-31 13:45:57,0.0001355754156294,3.4668449733293882e-12,0.00013417633618626
2023-08-31 13:45:58,0.0001328082481633,3.466702205813516e-12,0.00013409747768792
2023-08-31 13:45:59,0.0001304201566537,3.466797383504162e-12,0.00013293347016794002
2023-08-31 13:46:00,0.000131935944639,3.466702205813516e-12,0.00013280162697423999
2023-08-31 13:46:01,0.000135558670348,3.467320907513504e-12,0.00013325968708667997
2023-08-31 13:46:02,0.000134410717154,3.4670115428623008e-12,0.00013302674739159998
2023-08-31 13:46:03,0.0001344024161845,3.4669877467247718e-12,0.00013334558099584003
2023-08-31 13:46:04,0.0001322720855181,3.4668211783351085e-12,0.00013371596676872
2023-08-31 13:46:05,0.0001337110907376,3.466797383504162e-12,0.00013407099598844002
2023-08-31 13:46:06,0.0001371028466085,3.466963950750554e-12,0.00013437983124054
2023-08-31 13:46:07,0.0001350155731489,3.4670353391631588e-12,0.00013450080243952
2023-08-31 13:46:08,0.0001326320166645,3.4671781203982867e-12,0.00013414672253552
2023-08-31 13:46:09,0.0001331902013135,3.466797383504162e-12,0.00013433034569459998
2023-08-31 13:46:10,0.0001353261250006,3.466583237374773e-12,0.00013465335254720002
2023-08-31 13:46:11,0.0001330808424737,3.4666308242603335e-12,0.00013384895172024002
2023-08-31 13:46:12,0.000132489563329,3.4672971092526225e-12,0.00013334374975626002
2023-08-31 13:46:13,0.0001338044388975,3.466916359292124e-12,0.00013357823420286001
2023-08-31 13:46:14,0.0001354398383076,3.467130525999922e-12,0.00013402816160168002
2023-08-31 13:46:15,0.0001335938783034,3.4668687684869736e-12,0.00013368171226224002
2023-08-31 13:46:16,0.0001321773573882,3.467320907513504e-12,0.00013350101524514
2023-08-31 13:46:17,0.0001344082268093,3.4674637005090537e-12,0.0001338847479412
2023-08-31 13:46:18,0.000134409887034,3.467059135627361e-12,0.0001340058375685
2023-08-31 13:46:19,0.0001331976047812,3.466250147465756e-12,0.00013355739086321999
2023-08-31 13:46:20,0.0001312281259264,3.4665594441769415e-12,0.00013308424038782
2023-08-31 13:46:21,0.0001337730402103,3.4674399012680997e-12,0.00013340337695224
2023-08-31 13:46:22,0.0001341950584762,3.466583237374773e-12,0.00013336074328561997
2023-08-31 13:46:23,0.0001353520365419,3.4671781203982867e-12,0.00013354917318720002
2023-08-31 13:46:24,0.0001312767629487,3.4669401549396765e-12,0.00013316500482069997
2023-08-31 13:46:25,0.0001321340990142,3.466963950750554e-12,0.00013334619943826002
2023-08-31 13:46:26,0.0001339871931726,3.467130525999922e-12,0.00013338903003072
2023-08-31 13:46:27,0.0001342879151433,3.466916359292124e-12,0.00013340760136414
2023-08-31 13:46:28,0.0001344082268093,3.4664880655633097e-12,0.00013321883941762
2023-08-31 13:46:29,0.0001344082268093,3.466702205813516e-12,0.00013384513218973998
2023-08-31 13:46:30,0.0001337887386328,3.4670353391631588e-12,0.00013417606011346
2023-08-31 13:46:31,0.0001330126414868,3.4672733111550826e-12,0.00013398114977629998
2023-08-31 13:46:32,0.0001325042927829,3.467487499913371e-12,0.00013362442530422
2023-08-31 13:46:33,0.0001341884283146,3.467392303276222e-12,0.00013358046560528
2023-08-31 13:46:34,0.0001344057365108,3.4665594441769415e-12,0.00013357996754558002
2023-08-31 13:46:35,0.0001335476819369,3.467201917842486e-12,0.00013353175620639998
2023-08-31 13:46:36,0.000134358429604,3.4668687684869736e-12,0.00013380091382984
2023-08-31 13:46:37,0.0001333960063202,3.4670115428623008e-12,0.0001339792565373
2023-08-31 13:46:38,0.000132262282909,3.466892563807881e-12,0.00013359402745617997
2023-08-31 13:46:39,0.0001343907956884,3.4665356511424307e-12,0.00013359103929169998
2023-08-31 13:46:40,0.0001334619310623,3.4672733111550826e-12,0.00013357388911678001
2023-08-31 13:46:41,0.0001343849858171,3.467249513220869e-12,0.0001335792003594
2023-08-31 13:46:42,0.0001332247543505,3.4674161021904946e-12,0.00013354494996546
2023-08-31 13:46:43,0.0001320256073112,3.4667735888365197e-12,0.00013349761484590002
2023-08-31 13:46:44,0.0001335674784233,3.4663928963647135e-12,0.00013333295139288
2023-08-31 13:46:45,0.000135114838746,3.467249513220869e-12,0.00013366353292962
2023-08-31 13:46:46,0.0001352634563039,3.466797383504162e-12,0.00013383922702698
2023-08-31 13:46:47,0.0001333869442151,3.4668687684869736e-12,0.0001338716649999
2023-08-31 13:46:48,0.0001317869134542,3.4665356511424307e-12,0.00013382392622850002
2023-08-31 13:46:49,0.0001323382721355,3.467059135627361e-12,0.00013357808497094
2023-08-31 13:46:50,0.0001344381139911,3.4670115428623008e-12,0.00013344274001996
2023-08-31 13:46:51,0.0001343800061274,3.467082932254878e-12,0.00013326604998466
2023-08-31 13:46:52,0.000132662328208,3.4669401549396765e-12,0.00013312112678324
2023-08-31 13:46:53,0.000133590578033,3.4669877467247718e-12,0.000133481859699
2023-08-31 13:46:54,0.0001326000741566,3.467130525999922e-12,0.00013353422010322
2023-08-31 13:46:55,0.000131865072744,3.4668687684869736e-12,0.00013301961185379997
2023-08-31 13:46:56,0.0001343849858171,3.466963950750554e-12,0.00013302060779174
2023-08-31 13:46:57,0.0001351983116451,3.4670353391631588e-12,0.00013352780447916
2023-08-31 13:46:58,0.0001334075407989,3.4668449733293882e-12,0.00013349119703234
2023-08-31 13:46:59,0.0001332132356756,3.4671067290457265e-12,0.00013361382933614
2023-08-31 13:47:00,0.0001332181721286,3.4668687684869736e-12,0.00013388444921306
2023-08-31 13:47:01,0.0001331819757209,3.467154323117437e-12,0.00013364384719382
2023-08-31 13:47:02,0.0001340194698285,3.4670353391631588e-12,0.0001334080788305
2023-08-31 13:47:03,0.0001384763339956,3.4668449733293882e-12,0.00013442183746984
2023-08-31 13:47:04,0.0001335971786553,3.4666070307358988e-12,0.00013449862606578
2023-08-31 13:47:05,0.0001337020072277,3.467059135627361e-12,0.0001345953930856
2023-08-31 13:47:06,0.0001330381100543,3.467130525999922e-12,0.00013456661995228
2023-08-31 13:47:07,0.0001330093555752,3.4675350992120293e-12,0.00013436459710162
2023-08-31 13:47:08,0.0001335064486803,3.4671781203982867e-12,0.00013337062003856
2023-08-31 13:47:09,0.0001356147751834,3.467130525999922e-12,0.00013377413934418002
2023-08-31 13:47:10,0.0001338358449544,3.4673685045253096e-12,0.00013380090688952
2023-08-31 13:47:11,0.0001311025636726,3.4664880655633097e-12,0.00013341379761318
2023-08-31 13:47:12,0.0001337598219149,3.467082932254878e-12,0.00013356389088112
2023-08-31 13:47:13,0.0001344215091809,3.4676541003173946e-12,0.00013374690298123998
2023-08-31 13:47:14,0.0001332436800501,3.4674637005090537e-12,0.00013327268395458
2023-08-31 13:47:15,0.0001332082994056,3.467320907513504e-12,0.00013314717484482
2023-08-31 13:47:16,0.0001331795081422,3.466511858271225e-12,0.00013356256373873998
2023-08-31 13:47:17,0.0001331984274141,3.467320907513504e-12,0.00013345028483858
2023-08-31 13:47:18,0.0001338036125218,3.4669877467247718e-12,0.00013332670550676002
2023-08-31 13:47:19,0.0001353119175517,3.4670115428623008e-12,0.00013374035300708003
2023-08-31 13:47:20,0.0001326066258387,3.4664166884194082e-12,0.0001336200182937
2023-08-31 13:47:21,0.0001331951369129,3.4664166884194082e-12,0.00013362314404783999
2023-08-31 13:47:22,0.0001331910239007,3.467154323117437e-12,0.00013362166334516
2023-08-31 13:47:23,0.0001331778631151,3.4670353391631588e-12,0.00013349651346382
2023-08-31 13:47:24,0.0001343393455673,3.467201917842486e-12,0.00013330199906694002
2023-08-31 13:47:25,0.0001343658980084,3.467201917842486e-12,0.00013365385350088001
2023-08-31 13:47:26,0.0001331597691582,3.466749794332208e-12,0.00013364677994994002
2023-08-31 13:47:27,0.0001338465908239,3.4662739385406738e-12,0.00013377789333458
2023-08-31 13:47:28,0.0001339929858461,3.4666308242603335e-12,0.00013394091788078002
2023-08-31 13:47:29,0.0001331696382844,3.467392303276222e-12,0.0001337069764242
2023-08-31 13:47:30,0.0001331869110155,3.4669401549396765e-12,0.00013347117902562
2023-08-31 13:47:31,0.0001332947105464,3.4668211783351085e-12,0.00013349816730326
2023-08-31 13:47:32,0.0001358914514586,3.467059135627361e-12,0.00013390713943020003
2023-08-31 13:47:33,0.0001376806971554,3.467059135627361e-12,0.00013464468169206
2023-08-31 13:47:34,0.0001343990959402,3.466725999991212e-12,0.00013489057322322
2023-08-31 13:47:35,0.0001355436013631,3.466797383504162e-12,0.00013536191129274
2023-08-31 13:47:36,0.000134336856545,3.4670115428623008e-12,0.00013557034049246002
2023-08-31 13:47:37,0.0001343741967225,3.467320907513504e-12,0.00013526688954524
2023-08-31 13:47:38,0.0001308130143746,3.466916359292124e-12,0.00013389335298908002
2023-08-31 13:47:39,0.0001333334079779,3.4668449733293882e-12,0.00013368021539662
2023-08-31 13:47:40,0.0001351323637788,3.467249513220869e-12,0.00013359796787976
2023-08-31 13:47:41,0.0001343766864367,3.4668687684869736e-12,0.0001336059338581
2023-08-31 13:47:42,0.0001343800061274,3.4672257154500087e-12,0.00013360709573908002
2023-08-31 13:47:43,0.0001343650681652,3.467130525999922e-12,0.00013431750649719998
2023-08-31 13:47:44,0.0001328320368393,3.467082932254878e-12,0.00013421723226948
2023-08-31 13:47:45,0.0001342721581488,3.467154323117437e-12,0.00013404519114347999
2023-08-31 13:47:46,0.0001343567700149,3.466797383504162e-12,0.00013404120785912
2023-08-31 13:47:47,0.0001332091221045,3.4671781203982867e-12,0.00013380703105454
2023-08-31 13:47:48,0.0001343949457502,3.4670115428623008e-12,0.00013381300657154
2023-08-31 13:47:49,0.0001326549544923,3.467320907513504e-12,0.00013377759010214002
2023-08-31 13:47:50,0.0001320892232176,3.4670353391631588e-12,0.0001333410031159
2023-08-31 13:47:51,0.0001335567549623,3.466916359292124e-12,0.00013318100010538002
2023-08-31 13:47:52,0.0001347847918928,3.466892563807881e-12,0.00013349613406304
2023-08-31 13:47:53,0.0001360358821889,3.4674161021904946e-12,0.00013382432135078002
2023-08-31 13:47:54,0.0001332338054367,3.467320907513504e-12,0.00013394009153966
2023-08-31 13:47:55,0.0001320818813566,3.467487499913371e-12,0.00013393862316745997
2023-08-31 13:47:56,0.0001321047240422,3.467059135627361e-12,0.00013364821698344
2023-08-31 13:47:57,0.0001320182689862,3.467082932254878e-12,0.00013309491240212
2023-08-31 13:47:58,0.0001335856277804,3.4669401549396765e-12,0.00013260486152041998
2023-08-31 13:47:59,0.0001347456732253,3.467392303276222e-12,0.00013290723507813998
2023-08-31 13:48:00,0.0001334264924648,3.4672733111550826e-12,0.00013317615729977999
2023-08-31 13:48:01,0.0001333647034762,3.4670353391631588e-12,0.00013342815318658
2023-08-31 13:48:02,0.000135210837027,3.467130525999922e-12,0.00013406666679474
2023-08-31 13:48:03,0.0001331959595306,3.4668211783351085e-12,0.00013398873314478
2023-08-31 13:48:04,0.0001331712832099,3.466702205813516e-12,0.0001336738551417
2023-08-31 13:48:05,0.0001321773573882,3.466511858271225e-12,0.00013342402812638
2023-08-31 13:48:06,0.0001342199245,3.4673685045253096e-12,0.00013359507233114
2023-08-31 13:48:07,0.0001356256638858,3.466178775220736e-12,0.00013367803770290002
2023-08-31 13:48:08,0.000133223931555,3.467154323117437e-12,0.00013368363210778002
2023-08-31 13:48:09,0.0001331647036299,3.467511299481024e-12,0.00013368231619178
2023-08-31 13:48:10,0.000133223931555,3.4672971092526225e-12,0.00013389163102514
2023-08-31 13:48:11,0.0001320688301669,3.467677901028532e-12,0.00013346141215852002
2023-08-31 13:48:12,0.0001332082994056,3.4670115428623008e-12,0.00013297793926248
2023-08-31 13:48:13,0.0001333111761656,3.4673685045253096e-12,0.00013299538818459998
2023-08-31 13:48:14,0.0001344181884649,3.4671781203982867e-12,0.0001332460851516
2023-08-31 13:48:15,0.0001332189948886,3.466892563807881e-12,0.00013324509781832
2023-08-31 13:48:16,0.0001332346282932,3.4669877467247718e-12,0.00013347825744358
2023-08-31 13:48:17,0.0001339061220334,3.4672257154500087e-12,0.00013361782196914
2023-08-31 13:48:18,0.000133185265897,3.467059135627361e-12,0.00013359263991542
2023-08-31 13:48:19,0.0001332667236611,3.466583237374773e-12,0.00013336234695466
2023-08-31 13:48:20,0.0001332157038793,3.467059135627361e-12,0.0001333616887528
2023-08-31 13:48:21,0.0001332017179967,3.4669401549396765e-12,0.0001333551066935
2023-08-31 13:48:22,0.00013418428463,3.4676064993851786e-12,0.00013341073921281998
2023-08-31 13:48:23,0.0001332453258902,3.466678411799148e-12,0.00013342275121146
2023-08-31 13:48:24,0.000133349054809,3.466963950750554e-12,0.00013343921744104
2023-08-31 13:48:25,0.0001332412113282,3.4670115428623008e-12,0.00013344431893082
2023-08-31 13:48:26,0.0001320574114337,3.467344705937742e-12,0.00013321545761822
2023-08-31 13:48:27,0.0001332033633184,3.467511299481024e-12,0.0001330192733559
2023-08-31 13:48:28,0.0001342870857817,3.4668211783351085e-12,0.0001332276253342
2023-08-31 13:48:29,0.0001344123774094,3.4667735888365197e-12,0.00013344028985428
2023-08-31 13:48:30,0.0001322328794401,3.467154323117437e-12,0.00013323862347666002
2023-08-31 13:48:31,0.0001330044268599,3.466583237374773e-12,0.0001334280265619
2023-08-31 13:48:32,0.0001332428571377,3.466916359292124e-12,0.00013343592532576
2023-08-31 13:48:33,0.0001344572120587,3.4665594441769415e-12,0.00013346995058116
2023-08-31 13:48:34,0.0001344015861157,3.466963950750554e-12,0.00013346779232242
2023-08-31 13:48:35,0.0001327639633597,3.4672257154500087e-12,0.00013357400910634
2023-08-31 13:48:36,0.0001340567217855,3.4670353391631588e-12,0.00013378446809146
2023-08-31 13:48:37,0.0001345909745184,3.4672257154500087e-12,0.0001340540915676
2023-08-31 13:48:38,0.0001320565958477,3.4665594441769415e-12,0.0001335739683254
2023-08-31 13:48:39,0.0001320655675709,3.467511299481024e-12,0.00013310676461644
2023-08-31 13:48:40,0.0001332247543505,3.4668449733293882e-12,0.0001331989228146
2023-08-31 13:48:41,0.0001333894156372,3.466725999991212e-12,0.00013306546158494
2023-08-31 13:48:42,0.0001341039224626,3.467249513220869e-12,0.00013296805117378002
2023-08-31 13:48:43,0.0001344314718209,3.466916359292124e-12,0.00013344302636842
2023-08-31 13:48:44,0.0001332634314727,3.4667735888365197e-12,0.00013368259914878
2023-08-31 13:48:45,0.0001320525179932,3.466702205813516e-12,0.00013344815187732
2023-08-31 13:48:46,0.0001331268773526,3.467201917842486e-12,0.0001333956442204
2023-08-31 13:48:47,0.0001323243783716,3.4674161021904946e-12,0.0001330397354022
2023-08-31 13:48:48,0.0001344364534178,3.467558899106401e-12,0.00013304073172158
2023-08-31 13:48:49,0.0001331984274141,3.466678411799148e-12,0.00013302773090986
2023-08-31 13:48:50,0.0001320370232944,3.4668687684869736e-12,0.0001330246319701
2023-08-31 13:48:51,0.0001321847045563,3.4671067290457265e-12,0.00013283619741084
2023-08-31 13:48:52,0.0001332387426519,3.467154323117437e-12,0.0001330190702669
2023-08-31 13:48:53,0.0001322483971229,3.466892563807881e-12,0.00013258145900792002
2023-08-31 13:48:54,0.0001344239997717,3.466511858271225e-12,0.00013282657347944
2023-08-31 13:48:55,0.0001344829572251,3.466749794332208e-12,0.00013331576026558
2023-08-31 13:48:56,0.0001334742955781,3.4672257154500087e-12,0.00013357367846994
2023-08-31 13:48:57,0.0001332436800501,3.466678411799148e-12,0.00013357466594958
2023-08-31 13:48:58,0.0001320769870093,3.467059135627361e-12,0.00013354038392686
2023-08-31 13:48:59,0.0001332691928558,3.467487499913371e-12,0.00013330942254368
2023-08-31 13:49:00,0.000134297038459,3.467320907513504e-12,0.00013327223879046001
2023-08-31 13:49:01,0.0001344613641715,3.466678411799148e-12,0.00013346965250913997
2023-08-31 13:49:02,0.0001341942296881,3.467630299769615e-12,0.00013365976243674
2023-08-31 13:49:03,0.0001332428571377,3.466963950750554e-12,0.00013389293646242
2023-08-31 13:49:04,0.0001332980035076,3.4670353391631588e-12,0.00013389869859278
2023-08-31 13:49:05,0.0001332387426519,3.4671781203982867e-12,0.00013368703943136
2023-08-31 13:49:06,0.0001332593163516,3.466963950750554e-12,0.00013344662986738
2023-08-31 13:49:07,0.0001339905032411,3.467130525999922e-12,0.00013340588457798
2023-08-31 13:49:08,0.0001339086030749,3.4669877467247718e-12,0.00013353903376542
2023-08-31 13:49:09,0.0001333548198938,3.466725999991212e-12,0.00013355039704266
2023-08-31 13:49:10,0.0001338622978776,3.4668449733293882e-12,0.0001336751080878
2023-08-31 13:49:11,0.0001348763906202,3.4668687684869736e-12,0.00013399852294152
2023-08-31 13:49:12,0.0001318512286597,3.467130525999922e-12,0.00013357066802523998
2023-08-31 13:49:13,0.0001330742673621,3.466963950750554e-12,0.00013340380088268
2023-08-31 13:49:14,0.000134360919026,3.4672257154500087e-12,0.00013360502070911999
2023-08-31 13:49:15,0.0001316795200679,3.4673685045253096e-12,0.00013316846514718
2023-08-31 13:49:16,0.000132402038698,3.4674399012680997e-12,0.00013267359476274
2023-08-31 13:49:17,0.0001332107675177,3.466678411799148e-12,0.00013294550253434002
2023-08-31 13:49:18,0.0001332008953434,3.466749794332208e-12,0.0001329708281306
2023-08-31 13:49:19,0.0001333358784081,3.4671781203982867e-12,0.00013276582000702
2023-08-31 13:49:20,0.0001332370968932,3.4674637005090537e-12,0.00013307733537208
2023-08-31 13:49:21,0.0001332420342304,3.4672257154500087e-12,0.00013324533447856002
2023-08-31 13:49:22,0.0001334644038738,3.467320907513504e-12,0.00013329606174978002
2023-08-31 13:49:23,0.000131515345054,3.4672971092526225e-12,0.0001329589516919
2023-08-31 13:49:24,0.0001332140584051,3.467487499913371e-12,0.0001329345876913
2023-08-31 13:49:25,0.0001326606895691,3.4675826991641118e-12,0.00013281930622648002
2023-08-31 13:49:26,0.0001325836963675,3.4671781203982867e-12,0.0001326876386539
2023-08-31 13:49:27,0.0001344447564896,3.466916359292124e-12,0.00013288370917706
2023-08-31 13:49:28,0.0001341006095922,3.4667735888365197e-12,0.0001334007620847
2023-08-31 13:49:29,0.0001332477946884,3.4668687684869736e-12,0.00013340750934136
2023-08-31 13:49:30,0.000132490381589,3.4672971092526225e-12,0.00013337344774534
2023-08-31 13:49:31,0.0001321406276728,3.466749794332208e-12,0.00013328483400640003
2023-08-31 13:49:32,0.0001311552041777,3.4666070307358988e-12,0.00013262692354402001
2023-08-31 13:49:33,0.000133494081186,3.466797383504162e-12,0.00013250561786278
2023-08-31 13:49:34,0.000134409887034,3.467059135627361e-12,0.0001327380363319
2023-08-31 13:49:35,0.0001330101770455,3.4668211783351085e-12,0.0001328419954232
2023-08-31 13:49:36,0.0001320786184383,3.4671067290457265e-12,0.0001328295935763
2023-08-31 13:49:37,0.0001322206299241,3.467130525999922e-12,0.00013304267872558002
2023-08-31 13:49:38,0.0001344646859541,3.466963950750554e-12,0.0001332367996792
2023-08-31 13:49:39,0.0001330520787585,3.4672971092526225e-12,0.00013296523802410002
2023-08-31 13:49:40,0.0001321259386446,3.467344705937742e-12,0.00013278839034392
2023-08-31 13:49:41,0.0001311074219109,3.466963950750554e-12,0.00013259415103843999
2023-08-31 13:49:42,0.0001320671988588,3.4670353391631588e-12,0.00013256346482538
2023-08-31 13:49:43,0.0001336417413865,3.466725999991212e-12,0.00013239887591186
2023-08-31 13:49:44,0.0001314812353676,3.466963950750554e-12,0.00013208470723368
2023-08-31 13:49:45,0.0001315738393907,3.466725999991212e-12,0.0001319742873829
2023-08-31 13:49:46,0.0001343966058108,3.467487499913371e-12,0.00013263212416288002
2023-08-31 13:49:47,0.0001326238255444,3.466725999991212e-12,0.00013274344950000002
2023-08-31 13:49:48,0.0001309868289193,3.467082932254878e-12,0.00013221246700656
2023-08-31 13:49:49,0.0001313043319293,3.466725999991212e-12,0.0001321770863189
2023-08-31 13:49:50,0.0001334883100807,3.466702205813516e-12,0.0001325599804569
2023-08-31 13:49:51,0.0001331729281557,3.467201917842486e-12,0.00013231524492588
2023-08-31 13:49:52,0.0001310531818009,3.4674399012680997e-12,0.00013200111617718
2023-08-31 13:49:53,0.0001331753956125,3.4671781203982867e-12,0.00013243882951582
2023-08-31 13:49:54,0.0001332222859792,3.4670115428623008e-12,0.00013282242032580001
2023-08-31 13:49:55,0.0001332255771511,3.4671781203982867e-12,0.00013276987373988
2023-08-31 13:49:56,0.0001332272227676,3.466702205813516e-12,0.00013278073266226
2023-08-31 13:49:57,0.0001317031065656,3.467082932254878e-12,0.0001329107176152
2023-08-31 13:49:58,0.0001308736211441,3.4670353391631588e-12,0.00013245036272152
2023-08-31 13:49:59,0.000134873058667,3.466725999991212e-12,0.00013278051725908
2023-08-31 13:50:00,0.0001335666535111,3.467059135627361e-12,0.00013284873253107998
2023-08-31 13:50:01,0.000133216526624,3.4673685045253096e-12,0.00013284659330236
2023-08-31 13:50:02,0.0001332099448086,3.467249513220869e-12,0.00013314796095096
2023-08-31 13:50:03,0.0001322385962693,3.4670353391631588e-12,0.000133420955976
2023-08-31 13:50:04,0.0001319962564582,3.4672971092526225e-12,0.00013284559553423998
2023-08-31 13:50:05,0.0001304137129983,3.4663691044733186e-12,0.00013221500743167998
2023-08-31 13:50:06,0.0001320133769961,3.4668211783351085e-12,0.0001319743775061
2023-08-31 13:50:07,0.0001331753956125,3.467130525999922e-12,0.00013196746766687997
2023-08-31 13:50:08,0.0001343866457547,3.467130525999922e-12,0.00013239707756396
2023-08-31 13:50:09,0.0001330602963284,3.466797383504162e-12,0.000132609885538
2023-08-31 13:50:10,0.0001320093004761,3.4670353391631588e-12,0.00013292900303355998
2023-08-31 13:50:11,0.000132010931069,3.4668211783351085e-12,0.00013292851384814
2023-08-31 13:50:12,0.0001320166383027,3.4679397196330693e-12,0.00013269676238618
2023-08-31 13:50:13,0.0001329182039017,3.466892563807881e-12,0.00013240307401558
2023-08-31 13:50:14,0.0001350272476682,3.466963950750554e-12,0.00013279646428354
2023-08-31 13:50:15,0.0001320574114337,3.4666546179480924e-12,0.00013280608647505998
2023-08-31 13:50:16,0.0001320549646908,3.4668687684869736e-12,0.00013281489319942
2023-08-31 13:50:17,0.0001317380874251,3.467320907513504e-12,0.0001327591830239
2023-08-31 13:50:18,0.0001323644290605,3.4669877467247718e-12,0.00013264842805565998
2023-08-31 13:50:19,0.0001338854484744,3.4670115428623008e-12,0.0001324200682169
2023-08-31 13:50:20,0.0001322263462237,3.466749794332208e-12,0.0001324538551749
2023-08-31 13:50:21,0.0001310993249471,3.4672971092526225e-12,0.00013226272722615998
2023-08-31 13:50:22,0.0001324134872303,3.4670115428623008e-12,0.0001323978071872
2023-08-31 13:50:23,0.0001332124129513,3.467130525999922e-12,0.00013256740396536002
2023-08-31 13:50:24,0.0001319889197645,3.466797383504162e-12,0.00013218809822338
2023-08-31 13:50:25,0.0001327836436713,3.4671067290457265e-12,0.0001322995577129
2023-08-31 13:50:26,0.0001332033633184,3.466797383504162e-12,0.00013272036538716
2023-08-31 13:50:27,0.0001332058313391,3.467082932254878e-12,0.00013287883420892
2023-08-31 13:50:28,0.0001320019630574,3.467249513220869e-12,0.00013263674423014002
2023-08-31 13:50:29,0.0001314260289166,3.4668687684869736e-12,0.00013252416606056
2023-08-31 13:50:30,0.0001307702025163,3.4670353391631588e-12,0.00013212147782956
2023-08-31 13:50:31,0.0001321300187664,3.4672733111550826e-12,0.00013190680891916
2023-08-31 13:50:32,0.0001332124129513,3.466892563807881e-12,0.00013190812524160002
2023-08-31 13:50:33,0.0001335204665589,3.4667735888365197e-12,0.00013221182594190002
2023-08-31 13:50:34,0.0001348897192562,3.4670353391631588e-12,0.00013290456400982
2023-08-31 13:50:35,0.0001320582270248,3.4676064993851786e-12,0.00013316216891152
2023-08-31 13:50:36,0.0001320492558002,3.467249513220869e-12,0.00013314601631828
2023-08-31 13:50:37,0.0001341221447125,3.467082932254878e-12,0.00013332796267052
2023-08-31 13:50:38,0.000135199981629,3.466725999991212e-12,0.00013366386568454
2023-08-31 13:50:39,0.0001320190843355,3.466916359292124e-12,0.0001330897387004
2023-08-31 13:50:40,0.000130985210976,3.4668687684869736e-12,0.00013287513549064
2023-08-31 13:50:41,0.0001339631976215,3.4674399012680997e-12,0.00013325792385489999
2023-08-31 13:50:42,0.0001349505478739,3.467082932254878e-12,0.00013342360448718
2023-08-31 13:50:43,0.0001320329460442,3.467344705937742e-12,0.00013279019737022
2023-08-31 13:50:44,0.0001320264227059,3.466963950750554e-12,0.0001327916650443
2023-08-31 13:50:45,0.0001314382048172,3.467320907513504e-12,0.00013288226381254
2023-08-31 13:50:46,0.0001332157038793,3.466963950750554e-12,0.0001327327650641
2023-08-31 13:50:47,0.0001322157304354,3.4669401549396765e-12,0.0001321858015764
2023-08-31 13:50:48,0.0001319082430434,3.467059135627361e-12,0.00013216086097624
2023-08-31 13:50:49,0.0001309795483322,3.4670353391631588e-12,0.0001319514861015
2023-08-31 13:50:50,0.0001324380231332,3.466583237374773e-12,0.0001321514497647
2023-08-31 13:50:51,0.0001325992552191,3.4668449733293882e-12,0.00013202816003266
2023-08-31 13:50:52,0.0001332650775567,3.4670353391631588e-12,0.00013223802945692
2023-08-31 13:50:53,0.0001317266972881,3.4674161021904946e-12,0.00013220172030586
2023-08-31 13:50:54,0.0001316315467831,3.4668211783351085e-12,0.00013233211999604
2023-08-31 13:50:55,0.000132561589561,3.4671781203982867e-12,0.00013235683328159998
2023-08-31 13:50:56,0.0001308962548691,3.4668687684869736e-12,0.0001320162332116
2023-08-31 13:50:57,0.00013201011577,3.467344705937742e-12,0.00013176524085426
2023-08-31 13:50:58,0.0001320345769292,3.466892563807881e-12,0.00013182681678248
2023-08-31 13:50:59,0.00013323791977,3.467059135627361e-12,0.00013214809137986001
2023-08-31 13:51:00,0.0001332255771511,3.466963950750554e-12,0.00013228088889787997
2023-08-31 13:51:01,0.0001356491194451,3.467130525999922e-12,0.00013323146181308
2023-08-31 13:51:02,0.0001320933022056,3.4671781203982867e-12,0.00013324809910019998
2023-08-31 13:51:03,0.0001276777544184,3.4669877467247718e-12,0.00013237673459804
2023-08-31 13:51:04,0.000130516849699,3.467130525999922e-12,0.00013183252058384
2023-08-31 13:51:05,0.0001328829096819,3.4674161021904946e-12,0.00013176398708999998
2023-08-31 13:51:06,0.0001345893120569,3.4678921147801202e-12,0.00013155202561236
2023-08-31 13:51:07,0.0001320337614842,3.4667735888365197e-12,0.00013154011746808
2023-08-31 13:51:08,0.0001310628947976,3.467082932254878e-12,0.00013221714554392
2023-08-31 13:51:09,0.0001308647303944,3.4668449733293882e-12,0.000132286721683
2023-08-31 13:51:10,0.0001321104353308,3.4669401549396765e-12,0.00013213222681278
2023-08-31 13:51:11,0.0001329576131733,3.4674399012680997e-12,0.00013180588703606
2023-08-31 13:51:12,0.0001320508868866,3.4668449733293882e-12,0.00013180931211654
2023-08-31 13:51:13,0.0001305192679434,3.4669877467247718e-12,0.0001317005867457
2023-08-31 13:51:14,0.0001308986801432,3.4667735888365197e-12,0.00013170737669546
2023-08-31 13:51:15,0.0001332552013575,3.466892563807881e-12,0.00013193632990080002
2023-08-31 13:51:16,0.0001318259873065,3.467059135627361e-12,0.00013171000472744
2023-08-31 13:51:17,0.00013001322156,3.467392303276222e-12,0.00013130247166212
2023-08-31 13:51:18,0.0001308889793163,3.467630299769615e-12,0.00013137641393670002
2023-08-31 13:51:19,0.0001310289024582,3.4666308242603335e-12,0.0001314024583997
2023-08-31 13:51:20,0.0001320378387595,3.4665594441769415e-12,0.0001311589858801
2023-08-31 13:51:21,0.000129694034502,3.466797383504162e-12,0.0001307325953192
2023-08-31 13:51:22,0.0001308889793163,3.467320907513504e-12,0.00013090774687046
2023-08-31 13:51:23,0.0001326123588261,3.467320907513504e-12,0.00013125242277242
2023-08-31 13:51:24,0.0001312743306695,3.4670353391631588e-12,0.00013130150841468
2023-08-31 13:51:25,0.0001297773644583,3.4669401549396765e-12,0.00013084941355444
2023-08-31 13:51:26,0.0001308558402487,3.466583237374773e-12,0.00013108177470377998
2023-08-31 13:51:27,0.0001304411007327,3.466725999991212e-12,0.00013099219898705998
2023-08-31 13:51:28,0.0001318259873065,3.4672971092526225e-12,0.00013083492468314
2023-08-31 13:51:29,0.0001306402373087,3.467201917842486e-12,0.00013070810601098
2023-08-31 13:51:30,0.0001305490966422,3.4669401549396765e-12,0.00013086245244776
2023-08-31 13:51:31,0.0001316413026453,3.467059135627361e-12,0.00013101954492708
2023-08-31 13:51:32,0.0001330857740207,3.466892563807881e-12,0.00013154847958468
2023-08-31 13:51:33,0.000132103908164,3.467154323117437e-12,0.00013160406375618
2023-08-31 13:51:34,0.0001303734473641,3.4667735888365197e-12,0.00013155070576726
2023-08-31 13:51:35,0.0001308897876911,3.467392303276222e-12,0.00013161884397704001
2023-08-31 13:51:36,0.0001308663468494,3.467249513220869e-12,0.00013146385281786
2023-08-31 13:51:37,0.0001315746519952,3.4669401549396765e-12,0.00013116162841276
2023-08-31 13:51:38,0.0001320370232944,3.466749794332208e-12,0.00013114825143884
2023-08-31 13:51:39,0.0001320321306093,3.4672971092526225e-12,0.00013147998808788
2023-08-31 13:51:40,0.0001308526076181,3.467249513220869e-12,0.00013147255207328
2023-08-31 13:51:41,0.0001302052715622,3.466511858271225e-12,0.00013134033701583999
2023-08-31 13:51:42,0.0001309156583202,3.4668687684869736e-12,0.00013120853828084002
2023-08-31 13:51:43,0.0001315632759889,3.466797383504162e-12,0.00013111378881974
2023-08-31 13:51:44,0.0001322361461694,3.4668211783351085e-12,0.00013115459193176
2023-08-31 13:51:45,0.0001320500713409,3.4667735888365197e-12,0.00013139408467632
2023-08-31 13:51:46,0.0001322222631273,3.4666546179480924e-12,0.00013179748298934
2023-08-31 13:51:47,0.0001321210426648,3.4668449733293882e-12,0.00013203855985825997
2023-08-31 13:51:48,0.0001308873625818,3.466725999991212e-12,0.00013190337717684
2023-08-31 13:51:49,0.000130886554222,3.467154323117437e-12,0.00013163345878735997
2023-08-31 13:51:50,0.0001297332890633,3.4674161021904946e-12,0.00013117010233184
2023-08-31 13:51:51,0.0001309027223666,3.467249513220869e-12,0.0001309061941797
2023-08-31 13:51:52,0.0001322965952196,3.466702205813516e-12,0.00013094130469066
2023-08-31 13:51:53,0.0001309172754043,3.467249513220869e-12,0.00013094728725516
2023-08-31 13:51:54,0.0001312767629487,3.467154323117437e-12,0.00013102532900050002
2023-08-31 13:51:55,0.0001297429042363,3.466916359292124e-12,0.00013102725203510002
2023-08-31 13:51:56,0.00013093183006,3.4668687684869736e-12,0.00013103307357378
2023-08-31 13:51:57,0.0001321022764227,3.4671781203982867e-12,0.0001309942098144
2023-08-31 13:51:58,0.0001316835864041,3.467201917842486e-12,0.00013114747201436002
2023-08-31 13:51:59,0.0001317877273746,3.4663928963647135e-12,0.00013124966489954
2023-08-31 13:52:00,0.0001317519196298,3.466702205813516e-12,0.00013165146797824
2023-08-31 13:52:01,0.00013294858085,3.466749794332208e-12,0.00013205481813623998
2023-08-31 13:52:02,0.0001320459936879,3.466797383504162e-12,0.00013204356158928
2023-08-31 13:52:03,0.0001318072629735,3.4669401549396765e-12,0.00013206829690315999
2023-08-31 13:52:04,0.0001320296843348,3.4674399012680997e-12,0.00013211668829520002
2023-08-31 13:52:05,0.0001325124765204,3.4668211783351085e-12,0.00013226879967332
2023-08-31 13:52:06,0.000130218138593,3.466749794332208e-12,0.00013172271122191998
2023-08-31 13:52:07,0.0001297076520857,3.4669877467247718e-12,0.00013125504290148002
2023-08-31 13:52:08,0.0001309431514665,3.466725999991212e-12,0.00013108222060008
2023-08-31 13:52:09,0.000131666508636,3.4670353391631588e-12,0.00013100958546032
2023-08-31 13:52:10,0.0001320590426209,3.467059135627361e-12,0.00013091889868042
2023-08-31 13:52:11,0.0001308857458672,3.4664166884194082e-12,0.00013105242013526
2023-08-31 13:52:12,0.0001297565269512,3.4663928963647135e-12,0.00013106219510836
2023-08-31 13:52:13,0.000130790395043,3.467320907513504e-12,0.00013103164382366
2023-08-31 13:52:14,0.0001302655967594,3.4672733111550826e-12,0.00013075146144834
2023-08-31 13:52:15,0.0001317299515125,3.4669877467247718e-12,0.00013068564322666
2023-08-31 13:52:16,0.0001332091221045,3.467392303276222e-12,0.00013115031847412
2023-08-31 13:52:17,0.0001309285955523,3.466749794332208e-12,0.00013138473219433998
2023-08-31 13:52:18,0.0001305136254428,3.4672257154500087e-12,0.0001313293782743
2023-08-31 13:52:19,0.0001309011054622,3.467201917842486e-12,0.00013145648001486
2023-08-31 13:52:20,0.0001309860199452,3.466583237374773e-12,0.0001313076937014
2023-08-31 13:52:21,0.0001295043381951,3.4671067290457265e-12,0.00013056673691952
2023-08-31 13:52:22,0.0001308978717135,3.4665594441769415e-12,0.00013056059215176002
2023-08-31 13:52:23,0.0001305708678327,3.4669401549396765e-12,0.00013057204062974
2023-08-31 13:52:24,0.0001304628539131,3.4669877467247718e-12,0.00013048439031992
2023-08-31 13:52:25,0.0001308598811491,3.467201917842486e-12,0.00013045916256070001
2023-08-31 13:52:26,0.0001313651663304,3.467320907513504e-12,0.00013083132818776
2023-08-31 13:52:27,0.0001320239765371,3.4668687684869736e-12,0.00013105654915248
2023-08-31 13:52:28,0.000131887063395,3.4672257154500087e-12,0.00013131978826494
2023-08-31 13:52:29,0.0001308687715694,3.4670353391631588e-12,0.0001314009717962
2023-08-31 13:52:30,0.0001298928327945,3.4666070307358988e-12,0.00013120756212528
2023-08-31 13:52:31,0.000130859072959,3.466725999991212e-12,0.00013110634345099998
2023-08-31 13:52:32,0.0001308469507069,3.4669877467247718e-12,0.00013087093828495998
2023-08-31 13:52:33,0.0001330422183445,3.467130525999922e-12,0.00013110196927486
2023-08-31 13:52:34,0.0001320150076393,3.467059135627361e-12,0.00013133121648883998
2023-08-31 13:52:35,0.0001296732103745,3.4666546179480924e-12,0.00013128729200484
2023-08-31 13:52:36,0.0001327893843117,3.466725999991212e-12,0.00013167335427537999
2023-08-31 13:52:37,0.0001319995173418,3.4667735888365197e-12,0.00013190386760236002
2023-08-31 13:52:38,0.0001321985836547,3.4669877467247718e-12,0.0001317351406644
2023-08-31 13:52:39,0.000131216779881,3.466892563807881e-12,0.00013157549511274002
2023-08-31 13:52:40,0.0001306805853405,3.4669877467247718e-12,0.00013177697010594
2023-08-31 13:52:41,0.000131978323038,3.4673685045253096e-12,0.0001316147578512
2023-08-31 13:52:42,0.0001322851567938,3.467059135627361e-12,0.0001316718857416
2023-08-31 13:52:43,0.000131663255979,3.466702205813516e-12,0.00013156482020646002
2023-08-31 13:52:44,0.0001296275691792,3.4670115428623008e-12,0.0001312469780661
2023-08-31 13:52:45,0.0001313968113569,3.4668211783351085e-12,0.00013139022326938
2023-08-31 13:52:46,0.000132620549238,3.466749794332208e-12,0.00013151866850938
2023-08-31 13:52:47,0.000129621164683,3.466583237374773e-12,0.00013098587008722
2023-08-31 13:52:48,0.0001307790868439,3.4672733111550826e-12,0.00013080903626020002
2023-08-31 13:52:49,0.0001315892797343,3.467130525999922e-12,0.00013120137837122
2023-08-31 13:52:50,0.0001274957316188,3.467059135627361e-12,0.0001304211624236
2023-08-31 13:52:51,0.0001308825124979,3.467344705937742e-12,0.00013007355507558
2023-08-31 13:52:52,0.0001320378387595,3.4668687684869736e-12,0.00013055688989088
2023-08-31 13:52:53,0.0001320337614842,3.466749794332208e-12,0.00013080782481894002
2023-08-31 13:52:54,0.0001302704239824,3.466464273018712e-12,0.00013054405366856
2023-08-31 13:52:55,0.0001297092542483,3.4670115428623008e-12,0.00013098675819446
2023-08-31 13:52:56,0.0001319375743257,3.4669877467247718e-12,0.00013119777056002
2023-08-31 13:52:57,0.0001320280535102,3.466725999991212e-12,0.00013119581351016
2023-08-31 13:52:58,0.0001317893552306,3.4664880655633097e-12,0.00013114693225944
2023-08-31 13:52:59,0.0001307976651159,3.4672733111550826e-12,0.00013125238048614001
2023-08-31 13:53:00,0.0001296820201742,3.4670353391631588e-12,0.00013124693367132
2023-08-31 13:53:01,0.0001275382591488,3.4669401549396765e-12,0.00013036707063594002
2023-08-31 13:53:02,0.0001306773570394,3.4668449733293882e-12,0.00013009693134178
2023-08-31 13:53:03,0.0001320011478139,3.467082932254878e-12,0.00013013928985844002
2023-08-31 13:53:04,0.0001324462027778,3.4671067290457265e-12,0.00013046899739082
2023-08-31 13:53:05,0.0001302647922396,3.466749794332208e-12,0.0001305855518039
2023-08-31 13:53:06,0.0001297501160836,3.4669877467247718e-12,0.00013102792319086
2023-08-31 13:53:07,0.0001298374914026,3.466749794332208e-12,0.0001308599500635
2023-08-31 13:53:08,0.0001319913652838,3.467082932254878e-12,0.00013085799355748
2023-08-31 13:53:09,0.000132942012273,3.467130525999922e-12,0.00013095715545652
2023-08-31 13:53:10,0.0001309019139119,3.4671781203982867e-12,0.00013108457979098
2023-08-31 13:53:11,0.0001296932335121,3.466583237374773e-12,0.00013107320327668
2023-08-31 13:53:12,0.000129913692191,3.4668687684869736e-12,0.00013108844343436
2023-08-31 13:53:13,0.0001305668358568,3.4672257154500087e-12,0.00013080353754896
2023-08-31 13:53:14,0.0001303404388212,3.467154323117437e-12,0.0001302832228586
2023-08-31 13:53:15,0.0001321912357152,3.467059135627361e-12,0.00013054108721926
2023-08-31 13:53:16,0.0001308477588221,3.4671067290457265e-12,0.00013077199228126
2023-08-31 13:53:17,0.0001308259414632,3.466678411799148e-12,0.0001309544421357
2023-08-31 13:53:18,0.0001308340215423,3.4670353391631588e-12,0.0001310078792728
2023-08-31 13:53:19,0.0001308146301908,3.4675826991641118e-12,0.00013110271754672
2023-08-31 13:53:20,0.0001320223457831,3.466749794332208e-12,0.0001310689395603
2023-08-31 13:53:21,0.0001317893552306,3.467059135627361e-12,0.000131257258842
2023-08-31 13:53:22,0.0001314974769719,3.466916359292124e-12,0.00013139156594374
2023-08-31 13:53:23,0.0001308501831976,3.4670115428623008e-12,0.0001313947982748
2023-08-31 13:53:24,0.0001295163360616,3.466892563807881e-12,0.00013113513944896
2023-08-31 13:53:25,0.0001308914044557,3.4675826991641118e-12,0.00013090895118348002
2023-08-31 13:53:26,0.0001308889793163,3.467677901028532e-12,0.00013072887600062
2023-08-31 13:53:27,0.0001309609442259,3.467344705937742e-12,0.00013062156945142
2023-08-31 13:53:28,0.0001308283654345,3.4671781203982867e-12,0.0001306172058988
2023-08-31 13:53:29,0.0001331655260596,3.466892563807881e-12,0.00013134704389840003
2023-08-31 13:53:30,0.0001302117049187,3.4676064993851786e-12,0.000131211103991
2023-08-31 13:53:31,0.0001264707220473,3.4667735888365197e-12,0.0001303274525372
2023-08-31 13:53:32,0.0001307532432031,3.466892563807881e-12,0.00013028591233264
2023-08-31 13:53:33,0.0001323162062507,3.466797383504162e-12,0.00013058348049588
2023-08-31 13:53:34,0.0001312086761634,3.467201917842486e-12,0.00013019211051663998
2023-08-31 13:53:35,0.00013142521723,3.4670353391631588e-12,0.00013043481297889998
2023-08-31 13:53:36,0.0001288143379933,3.4674161021904946e-12,0.00013090353616810002
2023-08-31 13:53:37,0.0001385507591636,3.467154323117437e-12,0.00013246303936019998
2023-08-31 13:53:38,0.0001314739273001,3.4666308242603335e-12,0.00013229458357008
2023-08-31 13:53:39,0.0001297348915426,3.4671067290457265e-12,0.00013199982664592
2023-08-31 13:53:40,0.0001308412940402,3.4668211783351085e-12,0.00013188304200796
2023-08-31 13:53:41,0.0001321030922908,3.4668211783351085e-12,0.00013254079286746
2023-08-31 13:53:42,0.000131444699092,3.4669401549396765e-12,0.00013111958085314
2023-08-31 13:53:43,0.0001288135424365,3.466678411799148e-12,0.00013058750388042002
2023-08-31 13:53:44,0.0001304676884458,3.4671781203982867e-12,0.00013073406326106002
2023-08-31 13:53:45,0.0001314041151378,3.467320907513504e-12,0.00013084662748058
2023-08-31 13:53:46,0.0001320141923152,3.466725999991212e-12,0.00013082884748546
2023-08-31 13:53:47,0.0001320166383027,3.4671781203982867e-12,0.0001309432353276
2023-08-31 13:53:48,0.0001319889197645,3.4669877467247718e-12,0.0001315783107932
2023-08-31 13:53:49,0.0001303645905932,3.466725999991212e-12,0.00013155769122267998
2023-08-31 13:53:50,0.0001287006232404,3.466963950750554e-12,0.0001310169928432
2023-08-31 13:53:51,0.0001293884161042,3.4672257154500087e-12,0.000130491837601
2023-08-31 13:53:52,0.0001310030094506,3.467059135627361e-12,0.00013028911183058002
2023-08-31 13:53:53,0.0001320060393508,3.4670353391631588e-12,0.00013029253574784
2023-08-31 13:53:54,0.0001320223457831,3.467320907513504e-12,0.00013062408678582
2023-08-31 13:53:55,0.0001314325225898,3.4671067290457265e-12,0.0001311704666557
2023-08-31 13:53:56,0.0001301031845927,3.466345312745206e-12,0.00013131342035340002
2023-08-31 13:53:57,0.0001284615935395,3.4667735888365197e-12,0.00013080513717118
2023-08-31 13:53:58,0.0001289854968464,3.467201917842486e-12,0.0001302010286703
2023-08-31 13:53:59,0.0001330849520835,3.466440480637417e-12,0.00013041354993038003
2023-08-31 13:54:00,0.0001335295377353,3.4670353391631588e-12,0.00013083295295948
2023-08-31 13:54:01,0.0001332000726952,3.4668449733293882e-12,0.00013145233057998
2023-08-31 13:54:02,0.0001309666060654,3.4670115428623008e-12,0.00013195333308516001
2023-08-31 13:54:03,0.0001308930212402,3.4668449733293882e-12,0.00013233483796392
2023-08-31 13:54:04,0.0001318479714394,3.466702205813516e-12,0.0001320874418351
2023-08-31 13:54:05,0.0001310855612562,3.466892563807881e-12,0.00013159864653928
2023-08-31 13:54:06,0.0001320517024374,3.466797383504162e-12,0.00013136897248772002
2023-08-31 13:54:07,0.0001313554309325,3.466702205813516e-12,0.00013144673746114
2023-08-31 13:54:08,0.0001309116156974,3.466892563807881e-12,0.00013145045635258
2023-08-31 13:54:09,0.0001314974769719,3.467082932254878e-12,0.00013138035745908
2023-08-31 13:54:10,0.0001330611181133,3.466963950750554e-12,0.0001317754688305
2023-08-31 13:54:11,0.0001308429102057,3.4668211783351085e-12,0.00013153371038416
2023-08-31 13:54:12,0.0001308154381064,3.466892563807881e-12,0.00013142571181894
2023-08-31 13:54:13,0.0001318145895697,3.4669877467247718e-12,0.0001316063065934
2023-08-31 13:54:14,0.0001321079876055,3.4668687684869736e-12,0.00013172840872012
2023-08-31 13:54:15,0.0001329034284365,3.4668211783351085e-12,0.00013169687078476
2023-08-31 13:54:16,0.0001333556434977,3.467059135627361e-12,0.00013219941744316
2023-08-31 13:54:17,0.0001314487581768,3.4673685045253096e-12,0.00013232608145724
2023-08-31 13:54:18,0.0001309075731994,3.466797383504162e-12,0.00013214467818318
2023-08-31 13:54:19,0.0001308905960709,3.466916359292124e-12,0.00013190119987626002
2023-08-31 13:54:20,0.0001309221267765,3.4669877467247718e-12,0.00013150493954426
2023-08-31 13:54:21,0.0001311349553287,3.4666308242603335e-12,0.00013106080191046
2023-08-31 13:54:22,0.0001323668815373,3.4675826991641118e-12,0.00013124442658256
2023-08-31 13:54:23,0.0001320729085251,3.467344705937742e-12,0.0001314774936477
2023-08-31 13:54:24,0.0001310774656424,3.4672733111550826e-12,0.000131514867562
2023-08-31 13:54:25,0.000129712458633,3.4669401549396765e-12,0.00013127293393329999
2023-08-31 13:54:26,0.0001313749024498,3.466725999991212e-12,0.00013132092335751998
2023-08-31 13:54:27,0.0001310458975257,3.467082932254878e-12,0.0001310567265552
2023-08-31 13:54:28,0.0001297108564308,3.4672257154500087e-12,0.00013058431613634
2023-08-31 13:54:29,0.0001314560648452,3.466583237374773e-12,0.0001306600359769
2023-08-31 13:54:30,0.0001327000224896,3.4671067290457265e-12,0.00013125754874821998
2023-08-31 13:54:31,0.0001300525727299,3.4671067290457265e-12,0.00013099308280424
2023-08-31 13:54:32,0.0001308461425967,3.4669877467247718e-12,0.00013095313181843998
2023-08-31 13:54:33,0.000132919024809,3.467320907513504e-12,0.00013159476549408
2023-08-31 13:54:34,0.0001297148619735,3.4672733111550826e-12,0.00013124652491974
2023-08-31 13:54:35,0.0001308122064739,3.4663691044733186e-12,0.0001308689617166
2023-08-31 13:54:36,0.0001328911168036,3.4670115428623008e-12,0.00013143667053134
2023-08-31 13:54:37,0.0001320231611576,3.466963950750554e-12,0.00013167207424352
2023-08-31 13:54:38,0.0001297076520857,3.466892563807881e-12,0.00013102979969885998
2023-08-31 13:54:39,0.0001309585177982,3.4670353391631588e-12,0.0001312785308638
2023-08-31 13:54:40,0.0001310111004658,3.4668449733293882e-12,0.00013131830966218002
2023-08-31 13:54:41,0.0001317559882017,3.4672733111550826e-12,0.00013109128394179999
2023-08-31 13:54:42,0.0001320671988588,3.4668687684869736e-12,0.00013110009148204
2023-08-31 13:54:43,0.0001320492558002,3.4668449733293882e-12,0.00013156841222493999
2023-08-31 13:54:44,0.0001320313151794,3.4669877467247718e-12,0.00013178297170118
2023-08-31 13:54:45,0.0001314357695468,3.4669401549396765e-12,0.00013186790551738002
2023-08-31 13:54:46,0.0001306934993424,3.467082932254878e-12,0.00013165540774552
2023-08-31 13:54:47,0.000130875237709,3.4668687684869736e-12,0.00013141701551556002
2023-08-31 13:54:48,0.0001320753556005,3.467059135627361e-12,0.00013142223547562
2023-08-31 13:54:49,0.0001320745399037,3.466749794332208e-12,0.00013143088042048002
2023-08-31 13:54:50,0.0001320973813196,3.4669401549396765e-12,0.00013156320277504
2023-08-31 13:54:51,0.0001289862934652,3.4672971092526225e-12,0.0001312217615996
2023-08-31 13:54:52,0.0001297541228387,3.467344705937742e-12,0.00013099753862554002
2023-08-31 13:54:53,0.0001298471142985,3.4669877467247718e-12,0.00013055189036513998
2023-08-31 13:54:54,0.0001305353907179,3.4667735888365197e-12,0.00013024406052798
2023-08-31 13:54:55,0.0001321153309176,3.466916359292124e-12,0.00013024765044758
2023-08-31 13:54:56,0.000130312267409,3.466702205813516e-12,0.00013051284523634
2023-08-31 13:54:57,0.0001313968113569,3.4667735888365197e-12,0.00013084138293998002
2023-08-31 13:54:58,0.0001297036467656,3.466725999991212e-12,0.0001308126894334
2023-08-31 13:54:59,0.0001297276805415,3.4669877467247718e-12,0.00013065114739812
2023-08-31 13:55:00,0.000130337218923,3.466892563807881e-12,0.00013029552499919998
2023-08-31 13:55:01,0.0001320272381055,3.466797383504162e-12,0.00013063851913850002
2023-08-31 13:55:02,0.0001320353923792,3.4671067290457265e-12,0.00013076623534295998
2023-08-31 13:55:03,0.0001320256073112,3.466963950750554e-12,0.00013123062745208001
2023-08-31 13:55:04,0.0001297725555058,3.466725999991212e-12,0.00013123960244494
2023-08-31 13:55:05,0.0001297549242046,3.4670115428623008e-12,0.00013112314350126
2023-08-31 13:55:06,0.0001297388978276,3.467082932254878e-12,0.00013066547544568
2023-08-31 13:55:07,0.0001307136800251,3.467249513220869e-12,0.00013040113297486
2023-08-31 13:55:08,0.0001321577669363,3.4665356511424307e-12,0.00013042756489987998
2023-08-31 13:55:09,0.0001320655675709,3.466916359292124e-12,0.0001308861673129
2023-08-31 13:55:10,0.0001312313678339,3.467511299481024e-12,0.00013118145603876002
2023-08-31 13:55:11,0.0001297789674821,3.4668449733293882e-12,0.00013118946996966
2023-08-31 13:55:12,0.00012974771209,3.466749794332208e-12,0.00013099627638264
2023-08-31 13:55:13,0.0001297148619735,3.467154323117437e-12,0.00013050769539008
2023-08-31 13:55:14,0.0001299674606906,3.466797383504162e-12,0.00013008807401402
2023-08-31 13:55:15,0.0001320231611576,3.4665356511424307e-12,0.00013024643267876002
2023-08-31 13:55:16,0.0001320370232944,3.4676064993851786e-12,0.00013069804384122
2023-08-31 13:55:17,0.0001308922128454,3.4662977297788997e-12,0.0001309269439923
2023-08-31 13:55:18,0.0001307677796226,3.466963950750554e-12,0.00013113752752212
2023-08-31 13:55:19,0.0001306055479651,3.466963950750554e-12,0.00013126514497702
2023-08-31 13:55:20,0.0001308776625937,3.467487499913371e-12,0.00013103604526423999
2023-08-31 13:55:21,0.0001309075731994,3.467059135627361e-12,0.00013081015524524
2023-08-31 13:55:22,0.0001309302127962,3.4669877467247718e-12,0.0001308177552354
2023-08-31 13:55:23,0.0001303645905932,3.466963950750554e-12,0.00013073711742952
2023-08-31 13:55:24,0.0001328779856522,3.467392303276222e-12,0.00013119160496694
2023-08-31 13:55:25,0.0001308962548691,3.467249513220869e-12,0.00013119532342201998
2023-08-31 13:55:26,0.0001309172754043,3.4668211783351085e-12,0.00013119726386299997
2023-08-31 13:55:27,0.0001309148497857,3.466583237374773e-12,0.0001311941912609
2023-08-31 13:55:28,0.0001308841291725,3.4668211783351085e-12,0.00013129809897676
2023-08-31 13:55:29,0.0001297701510964,3.4671067290457265e-12,0.0001306765320656
2023-08-31 13:55:30,0.0001314779872874,3.466678411799148e-12,0.00013079287854926
2023-08-31 13:55:31,0.000131521030862,3.467130525999922e-12,0.00013091362964080003
2023-08-31 13:55:32,0.0001309423427621,3.4674161021904946e-12,0.00013091912823608
2023-08-31 13:55:33,0.0001283156944033,3.466797383504162e-12,0.00013040544128224
2023-08-31 13:55:34,0.0001309116156974,3.467154323117437e-12,0.00013063373420244
2023-08-31 13:55:35,0.0001311098510975,3.467392303276222e-12,0.00013056010696446
2023-08-31 13:55:36,0.000132662328208,3.4669401549396765e-12,0.00013078836643366
2023-08-31 13:55:37,0.0001302977816252,3.467511299481024e-12,0.00013065945420628002
2023-08-31 13:55:38,0.0001299257279819,3.4672257154500087e-12,0.00013098146092200002
2023-08-31 13:55:39,0.0001308493750675,3.467082932254878e-12,0.00013096901279602
2023-08-31 13:55:40,0.0001320394697049,3.4674161021904946e-12,0.0001311549365175
2023-08-31 13:55:41,0.0001302977816252,3.4668687684869736e-12,0.00013068202720094
2023-08-31 13:55:42,0.0001302615742102,3.4669877467247718e-12,0.00013067478571793999
2023-08-31 13:55:43,0.0001308049355928,3.4666070307358988e-12,0.00013085062724012001
2023-08-31 13:55:44,0.0001322026660199,3.467130525999922e-12,0.0001311212854306
2023-08-31 13:55:45,0.0001312305573495,3.466749794332208e-12,0.00013095950295952002
2023-08-31 13:55:46,0.0001297380965607,3.4671067290457265e-12,0.00013084756594662002
2023-08-31 13:55:47,0.0001307492055956,3.467154323117437e-12,0.00013094509222370002
2023-08-31 13:55:48,0.0001315738393907,3.4663928963647135e-12,0.00013109887298328
2023-08-31 13:55:49,0.0001360913440273,3.4671067290457265e-12,0.00013187660858476002
2023-08-31 13:55:50,0.0001319978868899,3.4669401549396765e-12,0.00013203007449284
2023-08-31 13:55:51,0.0001297533214778,3.4670115428623008e-12,0.00013203311947625998
2023-08-31 13:55:52,0.0001309027223666,3.467320907513504e-12,0.00013206382283046
2023-08-31 13:55:53,0.0001321251226354,3.467392303276222e-12,0.0001321740794794
2023-08-31 13:55:54,0.0001321088035089,3.4673685045253096e-12,0.00013137757137572
2023-08-31 13:55:55,0.000130312267409,3.4671781203982867e-12,0.00013104044747954
2023-08-31 13:55:56,0.0001297549242046,3.4668211783351085e-12,0.00013104076802490002
2023-08-31 13:55:57,0.0001308396778946,3.466583237374773e-12,0.0001310281591305
2023-08-31 13:55:58,0.0001320851443556,3.4665594441769415e-12,0.00013102016347453998
2023-08-31 13:55:59,0.0001321389954779,3.466511858271225e-12,0.00013102620186833999
2023-08-31 13:56:00,0.0001321202266858,3.4669877467247718e-12,0.0001313877937237
2023-08-31 13:56:01,0.0001304676884458,3.4668687684869736e-12,0.00013153034657194
2023-08-31 13:56:02,0.0001287984277907,3.4671781203982867e-12,0.00013112209655116
2023-08-31 13:56:03,0.0001297493147475,3.466511858271225e-12,0.00013065493062954
2023-08-31 13:56:04,0.000131666508636,3.466749794332208e-12,0.00013056043326116002
2023-08-31 13:56:05,0.0001320769870093,3.466963950750554e-12,0.00013055178532586
2023-08-31 13:56:06,0.0001320729085251,3.467344705937742e-12,0.00013087282934172
2023-08-31 13:56:07,0.0001297220722621,3.467154323117437e-12,0.000131057558236
2023-08-31 13:56:08,0.0001297260781512,3.4667735888365197e-12,0.00013105291091673998
2023-08-31 13:56:09,0.0001297364940418,3.4675350992120293e-12,0.0001306669079979
2023-08-31 13:56:10,0.0001299185063735,3.4668687684869736e-12,0.00013023521187074
2023-08-31 13:56:11,0.0001321210426648,3.4670353391631588e-12,0.00013024483869867999
2023-08-31 13:56:12,0.0001321349150789,3.4674637005090537e-12,0.00013072740726203998
2023-08-31 13:56:13,0.0001307475905875,3.466916359292124e-12,0.0001309317097493
2023-08-31 13:56:14,0.0001297749599598,3.4666546179480924e-12,0.0001309394029329
2023-08-31 13:56:15,0.0001301120236041,3.467059135627361e-12,0.00013097810637902
2023-08-31 13:56:16,0.0001313643550197,3.4674161021904946e-12,0.00013082676885
2023-08-31 13:56:17,0.0001320737242119,3.466725999991212e-12,0.00013081453067659998
2023-08-31 13:56:18,0.0001308655386194,3.4670353391631588e-12,0.00013083812028298
2023-08-31 13:56:19,0.0001298519260139,3.4665356511424307e-12,0.0001308535134938
2023-08-31 13:56:20,0.0001308655386194,3.4669401549396765e-12,0.00013100421649685998
2023-08-31 13:56:21,0.0001308598811491,3.467725502940901e-12,0.00013090332172274
2023-08-31 13:56:22,0.0001309253611244,3.467344705937742e-12,0.00013067364910524
2023-08-31 13:56:23,0.0001320304997546,3.4671781203982867e-12,0.00013090664133228
2023-08-31 13:56:24,0.0001303597598808,3.4672971092526225e-12,0.00013100820810566
2023-08-31 13:56:25,0.0001301015775642,3.4668449733293882e-12,0.00013085541589462
2023-08-31 13:56:26,0.0001297172653585,3.467392303276222e-12,0.00013062689273650002
2023-08-31 13:56:27,0.0001308800875233,3.466725999991212e-12,0.00013061783801627999
2023-08-31 13:56:28,0.0001308299814404,3.466892563807881e-12,0.00013037773435344
2023-08-31 13:56:29,0.0001320427316561,3.4672971092526225e-12,0.0001307143287085
2023-08-31 13:56:30,0.0001308841291725,3.466916359292124e-12,0.00013087083903016
2023-08-31 13:56:31,0.000130838061769,3.466678411799148e-12,0.00013109499831226
2023-08-31 13:56:32,0.0001302430720837,3.4669401549396765e-12,0.00013096759522433999
2023-08-31 13:56:33,0.0001296868257717,3.4662025658057802e-12,0.00013073896409059998
2023-08-31 13:56:34,0.0001314633719198,3.467154323117437e-12,0.00013062309214334
2023-08-31 13:56:35,0.0001320296843348,3.4668687684869736e-12,0.0001308522031758
2023-08-31 13:56:36,0.0001306854279417,3.466749794332208e-12,0.00013082167641034
2023-08-31 13:56:37,0.0001303396338392,3.4670353391631588e-12,0.00013084098876143998
2023-08-31 13:56:38,0.0001308760459989,3.467130525999922e-12,0.00013107883280688
2023-08-31 13:56:39,0.0001328747030671,3.4676064993851786e-12,0.00013136109903634
2023-08-31 13:56:40,0.0001297188676399,3.467154323117437e-12,0.00013089893569735999
2023-08-31 13:56:41,0.000130851799473,3.4672257154500087e-12,0.00013093221000362
2023-08-31 13:56:42,0.0001308113985783,3.467154323117437e-12,0.00013102656295144
2023-08-31 13:56:43,0.0001303307793653,3.4666308242603335e-12,0.00013091750962472
2023-08-31 13:56:44,0.0001308647303944,3.466511858271225e-12,0.00013051551509017997
2023-08-31 13:56:45,0.00013202886892,3.4666308242603335e-12,0.00013097751534620002
2023-08-31 13:56:46,0.0001315242800054,3.466892563807881e-12,0.00013111201145268
2023-08-31 13:56:47,0.0001320256073112,3.4670115428623008e-12,0.00013135485319926
2023-08-31 13:56:48,0.0001304797755614,3.4669401549396765e-12,0.00013138465243848
2023-08-31 13:56:49,0.0001291664555752,3.4670115428623008e-12,0.00013104499747464002
2023-08-31 13:56:50,0.0001296555925706,3.4672733111550826e-12,0.00013057034220476002
2023-08-31 13:56:51,0.0001308315974662,3.4670115428623008e-12,0.00013043180569692001
2023-08-31 13:56:52,0.0001320231611576,3.4674399012680997e-12,0.0001304313164662
2023-08-31 13:56:53,0.00013201011577,3.4666308242603335e-12,0.00013073738450792
2023-08-31 13:56:54,0.0001319995173418,3.467701701903043e-12,0.00013130399686124
2023-08-31 13:56:55,0.0001298591439213,3.4666546179480924e-12,0.00013134470713138002
2023-08-31 13:56:56,0.0001297709525613,3.4668211783351085e-12,0.00013113257815039998
2023-08-31 13:56:57,0.0001308453344914,3.467320907513504e-12,0.00013089701281716
2023-08-31 13:56:58,0.0001320378387595,3.466916359292124e-12,0.00013090255741506
2023-08-31 13:56:59,0.0001320256073112,3.4669877467247718e-12,0.00013090777540894
2023-08-31 13:57:00,0.0001306943065098,3.4662977297788997e-12,0.00013107480792664002
2023-08-31 13:57:01,0.0001296892286373,3.466749794332208e-12,0.00013105846314184
2023-08-31 13:57:02,0.0001303315842926,3.4670353391631588e-12,0.00013095571310208
2023-08-31 13:57:03,0.0001329247713023,3.4670353391631588e-12,0.00013113309961064
2023-08-31 13:57:04,0.0001320223457831,3.467154323117437e-12,0.00013113244730502
2023-08-31 13:57:05,0.0001320468092084,3.466797383504162e-12,0.00013140294784474
2023-08-31 13:57:06,0.0001296980395252,3.4668449733293882e-12,0.00013140471002232
2023-08-31 13:57:07,0.0001296131595078,3.466916359292124e-12,0.00013126102506536
2023-08-31 13:57:08,0.0001306192612557,3.4671067290457265e-12,0.00013079992305604
2023-08-31 13:57:09,0.0001293093289113,3.4671067290457265e-12,0.00013025731968168
2023-08-31 13:57:10,0.000132059858222,3.4668687684869736e-12,0.0001302599294844
2023-08-31 13:57:11,0.000131439016584,3.466725999991212e-12,0.00013060812489615998
2023-08-31 13:57:12,0.0001296836220203,3.467249513220869e-12,0.00013062221739866
2023-08-31 13:57:13,0.0001296780156456,3.466963950750554e-12,0.00013043396827664
2023-08-31 13:57:14,0.0001300879186236,3.4671781203982867e-12,0.0001305896862191
2023-08-31 13:57:15,0.0001320623050556,3.4668687684869736e-12,0.00013059017558582
2023-08-31 13:57:16,0.0001320696458285,3.467130525999922e-12,0.00013071630143472
2023-08-31 13:57:17,0.0001320402851851,3.4671781203982867e-12,0.00013118763406767998
2023-08-31 13:57:18,0.0001308033198964,3.4667735888365197e-12,0.00013141269491784
2023-08-31 13:57:19,0.0001297068510117,3.4672257154500087e-12,0.00013133648139546
2023-08-31 13:57:20,0.0001290117878649,3.4669401549396765e-12,0.00013072637795732
2023-08-31 13:57:21,0.0001306555680931,3.467511299481024e-12,0.00013044356241024
2023-08-31 13:57:22,0.0001320655675709,3.467249513220869e-12,0.0001304486188874
2023-08-31 13:57:23,0.0001320345769292,3.466797383504162e-12,0.00013069487029396
2023-08-31 13:57:24,0.0001302302025892,3.466678411799148e-12,0.00013079954060946
2023-08-31 13:57:25,0.0001297092542483,3.4668211783351085e-12,0.00013093903388614
2023-08-31 13:57:26,0.0001296772147547,3.467082932254878e-12,0.00013074336321846
2023-08-31 13:57:27,0.0001312735199198,3.4670115428623008e-12,0.00013058495368824
2023-08-31 13:57:28,0.0001332568473399,3.466963950750554e-12,0.00013082940777038
2023-08-31 13:57:29,0.0001302551383899,3.466892563807881e-12,0.00013083439493052
2023-08-31 13:57:30,0.0001305999017345,3.467059135627361e-12,0.00013101252442776
2023-08-31 13:57:31,0.0001295243352568,3.4675826991641118e-12,0.00013098194852818
2023-08-31 13:57:32,0.0001296716086571,3.4670115428623008e-12,0.00013066156627564003
2023-08-31 13:57:33,0.0001309916828688,3.466511858271225e-12,0.00013020853338142
2023-08-31 13:57:34,0.0001320198996898,3.467796907034662e-12,0.0001305614856414
2023-08-31 13:57:35,0.0001308267494486,3.466749794332208e-12,0.00013060685518421998
2023-08-31 13:57:36,0.0001307290194281,3.466892563807881e-12,0.00013084779201848
2023-08-31 13:57:37,0.0001325501282237,3.467082932254878e-12,0.0001314234959318
2023-08-31 13:57:38,0.0001305926426538,3.467154323117437e-12,0.0001313436878888
2023-08-31 13:57:39,0.0001304024373673,3.4668211783351085e-12,0.0001310201954243
2023-08-31 13:57:40,0.0001304757463985,3.466749794332208e-12,0.00013094999481428
2023-08-31 13:57:41,0.00013077989454,3.4665594441769415e-12,0.00013096016983666001
2023-08-31 13:57:42,0.0001308283654345,3.4669877467247718e-12,0.00013061581727882
2023-08-31 13:57:43,0.0001314568767223,3.4663928963647135e-12,0.00013078866409252
2023-08-31 13:57:44,0.0001320207150492,3.4670353391631588e-12,0.00013111231962889997
2023-08-31 13:57:45,0.0001308429102057,3.4667735888365197e-12,0.00013118575239034
2023-08-31 13:57:46,0.000130858264774,3.4666546179480924e-12,0.00013120142643714
2023-08-31 13:57:47,0.0001315803403672,3.467201917842486e-12,0.00013135182142368
2023-08-31 13:57:48,0.0001314057382553,3.466963950750554e-12,0.00013134159373028002
2023-08-31 13:57:49,0.0001326344740992,3.466250147465756e-12,0.00013146434554028
2023-08-31 13:57:50,0.000129032505775,3.4671781203982867e-12,0.00013110226465414
2023-08-31 13:57:51,0.0001298984484564,3.4668211783351085e-12,0.00013091030139062
2023-08-31 13:57:52,0.0001296972385107,3.4670353391631588e-12,0.00013053368101932002
2023-08-31 13:57:53,0.0001316356116378,3.466963950750554e-12,0.00013057965569581998
2023-08-31 13:57:54,0.0001332362740214,3.4674161021904946e-12,0.00013070001568026
2023-08-31 13:57:55,0.0001311033733665,3.466892563807881e-12,0.00013111418919856
2023-08-31 13:57:56,0.0001308841291725,3.467082932254878e-12,0.00013131132534178
2023-08-31 13:57:57,0.0001308542239234,3.466963950750554e-12,0.00013154272242432
2023-08-31 13:57:58,0.0001308210936553,3.467344705937742e-12,0.00013137981882782
2023-08-31 13:57:59,0.0001308728128692,3.4668211783351085e-12,0.00013090712659737997
2023-08-31 13:58:00,0.0001308315974662,3.467082932254878e-12,0.00013085277141732
2023-08-31 13:58:01,0.000130875237709,3.4666070307358988e-12,0.00013085099312461999
2023-08-31 13:58:02,0.0001309140412561,3.4671781203982867e-12,0.00013086295659116
2023-08-31 13:58:03,0.0001319155752526,3.4663691044733186e-12,0.00013108185291062002
2023-08-31 13:58:04,0.0001308469507069,3.4668449733293882e-12,0.00013107668047816
2023-08-31 13:58:05,0.0001308889793163,3.467082932254878e-12,0.00013108815684818
2023-08-31 13:58:06,0.0001308720045992,3.466916359292124e-12,0.00013108751022622
2023-08-31 13:58:07,0.0001320639363032,3.467154323117437e-12,0.00013131748923564
2023-08-31 13:58:08,0.0001305708678327,3.466725999991212e-12,0.00013104854775165998
2023-08-31 13:58:09,0.0001319245373952,3.467201917842486e-12,0.00013126406508932
2023-08-31 13:58:10,0.0001297637395558,3.4665356511424307e-12,0.00013103901713722
2023-08-31 13:58:11,0.0001334050690409,3.467130525999922e-12,0.00013154563002556
2023-08-31 13:58:12,0.0001321634805181,3.4671067290457265e-12,0.00013156553886854
2023-08-31 13:58:13,0.0001308897876911,3.4674399012680997e-12,0.00013162932284022
2023-08-31 13:58:14,0.0001305297475203,3.4669877467247718e-12,0.00013135036486523998
2023-08-31 13:58:15,0.0001285219046268,3.467082932254878e-12,0.00013110199787944
2023-08-31 13:58:16,0.0001309269783283,3.467059135627361e-12,0.00013060637973692
2023-08-31 13:58:17,0.0001327164146482,3.4669877467247718e-12,0.00013071696656294
2023-08-31 13:58:18,0.0001302977816252,3.4670353391631588e-12,0.00013059856534976
2023-08-31 13:58:19,0.0001299361599026,3.4674399012680997e-12,0.00013047984782622
2023-08-31 13:58:20,0.0001309108071878,3.4672257154500087e-12,0.00013095762833842
2023-08-31 13:58:21,0.0001326844518143,3.4671781203982867e-12,0.00013130912303562
2023-08-31 13:58:22,0.0001308461425967,3.4672971092526225e-12,0.00013093506862532
2023-08-31 13:58:23,0.0001303026100409,3.4668449733293882e-12,0.00013093603430846
2023-08-31 13:58:24,0.0001324617454943,3.466797383504162e-12,0.00013144115142680002
2023-08-31 13:58:25,0.0001328812683184,3.466464273018712e-12,0.00013183524365292
2023-08-31 13:58:26,0.0001299995718956,3.466678411799148e-12,0.00013129826766918002
2023-08-31 13:58:27,0.0001302004467535,3.466797383504162e-12,0.00013116912850054
2023-08-31 13:58:28,0.0001326443042932,3.4670353391631588e-12,0.00013163746735099998
2023-08-31 13:58:29,0.000130492669719,3.466725999991212e-12,0.00013124365219593999
2023-08-31 13:58:30,0.0001297901892029,3.4672733111550826e-12,0.00013062543637284
2023-08-31 13:58:31,0.0001309795483322,3.467344705937742e-12,0.00013082143166015997
2023-08-31 13:58:32,0.0001345934682491,3.467701701903043e-12,0.00013170003595928
2023-08-31 13:58:34,0.0001307855485523,3.4670353391631588e-12,0.0001313282848111
2023-08-31 13:58:35,0.0001308776625937,3.466678411799148e-12,0.00013140528338604
2023-08-31 13:58:36,0.0001318170318589,3.467249513220869e-12,0.00013181065191724
2023-08-31 13:58:37,0.0001320875916577,3.467130525999922e-12,0.00013203226058233997
2023-08-31 13:58:38,0.0001320794341603,3.4674161021904946e-12,0.00013152945376458
2023-08-31 13:58:39,0.0001314463227109,3.4669877467247718e-12,0.0001316616085963
2023-08-31 13:58:40,0.0001297485134162,3.466702205813516e-12,0.0001314357787608
2023-08-31 13:58:41,0.0001305974819961,3.4668211783351085e-12,0.00013119186878823998
2023-08-31 13:58:42,0.0001314171006397,3.4670353391631588e-12,0.00013105777058464
2023-08-31 13:58:43,0.0001322181801571,3.467082932254878e-12,0.000131085519784
2023-08-31 13:58:44,0.000132059858222,3.4667735888365197e-12,0.00013120822688622
2023-08-31 13:58:45,0.0001310580382092,3.4672971092526225e-12,0.00013147013184482
2023-08-31 13:58:46,0.0001297228734301,3.4672733111550826e-12,0.00013129521013162
2023-08-31 13:58:47,0.0001308526076181,3.466916359292124e-12,0.0001311823115273
2023-08-31 13:58:48,0.0001320378387595,3.4672971092526225e-12,0.00013114624324778
2023-08-31 13:58:49,0.0001320614894394,3.467082932254878e-12,0.00013114656949126
2023-08-31 13:58:50,0.0001311876088398,3.4668687684869736e-12,0.00013117248361738
2023-08-31 13:58:51,0.0001301465818658,3.4669877467247718e-12,0.00013125722530452
2023-08-31 13:58:52,0.0001296788165414,3.4669401549396765e-12,0.00013102246708918
2023-08-31 13:58:53,0.0001324609274112,3.466892563807881e-12,0.00013110708481952
2023-08-31 13:58:54,0.0001308614975442,3.467249513220869e-12,0.00013086708644048
2023-08-31 13:58:55,0.000132010931069,3.466749794332208e-12,0.00013103175088632
2023-08-31 13:58:56,0.00013202886892,3.4667735888365197e-12,0.00013140820829716
2023-08-31 13:58:57,0.0001316730141913,3.4665594441769415e-12,0.00013180704782714
2023-08-31 13:58:58,0.0001297380965607,3.467487499913371e-12,0.00013126248165703998
2023-08-31 13:58:59,0.0001297084531645,3.467511299481024e-12,0.0001310318727811
2023-08-31 13:59:00,0.0001297156630969,3.4664880655633097e-12,0.00013057281918668002
2023-08-31 13:59:01,0.0001319147605426,3.466797383504162e-12,0.0001305499975112
2023-08-31 13:59:02,0.0001321136990352,3.467344705937742e-12,0.00013063813447998
2023-08-31 13:59:03,0.0001326156349301,3.467082932254878e-12,0.00013121364215386
2023-08-31 13:59:04,0.0001309027223666,3.4666070307358988e-12,0.00013145249599428
2023-08-31 13:59:05,0.0001297220722621,3.466678411799148e-12,0.00013145377782731999
2023-08-31 13:59:06,0.0001297068510117,3.466797383504162e-12,0.00013101219592114
2023-08-31 13:59:07,0.0001297060499428,3.4671067290457265e-12,0.00013053066610265997
2023-08-31 13:59:08,0.0001308922128454,3.4669877467247718e-12,0.00013018598168572
2023-08-31 13:59:09,0.0001320663832124,3.467201917842486e-12,0.00013041871385488
2023-08-31 13:59:10,0.0001318536716278,3.4664880655633097e-12,0.00013084503372801998
2023-08-31 13:59:11,0.0001300935427196,3.4674161021904946e-12,0.00013092237206960001
2023-08-31 13:59:12,0.0001292199148096,3.466749794332208e-12,0.00013082514504296
2023-08-31 13:59:13,0.0001294619546341,3.4668449733293882e-12,0.0001305390934007
2023-08-31 13:59:14,0.0001319677271623,3.467130525999922e-12,0.00013051936219068
2023-08-31 13:59:15,0.0001320614894394,3.467344705937742e-12,0.000130560925753
2023-08-31 13:59:16,0.000131686026266,3.4667735888365197e-12,0.00013087942246228
2023-08-31 13:59:17,0.0001301361330513,3.4669877467247718e-12,0.00013106266611062
2023-08-31 13:59:18,0.000129782173589,3.467130525999922e-12,0.0001311267099016
2023-08-31 13:59:19,0.0001319269817215,3.4672257154500087e-12,0.00013111856081343999
2023-08-31 13:59:20,0.0001320769870093,3.4672971092526225e-12,0.00013112166032742
2023-08-31 13:59:21,0.0001315088472887,3.4672733111550826e-12,0.00013108622453196
2023-08-31 13:59:22,0.0001297164642252,3.466749794332208e-12,0.00013100229076674
2023-08-31 13:59:23,0.0001303694214846,3.467082932254878e-12,0.00013111974034586
2023-08-31 13:59:24,0.0001318064489324,3.467059135627361e-12,0.00013109563378804
2023-08-31 13:59:25,0.0001308833208327,3.4670115428623008e-12,0.00013085690055271998
2023-08-31 13:59:26,0.0001306434646928,3.4674637005090537e-12,0.00013068382403353998
2023-08-31 13:59:27,0.0001297228734301,3.466916359292124e-12,0.00013068510587452
2023-08-31 13:59:28,0.0001307742407722,3.466892563807881e-12,0.00013076606973204
2023-08-31 13:59:29,0.0001320794341603,3.4670115428623008e-12,0.00013082066677761999
2023-08-31 13:59:30,0.0001308695798194,3.4671781203982867e-12,0.00013081791857496002
2023-08-31 13:59:31,0.000130851799473,3.4670115428623008e-12,0.000130859585531
2023-08-31 13:59:32,0.0001283299598297,3.467201917842486e-12,0.00013058100281092
2023-08-31 13:59:33,0.000130083901561,3.467154323117437e-12,0.00013044293496868001
2023-08-31 13:59:34,0.0001320435471565,3.4673685045253096e-12,0.00013043575756792002
2023-08-31 13:59:35,0.0001308477588221,3.467154323117437e-12,0.00013043139336846
2023-08-31 13:59:36,0.0001300774745189,3.466702205813516e-12,0.00013027652837764
2023-08-31 13:59:37,0.0001305289413692,3.467130525999922e-12,0.00013071632468554
2023-08-31 13:59:38,0.0001326697023335,3.467392303276222e-12,0.00013123348484004
2023-08-31 13:59:39,0.0001312127279596,3.467154323117437e-12,0.00013106732100066
2023-08-31 13:59:40,0.0001297188676399,3.466678411799148e-12,0.00013084154276422
2023-08-31 13:59:41,0.0001311957112562,3.467249513220869e-12,0.00013106519011168
2023-08-31 13:59:42,0.0001323783270297,3.4663928963647135e-12,0.00013143506724378
2023-08-31 13:59:43,0.0001297292829515,3.4674399012680997e-12,0.00013084698336738
2023-08-31 13:59:44,0.0001302269854143,3.4668449733293882e-12,0.00013064983485832
2023-08-31 13:59:45,0.0001308922128454,3.4669877467247718e-12,0.00013088450389942002
2023-08-31 13:59:46,0.0001318406429878,3.467201917842486e-12,0.00013101349024574
2023-08-31 13:59:47,0.0001297132597416,3.467082932254878e-12,0.00013048047678812
2023-08-31 13:59:48,0.000132047624734,3.467082932254878e-12,0.00013094414514462
2023-08-31 13:59:49,0.0001330693362415,3.4672733111550826e-12,0.00013151261531005998
2023-08-31 13:59:50,0.0001298326802221,3.4672733111550826e-12,0.00013130070878540002
2023-08-31 13:59:51,0.0001297220722621,3.4673685045253096e-12,0.00013087699464026
2023-08-31 13:59:52,0.0001314438872901,3.466916359292124e-12,0.00013122312014996
2023-08-31 13:59:53,0.0001319481677804,3.466749794332208e-12,0.00013120322875924
2023-08-31 13:59:54,0.0001293492658942,3.4670353391631588e-12,0.00013045921468978
2023-08-31 13:59:55,0.0001301594430968,3.4668449733293882e-12,0.00013052456726471998
2023-08-31 13:59:56,0.0001308905960709,3.4667735888365197e-12,0.00013075827202648
2023-08-31 13:59:57,0.0001323390894612,3.467320907513504e-12,0.00013093731246070002
2023-08-31 13:59:58,0.0001301538161518,3.467487499913371e-12,0.00013057844213498
2023-08-31 13:59:59,0.0001296972385107,3.466511858271225e-12,0.00013064803665828
2023-08-31 14:00:00,0.0001308493750675,3.4666070307358988e-12,0.00013078602305242
2023-08-31 14:00:01,0.0001320443626619,3.4672971092526225e-12,0.00013101677637062
2023-08-31 14:00:02,0.0001320549646908,3.467249513220869e-12,0.00013095995141654
2023-08-31 14:00:03,0.0001320247919216,3.467130525999922e-12,0.00013133414657050003
2023-08-31 14:00:04,0.0001310758465797,3.4667735888365197e-12,0.00013160986818429998
2023-08-31 14:00:05,0.0001297348915426,3.467320907513504e-12,0.00013138697147932
2023-08-31 14:00:06,0.0001297092542483,3.4672257154500087e-12,0.0001309199497966
2023-08-31 14:00:07,0.0001313156855452,3.4668449733293882e-12,0.00013077209396747998
2023-08-31 14:00:08,0.0001320582270248,3.467249513220869e-12,0.00013077878098811997
2023-08-31 14:00:09,0.0001308348295776,3.4669401549396765e-12,0.00013073057758770002
2023-08-31 14:00:10,0.0001300116156428,3.467344705937742e-12,0.00013078592240774
2023-08-31 14:00:11,0.0001297028457164,3.467154323117437e-12,0.00013078464070136
2023-08-31 14:00:12,0.0001311495341848,3.4670115428623008e-12,0.00013075141042928002
2023-08-31 14:00:13,0.0001320468092084,3.4669877467247718e-12,0.000130749126866
2023-08-31 14:00:14,0.0001318886924779,3.466749794332208e-12,0.00013095989944606002
2023-08-31 14:00:15,0.0001297076520857,3.466678411799148e-12,0.00013089910673464
2023-08-31 14:00:16,0.0001296980395252,3.466678411799148e-12,0.00013089814549639998
2023-08-31 14:00:17,0.0001316852129737,3.4673685045253096e-12,0.00013100528125418
2023-08-31 14:00:18,0.0001322443133456,3.4667735888365197e-12,0.00013104478208162
2023-08-31 14:00:19,0.0001308534157683,3.4671067290457265e-12,0.00013083772673970002
2023-08-31 14:00:20,0.0001297132597416,3.4670115428623008e-12,0.00013083884827088
2023-08-31 14:00:21,0.0001301441705264,3.467344705937742e-12,0.00013092807447112
2023-08-31 14:00:22,0.000130921318202,3.4668687684869736e-12,0.00013077529551678
2023-08-31 14:00:23,0.0001320614894394,3.467201917842486e-12,0.00013073873073553998
2023-08-31 14:00:24,0.0001303573445917,3.467344705937742e-12,0.00013063951650022
2023-08-31 14:00:25,0.000129728481744,3.467154323117437e-12,0.0001306425609007
2023-08-31 14:00:26,0.0001309132327316,3.4672733111550826e-12,0.00013079637334174
2023-08-31 14:00:27,0.0001297380965607,3.466916359292124e-12,0.00013055972901348
2023-08-31 14:00:28,0.0001320884074352,3.4668687684869736e-12,0.00013056511261264
2023-08-31 14:00:29,0.0001308833208327,3.467082932254878e-12,0.00013067030786084
2023-08-31 14:00:30,0.0001308372537137,3.466916359292124e-12,0.00013089206225478002
2023-08-31 14:00:31,0.000130466076915,3.467154323117437e-12,0.00013080263109146
2023-08-31 14:00:32,0.0001296844229507,3.4670353391631588e-12,0.00013079189636946
2023-08-31 14:00:33,0.0001320492558002,3.467249513220869e-12,0.00013078406604246
2023-08-31 14:00:34,0.0001309771215598,3.467511299481024e-12,0.00013080282618788
2023-08-31 14:00:35,0.0001313100086145,3.4668211783351085e-12,0.00013089737716803998
2023-08-31 14:00:36,0.0001309011054622,3.4676064993851786e-12,0.00013098438287748
2023-08-31 14:00:37,0.0001308825124979,3.4669401549396765e-12,0.00013122400078692
2023-08-31 14:00:38,0.0001308776625937,3.4669877467247718e-12,0.00013098968214562
2023-08-31 14:00:39,0.0001308558402487,3.467082932254878e-12,0.0001309654258834
2023-08-31 14:00:40,0.0001299353574174,3.4670353391631588e-12,0.00013069049564398
2023-08-31 14:00:41,0.000130874429424,3.466916359292124e-12,0.00013068516043634
2023-08-31 14:00:42,0.000130881704168,3.467154323117437e-12,0.00013068499877036
2023-08-31 14:00:43,0.000129451560785,3.466797383504162e-12,0.00013039977840862
2023-08-31 14:00:44,0.0001308412940402,3.4671067290457265e-12,0.00013039686916691999
2023-08-31 14:00:45,0.0001308647303944,3.4667735888365197e-12,0.00013058274376232
2023-08-31 14:00:46,0.0001298118338332,3.467201917842486e-12,0.00013037022464415998
2023-08-31 14:00:47,0.0001308412940402,3.467487499913371e-12,0.0001303621426186
2023-08-31 14:00:48,0.0001317641257224,3.467487499913371e-12,0.00013082465560607998
2023-08-31 14:00:49,0.0001310847516723,3.4669401549396765e-12,0.0001308733471325
2023-08-31 14:00:50,0.0001296980395252,3.466892563807881e-12,0.00013064000895866002
2023-08-31 14:00:51,0.0001314666196389,3.4673685045253096e-12,0.0001309709661198
2023-08-31 14:00:52,0.0001320745399037,3.4672733111550826e-12,0.00013121761529250002
2023-08-31 14:00:53,0.0001296764138688,3.4666070307358988e-12,0.00013080007292178
2023-08-31 14:00:54,0.0001305200740349,3.4670353391631588e-12,0.0001306871373943
2023-08-31 14:00:55,0.000132620549238,3.4672257154500087e-12,0.00013127163933686
2023-08-31 14:00:56,0.0001307984729267,3.467130525999922e-12,0.00013113800999442
2023-08-31 14:00:57,0.0001319481677804,3.467392303276222e-12,0.00013111273556975998
2023-08-31 14:00:58,0.0001303179012043,3.4672971092526225e-12,0.00013124103303686002
2023-08-31 14:00:59,0.000130978739403,3.467344705937742e-12,0.00013133276611048002
2023-08-31 14:01:00,0.0001312962228046,3.4671781203982867e-12,0.0001310679008238
2023-08-31 14:01:01,0.0001308914044557,3.466797383504162e-12,0.0001310864871296
2023-08-31 14:01:02,0.0001303613700983,3.467154323117437e-12,0.00013076912759317998
2023-08-31 14:01:03,0.0001297060499428,3.467082932254878e-12,0.00013064675734088
2023-08-31 14:01:04,0.0001308655386194,3.4672733111550826e-12,0.00013062411718415997
2023-08-31 14:01:05,0.0001308493750675,3.4668687684869736e-12,0.00013053474763674
2023-08-31 14:01:06,0.0001320304997546,3.467344705937742e-12,0.00013076256669652
2023-08-31 14:01:07,0.0001320003325753,3.4668687684869736e-12,0.00013109035919192002
2023-08-31 14:01:08,0.0001298415008559,3.4669877467247718e-12,0.00013111744937453998
2023-08-31 14:01:09,0.0001297292829515,3.4662263565541294e-12,0.00013089019824095999
2023-08-31 14:01:10,0.0001294227821729,3.4671067290457265e-12,0.00013060487966204
2023-08-31 14:01:11,0.0001293620483335,3.4669401549396765e-12,0.00013007118937782
2023-08-31 14:01:12,0.0001318561146411,3.466892563807881e-12,0.00013004234579098
2023-08-31 14:01:13,0.0001318382002611,3.467059135627361e-12,0.00013044168567202
2023-08-31 14:01:14,0.0001296756129878,3.466892563807881e-12,0.00013043095167928
2023-08-31 14:01:15,0.000129712458633,3.4668211783351085e-12,0.00013048888697129998
2023-08-31 14:01:16,0.0001304330449197,3.467082932254878e-12,0.00013070308628853998
2023-08-31 14:01:17,0.0001318080770197,3.466702205813516e-12,0.00013069347876426
2023-08-31 14:01:18,0.000132083512846,3.466749794332208e-12,0.00013074254128123998
2023-08-31 14:01:19,0.0001297140608551,3.4672733111550826e-12,0.0001307502308547
2023-08-31 14:01:20,0.0001287268561933,3.4668687684869736e-12,0.00013055311036676
2023-08-31 14:01:21,0.000129694034502,3.4668449733293882e-12,0.00013040530828322
2023-08-31 14:01:22,0.0001298808000509,3.467059135627361e-12,0.00013001985288946003
2023-08-31 14:01:23,0.0001309075731994,3.4669401549396765e-12,0.00012978466496014
2023-08-31 14:01:24,0.0001320614894394,3.467677901028532e-12,0.00013025415067700001
2023-08-31 14:01:25,0.0001308623057493,3.4672257154500087e-12,0.0001306812405882
2023-08-31 14:01:26,0.0001308089749213,3.4671067290457265e-12,0.00013090422867206
2023-08-31 14:01:27,0.0001289727516146,3.4670115428623008e-12,0.0001307226189848
2023-08-31 14:01:28,0.0001307823176582,3.466464273018712e-12,0.00013069756787656
2023-08-31 14:01:29,0.0001310896092505,3.4672971092526225e-12,0.00013050319183877996
2023-08-31 14:01:30,0.0001296996415691,3.466892563807881e-12,0.00013027065900274
2023-08-31 14:01:31,0.0001291321575699,3.4666546179480924e-12,0.00012993529553246
2023-08-31 14:01:32,0.0001297164642252,3.4670353391631588e-12,0.00013008403805458
2023-08-31 14:01:33,0.0001298864151926,3.4665356511424307e-12,0.00012990485756146
2023-08-31 14:01:34,0.0001301256850758,3.4672257154500087e-12,0.00012971207272652
2023-08-31 14:01:35,0.0001308614975442,3.4671781203982867e-12,0.00012994444392154
2023-08-31 14:01:36,0.0001297380965607,3.4665594441769415e-12,0.0001300656317197
2023-08-31 14:01:37,0.0001296764138688,3.4669877467247718e-12,0.00013005762164842002
2023-08-31 14:01:38,0.0001297068510117,3.466916359292124e-12,0.00013002170881224
2023-08-31 14:01:39,0.0001301305071141,3.4671781203982867e-12,0.0001300226732199
2023-08-31 14:01:40,0.0001314576886045,3.4669877467247718e-12,0.00013014191143196
2023-08-31 14:01:41,0.0001317136811946,3.4671781203982867e-12,0.00013053702835874
2023-08-31 14:01:42,0.0001297076520857,3.466440480637417e-12,0.00013054327600212
2023-08-31 14:01:43,0.0001303010005491,3.4668211783351085e-12,0.0001306621059096
2023-08-31 14:01:44,0.0001343717070545,3.466892563807881e-12,0.00013151034589768
2023-08-31 14:01:45,0.0001309382993153,3.4668449733293882e-12,0.00013140646803984
2023-08-31 14:01:46,0.000128695059362,3.4666070307358988e-12,0.00013080274367331999
2023-08-31 14:01:47,0.0001307169092235,3.4674637005090537e-12,0.00013100459510088
2023-08-31 14:01:48,0.0001316266691232,3.466702205813516e-12,0.0001312697288157
2023-08-31 14:01:49,0.0001308736211441,3.4668687684869736e-12,0.00013057011163362
2023-08-31 14:01:50,0.0001297228734301,3.466892563807881e-12,0.00013032702645658
2023-08-31 14:01:51,0.0001301538161518,3.467059135627361e-12,0.00013061877781454
2023-08-31 14:01:52,0.0001319726174608,3.467082932254878e-12,0.000130869919462
2023-08-31 14:01:53,0.0001290851123363,3.4669401549396765e-12,0.00013036160810462
2023-08-31 14:01:54,0.0001319962564582,3.4667735888365197e-12,0.00013058613516743998
2023-08-31 14:01:55,0.0001320419161607,3.466916359292124e-12,0.00013104994371356
2023-08-31 14:01:56,0.0001308251334827,3.466345312745206e-12,0.00013118420717974
2023-08-31 14:01:57,0.0001305587722786,3.467511299481024e-12,0.00013090143814330001
2023-08-31 14:01:58,0.0001296948354967,3.466916359292124e-12,0.00013102338277538
2023-08-31 14:01:59,0.0001311851782124,3.4668687684869736e-12,0.00013086116712621997
2023-08-31 14:02:00,0.0001320557802667,3.4672257154500087e-12,0.00013086393994742003
2023-08-31 14:02:01,0.0001305370031049,3.466963950750554e-12,0.00013080631387186
2023-08-31 14:02:02,0.0001297116575294,3.4664880655633097e-12,0.00013063689092202
2023-08-31 14:02:03,0.0001314373930554,3.467201917842486e-12,0.00013098540243376
2023-08-31 14:02:04,0.0001310289024582,3.466583237374773e-12,0.00013095414728292
2023-08-31 14:02:05,0.000128920190844,3.466892563807881e-12,0.00013032702939838
2023-08-31 14:02:06,0.0001306499197001,3.4672257154500087e-12,0.00013034961271742
2023-08-31 14:02:07,0.000131638863612,3.467392303276222e-12,0.00013073505393394
2023-08-31 14:02:08,0.0001320207150492,3.467082932254878e-12,0.00013085171833270002
2023-08-31 14:02:09,0.000129694034502,3.466797383504162e-12,0.00013058474474146
2023-08-31 14:02:10,0.0001297204699411,3.4672971092526225e-12,0.00013074480056088
2023-08-31 14:02:11,0.0001317568019311,3.467059135627361e-12,0.00013096617700708
2023-08-31 14:02:12,0.00013202886892,3.466725999991212e-12,0.00013104417806867997
2023-08-31 14:02:13,0.000133737519003,3.4666070307358988e-12,0.00013138753885944
2023-08-31 14:02:14,0.0001317332058172,3.467059135627361e-12,0.00013179537312248
2023-08-31 14:02:15,0.0001297308853814,3.466916359292124e-12,0.00013179745621054
2023-08-31 14:02:16,0.0001278813598338,3.4665594441769415e-12,0.00013102236779108001
2023-08-31 14:02:17,0.000129694034502,3.4670115428623008e-12,0.00013055540090748
2023-08-31 14:02:18,0.000130881704168,3.4670115428623008e-12,0.00012998423794048
2023-08-31 14:02:19,0.0001314747392876,3.466963950750554e-12,0.00012993254463456
2023-08-31 14:02:20,0.0001297172653585,3.4670115428623008e-12,0.00012992982062998
2023-08-31 14:02:21,0.0001278734621059,3.4674161021904946e-12,0.00012992824108439997
2023-08-31 14:02:22,0.0001288127468846,3.467059135627361e-12,0.00012975198356092
2023-08-31 14:02:23,0.0001308315974662,3.4667735888365197e-12,0.00012974196222056
2023-08-31 14:02:24,0.0001308574565939,3.4669401549396765e-12,0.00012961850568182
2023-08-31 14:02:25,0.0001307766637856,3.467320907513504e-12,0.00012983038536723999
2023-08-31 14:02:26,0.0001294547588035,3.4670115428623008e-12,0.00013014664470676
2023-08-31 14:02:27,0.0001286489679069,3.4669401549396765e-12,0.00013011388891122
2023-08-31 14:02:28,0.0001307693948801,3.467249513220869e-12,0.00013010144839400002
2023-08-31 14:02:29,0.0001320174536419,3.4666308242603335e-12,0.0001303334478036
2023-08-31 14:02:30,0.0001312840600567,3.4665594441769415e-12,0.00013043492705782001
2023-08-31 14:02:31,0.0001296467845663,3.4671067290457265e-12,0.00013047333221038
2023-08-31 14:02:32,0.0001296948354967,3.466464273018712e-12,0.00013068250572834
2023-08-31 14:02:33,0.0001296788165414,3.4673685045253096e-12,0.00013046439006060003
2023-08-31 14:02:34,0.0001297148619735,3.466916359292124e-12,0.00013000387172692
2023-08-31 14:02:35,0.0001308606893442,3.467320907513504e-12,0.00012991919758442
2023-08-31 14:02:36,0.0001314520055348,3.4671781203982867e-12,0.00013028024177812002
2023-08-31 14:02:37,0.0001298366895268,3.4668687684869736e-12,0.00013030861258414
2023-08-31 14:02:38,0.0001297060499428,3.466963950750554e-12,0.00013031405926442
2023-08-31 14:02:39,0.0001311568242207,3.466749794332208e-12,0.00013060245171386
2023-08-31 14:02:40,0.0001304435175736,3.4672971092526225e-12,0.00013051901735974
2023-08-31 14:02:41,0.0001303219254929,3.4666308242603335e-12,0.00013029300135136
2023-08-31 14:02:42,0.0001291664555752,3.467487499913371e-12,0.00013015895456104
2023-08-31 14:02:43,0.0001295251352034,3.466916359292124e-12,0.00013012277161316002
2023-08-31 14:02:44,0.0001320337614842,3.467130525999922e-12,0.00013029815906586
2023-08-31 14:02:45,0.0001308219016108,3.466702205813516e-12,0.0001303738358733
2023-08-31 14:02:46,0.0001298270674034,3.4672733111550826e-12,0.0001302748642554
2023-08-31 14:02:47,0.0001296956364964,3.4673685045253096e-12,0.00013038070043964
2023-08-31 14:02:48,0.0001312184006845,3.4668211783351085e-12,0.00013071935353586
2023-08-31 14:02:49,0.0001308606893442,3.4670115428623008e-12,0.00013048473910786
2023-08-31 14:02:50,0.0001297004425985,3.4672257154500087e-12,0.00013026044730539998
2023-08-31 14:02:51,0.0001297308853814,3.466749794332208e-12,0.000130241210901
2023-08-31 14:02:52,0.000130922935356,3.4676541003173946e-12,0.00013048667067292
2023-08-31 14:02:53,0.0001298198512789,3.4670353391631588e-12,0.00013020696079180002
2023-08-31 14:02:54,0.0001297589311082,3.466916359292124e-12,0.0001299866091446
2023-08-31 14:02:55,0.0001306652516207,3.4672257154500087e-12,0.00013017957094904001
2023-08-31 14:02:56,0.0001305208801313,3.467201917842486e-12,0.00013033756989902
2023-08-31 14:02:57,0.0001297060499428,3.466892563807881e-12,0.00013009419281638
2023-08-31 14:02:58,0.0001299072735584,3.4667735888365197e-12,0.00013011167727228
2023-08-31 14:02:59,0.0001316413026453,3.4678207087259728e-12,0.00013048815157970002
2023-08-31 14:03:00,0.000130226181133,3.466725999991212e-12,0.00013040033748216
2023-08-31 14:03:01,0.0001297076520857,3.4673685045253096e-12,0.00013023769187303999
2023-08-31 14:03:02,0.0001285115862495,3.4671781203982867e-12,0.00012999879913438
2023-08-31 14:03:03,0.000130104791641,3.467082932254878e-12,0.0001300383027509
2023-08-31 14:03:04,0.0001320451781724,3.4665594441769415e-12,0.00013011907785632002
2023-08-31 14:03:05,0.0001308679633244,3.4668211783351085e-12,0.0001302474342946
2023-08-31 14:03:06,0.0001305104012663,3.467130525999922e-12,0.00013040798413072003
2023-08-31 14:03:07,0.0001303315842926,3.4668211783351085e-12,0.00013077198373934
2023-08-31 14:03:08,0.0001297108564308,3.4666308242603335e-12,0.0001306931966973
2023-08-31 14:03:09,0.0001297004425985,3.466797383504162e-12,0.00013022424958252
2023-08-31 14:03:10,0.0001317942389192,3.4670115428623008e-12,0.00013040950470148
2023-08-31 14:03:11,0.0001309633706986,3.467201917842486e-12,0.00013050009858794
2023-08-31 14:03:12,0.0001289209870595,3.467130525999922e-12,0.00013021797914132
2023-08-31 14:03:13,0.0001297605339042,3.4671781203982867e-12,0.000130227914636
2023-08-31 14:03:14,0.0001320280535102,3.4668449733293882e-12,0.00013069343681834
2023-08-31 14:03:15,0.0001302993910772,3.4670115428623008e-12,0.00013039446724994
2023-08-31 14:03:16,0.0001272620835585,3.466963950750554e-12,0.00012965420982192
2023-08-31 14:03:17,0.000131267844812,3.466749794332208e-12,0.00013012358137242
2023-08-31 14:03:18,0.0001308000885633,3.467082932254878e-12,0.00013033149230423999
2023-08-31 14:03:19,0.0001289639899983,3.466916359292124e-12,0.00012971867960186
2023-08-31 14:03:20,0.0001307831253742,3.4670353391631588e-12,0.00012981542646126
2023-08-31 14:03:21,0.000131073418023,3.467511299481024e-12,0.00013057769335416
2023-08-31 14:03:22,0.0001312516315702,3.4672971092526225e-12,0.0001305744507058
2023-08-31 14:03:23,0.000129577142337,3.4671781203982867e-12,0.00013032986146054
2023-08-31 14:03:24,0.0001298046185554,3.4668449733293882e-12,0.00013049798717196002
2023-08-31 14:03:25,0.0001315397145333,3.4667735888365197e-12,0.00013064930500378
2023-08-31 14:03:26,0.0001296339739917,3.467201917842486e-12,0.00013036141619752
2023-08-31 14:03:27,0.0001290293181876,3.4670353391631588e-12,0.000129916953521
2023-08-31 14:03:28,0.0001308081670456,3.4668449733293882e-12,0.00013016315846272
2023-08-31 14:03:29,0.0001287006232404,3.466963950750554e-12,0.00012994235939972
2023-08-31 14:03:30,0.0001304193511794,3.4672257154500087e-12,0.00012971828672894
2023-08-31 14:03:31,0.000128935319779,3.467201917842486e-12,0.0001295785558864
2023-08-31 14:03:32,0.0001297220722621,3.467130525999922e-12,0.0001297171067013
2023-08-31 14:03:33,0.0001305934491984,3.4668449733293882e-12,0.00012967416313186
2023-08-31 14:03:34,0.0001319872894435,3.466892563807881e-12,0.00013033149637247998
2023-08-31 14:03:35,0.0001309496212811,3.4671781203982867e-12,0.00013043755039281998
2023-08-31 14:03:36,0.0001296483859771,3.4666546179480924e-12,0.00013058016363244
2023-08-31 14:03:37,0.0001300855083711,3.4672971092526225e-12,0.00013065285085424
2023-08-31 14:03:38,0.0001314146657603,3.4669877467247718e-12,0.00013081709416661998
2023-08-31 14:03:39,0.0001320060393508,3.467082932254878e-12,0.00013082084414807997
2023-08-31 14:03:40,0.0001331696382844,3.4672971092526225e-12,0.00013126484754874
2023-08-31 14:03:41,0.0001301875814708,3.4674399012680997e-12,0.00013137268664748002
2023-08-31 14:03:42,0.0001296884276772,3.4666546179480924e-12,0.0001312932705087
2023-08-31 14:03:43,0.0001297324878311,3.4673685045253096e-12,0.00013095683492286
2023-08-31 14:03:44,0.0001320198996898,3.4668687684869736e-12,0.00013095960699066
2023-08-31 14:03:45,0.0001306733217752,3.4668211783351085e-12,0.00013046034368882
2023-08-31 14:03:46,0.0001301208632161,3.4668687684869736e-12,0.00013044700003788002
2023-08-31 14:03:47,0.0001296219652277,3.467059135627361e-12,0.00013043370754798
2023-08-31 14:03:48,0.0001296163615186,3.4666308242603335e-12,0.00013041048228548002
2023-08-31 14:03:49,0.0001297405003762,3.466963950750554e-12,0.00012995460242276
2023-08-31 14:03:50,0.0001314422637014,3.466797383504162e-12,0.000130108390808
2023-08-31 14:03:51,0.0001308485669423,3.4667735888365197e-12,0.00013025393155324
2023-08-31 14:03:52,0.0001299056689498,3.466749794332208e-12,0.00013031067229766
2023-08-31 14:03:53,0.0001296587956296,3.4672733111550826e-12,0.00013031915911986
2023-08-31 14:03:54,0.0001297453081408,3.467201917842486e-12,0.00013032012067277997
2023-08-31 14:03:55,0.0001296924325273,3.4664880655633097e-12,0.00012997015443795998
2023-08-31 14:03:56,0.0001320492558002,3.4663928963647135e-12,0.00013021029220954
2023-08-31 14:03:57,0.0001320378387595,3.467249513220869e-12,0.00013063672617148
2023-08-31 14:03:58,0.0001302647922396,3.466892563807881e-12,0.00013075792549347998
2023-08-31 14:03:59,0.0001296980395252,3.466749794332208e-12,0.00013074847177036
2023-08-31 14:04:00,0.0001296820201742,3.466963950750554e-12,0.00013074638929974
2023-08-31 14:04:01,0.0001296948354967,3.466464273018712e-12,0.00013027550523904
2023-08-31 14:04:02,0.0001308259414632,3.4669401549396765e-12,0.00013003312577978
2023-08-31 14:04:03,0.000130886554222,3.4674637005090537e-12,0.00013015747817626
2023-08-31 14:04:04,0.0001299265304076,3.466107404445314e-12,0.00013020317635274001
2023-08-31 14:04:05,0.0001297525201218,3.4669877467247718e-12,0.00013021727634226002
2023-08-31 14:04:06,0.0001293292958612,3.4668687684869736e-12,0.00013014416841516003
2023-08-31 14:04:07,0.0001308671550844,3.4671781203982867e-12,0.0001301524111394
2023-08-31 14:04:08,0.0001310361857887,3.4668449733293882e-12,0.00013018233745274002
2023-08-31 14:04:09,0.0001284504866897,3.4671067290457265e-12,0.00012988712870916
2023-08-31 14:04:10,0.0001276288743155,3.467082932254878e-12,0.0001294623995479
2023-08-31 14:04:11,0.0001296740112407,3.4671067290457265e-12,0.0001295313426238
2023-08-31 14:04:12,0.0001297076520857,3.467130525999922e-12,0.00012929944202406002
2023-08-31 14:04:13,0.000131216779881,3.4676541003173946e-12,0.00012933556084252
2023-08-31 14:04:14,0.0001300365095895,3.4666308242603335e-12,0.00012965276542248002
2023-08-31 14:04:15,0.0001286211620844,3.467249513220869e-12,0.00012985122297626
2023-08-31 14:04:16,0.0001297068510117,3.466678411799148e-12,0.00012985779093046
2023-08-31 14:04:17,0.0001283117320663,3.466963950750554e-12,0.00012957860692658
2023-08-31 14:04:18,0.0001301449743013,3.467082932254878e-12,0.00012936424581064
2023-08-31 14:04:19,0.0001309965369982,3.466154984798979e-12,0.00012955625129238
2023-08-31 14:04:20,0.000129594749481,3.466678411799148e-12,0.0001297509687717
2023-08-31 14:04:21,0.0001305120133446,3.4666546179480924e-12,0.00012991200123827997
2023-08-31 14:04:22,0.000129341277511,3.4667735888365197e-12,0.00013011791032722
2023-08-31 14:04:23,0.0001289289494847,3.4666308242603335e-12,0.0001298747053639
2023-08-31 14:04:24,0.0001314568767223,3.466892563807881e-12,0.00012996677330871998
2023-08-31 14:04:25,0.0001305619976501,3.4669877467247718e-12,0.00013016022294254
2023-08-31 14:04:26,0.0001296956364964,3.4667735888365197e-12,0.0001299969475729
2023-08-31 14:04:27,0.0001296483859771,3.466678411799148e-12,0.00013005836926612
2023-08-31 14:04:28,0.0001297413016579,3.466725999991212e-12,0.00013022083970076
2023-08-31 14:04:29,0.0001320076699034,3.4672971092526225e-12,0.00013033099833698
2023-08-31 14:04:30,0.0001308534157683,3.4668211783351085e-12,0.00013038928196062
2023-08-31 14:04:31,0.0001291736353803,3.466702205813516e-12,0.0001302848817374
2023-08-31 14:04:32,0.0001312127279596,3.466749794332208e-12,0.00013059775013390002
2023-08-31 14:04:33,0.0001314852955806,3.467249513220869e-12,0.00013094654891844
2023-08-31 14:04:34,0.0001280686788227,3.4667735888365197e-12,0.00013015875070229997
2023-08-31 14:04:35,0.0001296788165414,3.4672733111550826e-12,0.00012992383085692
2023-08-31 14:04:36,0.0001300100097453,3.466963950750554e-12,0.00013009110572992
2023-08-31 14:04:37,0.0001324445668085,3.467082932254878e-12,0.0001303374734997
2023-08-31 14:04:38,0.000130835637618,3.466678411799148e-12,0.00013020754190718
2023-08-31 14:04:39,0.0001293540591609,3.4675350992120293e-12,0.00013046461797482
2023-08-31 14:04:40,0.0001296916315474,3.4675826991641118e-12,0.00013046718097602003
2023-08-31 14:04:41,0.0001306700936536,3.4674399012680997e-12,0.00013059919775768
2023-08-31 14:04:42,0.0001308315974662,3.466797383504162e-12,0.00013027660388922
2023-08-31 14:04:43,0.0001308429102057,3.4675350992120293e-12,0.00013027805840676
2023-08-31 14:04:44,0.0001297372952988,3.4666546179480924e-12,0.00013035470563434
2023-08-31 14:04:45,0.0001295931487327,3.4670353391631588e-12,0.0001303350090714
2023-08-31 14:04:46,0.0001304966994046,3.4666546179480924e-12,0.00013030033022159998
2023-08-31 14:04:47,0.0001318561146411,3.467082932254878e-12,0.00013050523365657998
2023-08-31 14:04:48,0.0001294139899842,3.4666070307358988e-12,0.00013021944961228
2023-08-31 14:04:49,0.0001305482903715,3.466749794332208e-12,0.00013038164862682
2023-08-31 14:04:50,0.0001310046276136,3.4670115428623008e-12,0.000130663944403
2023-08-31 14:04:51,0.0001284869842312,3.466749794332208e-12,0.00013026200136832
2023-08-31 14:04:52,0.000129265412472,3.4666070307358988e-12,0.0001297438609345
2023-08-31 14:04:53,0.0001314763632775,3.4666308242603335e-12,0.00013015633559316
2023-08-31 14:04:54,0.0001315137205825,3.466678411799148e-12,0.00013034942163536002
2023-08-31 14:04:55,0.0001304975053566,3.466797383504162e-12,0.00013024799718396
2023-08-31 14:04:56,0.0001289225795052,3.4674399012680997e-12,0.00013033511623876
2023-08-31 14:04:57,0.0001305950623026,3.467154323117437e-12,0.00013060104620488
2023-08-31 14:04:58,0.0001320337614842,3.467154323117437e-12,0.00013071252584622
2023-08-31 14:04:59,0.0001295619380923,3.4671067290457265e-12,0.00013032216934818
2023-08-31 14:05:00,0.0001295491359016,3.467154323117437e-12,0.00013013249545718
2023-08-31 14:05:01,0.0001304354616113,3.4674161021904946e-12,0.0001304350718784
2023-08-31 14:05:02,0.0001290827206638,3.4669877467247718e-12,0.00013013260355064
2023-08-31 14:05:03,0.0001308421021204,3.467154323117437e-12,0.00012989427167787998
2023-08-31 14:05:04,0.000129801411894,3.4676064993851786e-12,0.00012994216643822
2023-08-31 14:05:05,0.0001297244757807,3.467201917842486e-12,0.00012997723441403997
2023-08-31 14:05:06,0.0001297044478197,3.466963950750554e-12,0.00012983103165571997
2023-08-31 14:05:07,0.0001309593266024,3.467059135627361e-12,0.00013020635284344
2023-08-31 14:05:08,0.0001307193311747,3.4670115428623008e-12,0.0001301817986543
2023-08-31 14:05:09,0.0001307871640292,3.4678207087259728e-12,0.00013037894908134
2023-08-31 14:05:10,0.0001308041277421,3.467392303276222e-12,0.00013059487947362
2023-08-31 14:05:11,0.0001287443477991,3.466749794332208e-12,0.00013040285946950002
2023-08-31 14:05:12,0.0001296603971888,3.466511858271225e-12,0.00013014307358678
2023-08-31 14:05:13,0.0001308291734349,3.4669877467247718e-12,0.00013016504203882
2023-08-31 14:05:14,0.0001308122064739,3.466916359292124e-12,0.00013017005052776
2023-08-31 14:05:15,0.0001308065513093,3.467154323117437e-12,0.0001301705352412
2023-08-31 14:05:16,0.0001296611979758,3.467154323117437e-12,0.00013035390527654
2023-08-31 14:05:17,0.0001289647864843,3.4668687684869736e-12,0.00013021478313564
2023-08-31 14:05:18,0.0001313002773043,3.467130525999922e-12,0.00013030900390952
2023-08-31 14:05:19,0.0001319872894435,3.4672971092526225e-12,0.00013054402050344003
2023-08-31 14:05:20,0.0001295483358067,3.4668211783351085e-12,0.00013029237740291998
2023-08-31 14:05:21,0.0001308307894508,3.466916359292124e-12,0.00013052629569792
2023-08-31 14:05:22,0.0001296852238861,3.466583237374773e-12,0.00013067038317828
2023-08-31 14:05:23,0.0001296756129878,3.4671781203982867e-12,0.00013034545031498
2023-08-31 14:05:24,0.0001299947547091,3.466963950750554e-12,0.00012994694336809998
2023-08-31 14:05:25,0.0001319530573541,3.467059135627361e-12,0.00013042788767757998
2023-08-31 14:05:26,0.0001319709873411,3.466511858271225e-12,0.00013065592725563998
2023-08-31 14:05:27,0.0001314999133856,3.4667735888365197e-12,0.00013101886515553998
2023-08-31 14:05:28,0.000129625167456,3.4672971092526225e-12,0.00013100877604918
2023-08-31 14:05:29,0.0001296748121118,3.4672257154500087e-12,0.00013094478752971998
2023-08-31 14:05:30,0.0001290380842423,3.4669877467247718e-12,0.00013036179290736
2023-08-31 14:05:31,0.0001308315974662,3.466963950750554e-12,0.00013013391493238002
2023-08-31 14:05:32,0.0001319660971031,3.4671781203982867e-12,0.00013022715167588
2023-08-31 14:05:33,0.0001312062451457,3.466511858271225e-12,0.00013054336721382
2023-08-31 14:05:34,0.0001298719767474,3.467201917842486e-12,0.00013058280014094
2023-08-31 14:05:35,0.0001286211620844,3.467320907513504e-12,0.00013049941570936001
2023-08-31 14:05:36,0.0001277037788807,3.467392303276222e-12,0.00012987385199225997
2023-08-31 14:05:37,0.000128124057577,3.466725999991212e-12,0.00012910544408704
2023-08-31 14:05:38,0.0001328377795718,3.4664880655633097e-12,0.00012943175097226
2023-08-31 14:05:39,0.0001320639363032,3.4668449733293882e-12,0.00012987014288342
2023-08-31 14:05:40,0.0001299811069834,3.4667735888365197e-12,0.00013014213186322
2023-08-31 14:05:41,0.000128571126748,3.4666308242603335e-12,0.00013031560143668002
2023-08-31 14:05:42,0.0001291656578438,3.466702205813516e-12,0.00013052392149004002
2023-08-31 14:05:43,0.0001296708078058,3.4664880655633097e-12,0.00012989052713684
2023-08-31 14:05:44,0.0001308219016108,3.466892563807881e-12,0.00012964212019836002
2023-08-31 14:05:45,0.0001308485669423,3.4665594441769415e-12,0.00012981561219014
2023-08-31 14:05:46,0.0001296539910708,3.4671067290457265e-12,0.0001300321850547
2023-08-31 14:05:47,0.00012966760445,3.467154323117437e-12,0.00013013257437594
2023-08-31 14:05:48,0.0001296788165414,3.4671067290457265e-12,0.00013013417612306
2023-08-31 14:05:49,0.0001306636376496,3.467558899106401e-12,0.00013010252333082
2023-08-31 14:05:50,0.0001308219016108,3.467059135627361e-12,0.00013009719026452
2023-08-31 14:05:51,0.000129643581804,3.467130525999922e-12,0.00013009510841115998
2023-08-31 14:05:52,0.0001293724349956,3.4669877467247718e-12,0.00013003607452028
2023-08-31 14:05:53,0.0001334817148374,3.466749794332208e-12,0.00013079665417948
2023-08-31 14:05:54,0.0001319734325281,3.4670353391631588e-12,0.00013105861315518
2023-08-31 14:05:55,0.0001297044478197,3.467130525999922e-12,0.00013083512239696
2023-08-31 14:05:56,0.0001285314300181,3.466963950750554e-12,0.00013061269203978
2023-08-31 14:05:57,0.0001296595964068,3.467201917842486e-12,0.00013067012432202
2023-08-31 14:05:58,0.0001308542239234,3.4663928963647135e-12,0.00013014462613922
2023-08-31 14:05:59,0.0001304572138513,3.467249513220869e-12,0.00012984138240386
2023-08-31 14:06:00,0.0001296203641433,3.4673685045253096e-12,0.00012982456566858
2023-08-31 14:06:01,0.0001296611979758,3.467154323117437e-12,0.00013005051926012
2023-08-31 14:06:02,0.0001296339739917,3.4674399012680997e-12,0.0001300453947771
2023-08-31 14:06:03,0.0001296652019851,3.4670115428623008e-12,0.00012980759038943999
2023-08-31 14:06:04,0.0001296579948575,3.4669401549396765e-12,0.00012964774659068
2023-08-31 14:06:05,0.0001302655967594,3.4670115428623008e-12,0.0001297767931139
2023-08-31 14:06:06,0.0001317250702061,3.466963950750554e-12,0.00013018956755996
2023-08-31 14:06:07,0.0001296932335121,3.4674399012680997e-12,0.00013020141946403998
2023-08-31 14:06:08,0.000128777747465,3.4668449733293882e-12,0.00013002392856002
2023-08-31 14:06:09,0.0001284227237665,3.467130525999922e-12,0.00012977687434181999
2023-08-31 14:06:10,0.0001306725147374,3.467320907513504e-12,0.00012985825793742001
2023-08-31 14:06:11,0.00013079685731,3.467059135627361e-12,0.0001296726153582
2023-08-31 14:06:12,0.0001294091944967,3.467201917842486e-12,0.00012961580755512002
2023-08-31 14:06:13,0.0001307411307546,3.466916359292124e-12,0.00013000848421303998
2023-08-31 14:06:14,0.0001297445068344,3.466797383504162e-12,0.00013027284082662
2023-08-31 14:06:15,0.0001291560854502,3.4671067290457265e-12,0.00012996955496918
2023-08-31 14:06:16,0.0001308655386194,3.466916359292124e-12,0.00012998329123106
2023-08-31 14:06:17,0.0001308728128692,3.4670115428623008e-12,0.00013027601490556002
2023-08-31 14:06:18,0.0001308703880743,3.467154323117437e-12,0.0001303018663695
2023-08-31 14:06:19,0.0001297220722621,3.466963950750554e-12,0.00013029737945504
2023-08-31 14:06:20,0.0001298070236034,3.467154323117437e-12,0.00013042756708568
2023-08-31 14:06:21,0.0001286799586186,3.4674399012680997e-12,0.00012999045108551998
2023-08-31 14:06:22,0.0001288636721126,3.4669877467247718e-12,0.0001295886229342
2023-08-31 14:06:23,0.0001314966648441,3.4668449733293882e-12,0.00012971387828816
2023-08-31 14:06:24,0.0001284552466506,3.4672257154500087e-12,0.00012946051316586
2023-08-31 14:06:25,0.0001289544325502,3.467249513220869e-12,0.00012928999495522
2023-08-31 14:06:26,0.0001307823176582,3.4671781203982867e-12,0.00012971046676314002
2023-08-31 14:06:27,0.0001304040481121,3.4671781203982867e-12,0.00013001854196304
2023-08-31 14:06:28,0.0001308315974662,3.466511858271225e-12,0.00012988552848746
2023-08-31 14:06:29,0.0001308534157683,3.4668449733293882e-12,0.000130365162311
2023-08-31 14:06:30,0.0001296828210948,3.467154323117437e-12,0.00013051084001992002
2023-08-31 14:06:31,0.0001284719079028,3.4669877467247718e-12,0.00013004875806884
2023-08-31 14:06:32,0.000130313072222,3.4670115428623008e-12,0.00013003056289082
2023-08-31 14:06:33,0.0001308146301908,3.4669401549396765e-12,0.00013002716943574002
2023-08-31 14:06:34,0.0001308202857047,3.4668449733293882e-12,0.00013002054342302
2023-08-31 14:06:35,0.0001304733289604,3.466916359292124e-12,0.00013017864499614
2023-08-31 14:06:36,0.0001285076178634,3.467154323117437e-12,0.00013018578698826
2023-08-31 14:06:37,0.0001299393698929,3.4667735888365197e-12,0.00013011104652243998
2023-08-31 14:06:38,0.0001308348295776,3.467201917842486e-12,0.0001301150863998
2023-08-31 14:06:39,0.0001308130143746,3.4664880655633097e-12,0.00013011363213378
2023-08-31 14:06:40,0.0001286068642874,3.4671781203982867e-12,0.00012974033919918002
2023-08-31 14:06:41,0.0001289767343643,3.4669877467247718e-12,0.00012983416249936
2023-08-31 14:06:42,0.0001293740330176,3.4674161021904946e-12,0.0001297210951243
2023-08-31 14:06:43,0.0001315852163103,3.466725999991212e-12,0.00012987117247084
2023-08-31 14:06:44,0.0001320215304136,3.4671781203982867e-12,0.00013011287567864
2023-08-31 14:06:45,0.0001320084851872,3.466797383504162e-12,0.0001307931998586
2023-08-31 14:06:46,0.0001300589985416,3.4672257154500087e-12,0.00013100965269405998
2023-08-31 14:06:47,0.0001296708078058,3.4670115428623008e-12,0.0001310690076517
2023-08-31 14:06:48,0.0001296611979758,3.4672733111550826e-12,0.0001306842039848
2023-08-31 14:06:49,0.0001296756129878,3.4671781203982867e-12,0.00013021502049963998
2023-08-31 14:06:50,0.0001308041277421,3.4663928963647135e-12,0.00012997414901062002
2023-08-31 14:06:51,0.0001313943768534,3.4666546179480924e-12,0.00013024122467298
2023-08-31 14:06:52,0.0001296291703526,3.4669401549396765e-12,0.00013023289718234
2023-08-31 14:06:53,0.0001308170539525,3.4667735888365197e-12,0.00013046406837768
2023-08-31 14:06:54,0.0001299602367627,3.4666546179480924e-12,0.00013052099313266
2023-08-31 14:06:55,0.0001296443824871,3.4673685045253096e-12,0.00013028904408166002
2023-08-31 14:06:56,0.0001287904734262,3.4668687684869736e-12,0.00012976826339621998
2023-08-31 14:06:57,0.0001296483859771,3.467130525999922e-12,0.00012977210652112
2023-08-31 14:06:58,0.0001304257951134,3.467059135627361e-12,0.0001296938547533
2023-08-31 14:06:59,0.0001307556658275,3.4664166884194082e-12,0.00012985294056625998
2023-08-31 14:07:00,0.0001279050559443,3.467344705937742e-12,0.0001295050752577
2023-08-31 14:07:01,0.0001284623869227,3.4668687684869736e-12,0.000129439457957
2023-08-31 14:07:02,0.0001296828210948,3.467249513220869e-12,0.00012944634498054
2023-08-31 14:07:03,0.0001306717077045,3.467154323117437e-12,0.00012949552749875998
2023-08-31 14:07:04,0.0001314235938718,3.466725999991212e-12,0.00012962911310762
2023-08-31 14:07:05,0.0001297004425985,3.4671067290457265e-12,0.00012998819043846002
2023-08-31 14:07:06,0.0001296860248265,3.4675350992120293e-12,0.00013023291801922
2023-08-31 14:07:07,0.0001296451831752,3.4672733111550826e-12,0.0001302253904353
2023-08-31 14:07:08,0.000129636375878,3.467154323117437e-12,0.00013001832407
2023-08-31 14:07:09,0.0001296427811257,3.4666070307358988e-12,0.00012966216152078
2023-08-31 14:07:10,0.0001296844229507,3.4671067290457265e-12,0.00012965895759122
2023-08-31 14:07:11,0.000130838061769,3.467677901028532e-12,0.00012988936497972
2023-08-31 14:07:12,0.000129687626722,3.466797383504162e-12,0.00012989785368908
2023-08-31 14:07:13,0.0001296587956296,3.4669401549396765e-12,0.0001299023376394
2023-08-31 14:07:14,0.0001296451831752,3.4669877467247718e-12,0.0001299028180493
2023-08-31 14:07:15,0.0001296539910708,3.466963950750554e-12,0.00012989673167331997
2023-08-31 14:07:16,0.0001296483859771,3.466511858271225e-12,0.00012965879651494002
2023-08-31 14:07:17,0.0001304499627016,3.4666070307358988e-12,0.00012981126371086
2023-08-31 14:07:18,0.0001301409554768,3.4669401549396765e-12,0.0001299076956803
2023-08-31 14:07:19,0.0001308105906877,3.4674399012680997e-12,0.0001301407771828
2023-08-31 14:07:20,0.0001282198401877,3.4668449733293882e-12,0.00012985394700618
2023-08-31 14:07:21,0.0001289631935172,3.4669877467247718e-12,0.0001297169085142
2023-08-31 14:07:22,0.0001306192612557,3.4674161021904946e-12,0.00012975076822502
2023-08-31 14:07:23,0.0001297533214778,3.4666308242603335e-12,0.00012967324142522
2023-08-31 14:07:24,0.0001296115585321,3.467082932254878e-12,0.00012943343499410002
2023-08-31 14:07:25,0.0001284203443666,3.467130525999922e-12,0.00012947353582988002
2023-08-31 14:07:26,0.0001297629381355,3.4668687684869736e-12,0.00012963348475354
2023-08-31 14:07:27,0.0001308307894508,3.4666308242603335e-12,0.00012967579039256002
2023-08-31 14:07:28,0.0001314649957693,3.4674637005090537e-12,0.00013001812525086
2023-08-31 14:07:29,0.0001289870900889,3.466916359292124e-12,0.00012989323156221999
2023-08-31 14:07:30,0.0001296652019851,3.466963950750554e-12,0.00013014220308592
2023-08-31 14:07:31,0.0001314779872874,3.467082932254878e-12,0.0001304852129163
2023-08-31 14:07:32,0.0001297308853814,3.4666070307358988e-12,0.00013026523210242
2023-08-31 14:07:33,0.0001289759378045,3.466963950750554e-12,0.00012976742050946002
2023-08-31 14:07:34,0.0001275445607299,3.4670115428623008e-12,0.00012947891463766
2023-08-31 14:07:35,0.0001296684052815,3.4671781203982867e-12,0.00012947955529694
2023-08-31 14:07:36,0.0001296852238861,3.4676541003173946e-12,0.00012912100261667998
2023-08-31 14:07:37,0.0001296499874077,3.466678411799148e-12,0.00012910482302194
2023-08-31 14:07:38,0.0001308210936553,3.4669401549396765e-12,0.00012947385419209999
2023-08-31 14:07:39,0.0001307976651159,3.467558899106401e-12,0.0001301244750693
2023-08-31 14:07:40,0.0001290500389129,3.466916359292124e-12,0.00013000080179557998
2023-08-31 14:07:41,0.0001290627917823,3.4665594441769415e-12,0.00012987631537482
2023-08-31 14:07:42,0.0001301313108045,3.4675350992120293e-12,0.00012997258005418
2023-08-31 14:07:43,0.0001308186698187,3.4670353391631588e-12,0.00012997209528686
2023-08-31 14:07:44,0.0001284631803107,3.4670115428623008e-12,0.00012950519832582001
2023-08-31 14:07:45,0.0001296371765167,3.467487499913371e-12,0.00012962262584658002
2023-08-31 14:07:46,0.0001311762662974,3.4669877467247718e-12,0.0001300453207496
2023-08-31 14:07:47,0.0001304274061466,3.4668449733293882e-12,0.00013010453981802
2023-08-31 14:07:48,0.0001284227237665,3.4672733111550826e-12,0.00012962535060758
2023-08-31 14:07:49,0.0001297781659677,3.467249513220869e-12,0.00012988834773898
2023-08-31 14:07:50,0.0001308243255073,3.4671781203982867e-12,0.0001301257775371
2023-08-31 14:07:51,0.0001284266895309,3.4671067290457265e-12,0.0001295758621838
2023-08-31 14:07:52,0.0001296820201742,3.4668211783351085e-12,0.00012942678498932
2023-08-31 14:07:53,0.000131043469524,3.4670115428623008e-12,0.00012995093414082
2023-08-31 14:07:54,0.0001292007626903,3.4671067290457265e-12,0.00012983545348534
2023-08-31 14:07:55,0.000128444933625,3.4673685045253096e-12,0.00012935957510887999
2023-08-31 14:07:56,0.0001295395350887,3.466892563807881e-12,0.00012958214422044
2023-08-31 14:07:57,0.0001308429102057,3.4672257154500087e-12,0.00012981432222674002
2023-08-31 14:07:58,0.0001286783691697,3.467082932254878e-12,0.00012934130215587998
2023-08-31 14:07:59,0.0001296804183479,3.4668687684869736e-12,0.0001294372332874
2023-08-31 14:08:00,0.0001308679633244,3.466916359292124e-12,0.00012992183922728
2023-08-31 14:08:01,0.0001309439601758,3.4674399012680997e-12,0.0001302027242447
2023-08-31 14:08:02,0.000130858264774,3.4672733111550826e-12,0.00013020579515836
2023-08-31 14:08:03,0.0001296595964068,3.466797383504162e-12,0.00013040204060578
2023-08-31 14:08:04,0.0001287332165023,3.467082932254878e-12,0.00013021260023666
2023-08-31 14:08:05,0.000130816246027,3.4671781203982867e-12,0.00013020225677718
2023-08-31 14:08:06,0.0001308194777592,3.4666308242603335e-12,0.00013017736029386
2023-08-31 14:08:07,0.0001308025120556,3.467558899106401e-12,0.00013016620975017998
2023-08-31 14:08:08,0.0001299465926609,3.4667735888365197e-12,0.000130223609001
2023-08-31 14:08:09,0.0001290340995981,3.4671067290457265e-12,0.00013028378562016
2023-08-31 14:08:10,0.0001308275574391,3.467154323117437e-12,0.00013028604790258
2023-08-31 14:08:11,0.0001297020446722,3.466511858271225e-12,0.00013006256128517997
2023-08-31 14:08:12,0.0001296451831752,3.467130525999922e-12,0.00012983109550910002
2023-08-31 14:08:13,0.0001293165166581,3.4676064993851786e-12,0.00012970508030854
2023-08-31 14:08:14,0.0001296483859771,3.4668449733293882e-12,0.00012982793758434
2023-08-31 14:08:15,0.0001312727091751,3.466963950750554e-12,0.00012991696793154
2023-08-31 14:08:16,0.0001299305426104,3.4672257154500087e-12,0.00012996266751918003
2023-08-31 14:08:17,0.0001284568333435,3.467392303276222e-12,0.00012972499755284
2023-08-31 14:08:18,0.0001284512800043,3.4663928963647135e-12,0.00012955195022208
2023-08-31 14:08:19,0.0001295875462693,3.4668449733293882e-12,0.00012953978228052
2023-08-31 14:08:20,0.0001309989641304,3.4669401549396765e-12,0.00012948503327158003
2023-08-31 14:08:21,0.0001296820201742,3.4670353391631588e-12,0.00012943532878434
2023-08-31 14:08:22,0.0001289600076422,3.4673685045253096e-12,0.00012953596364408002
2023-08-31 14:08:23,0.0001301626586031,3.4672257154500087e-12,0.00012987823936384
2023-08-31 14:08:24,0.0001308146301908,3.466749794332208e-12,0.00013012365614814
2023-08-31 14:08:25,0.0001301578353734,3.466797383504162e-12,0.00012995543039674
2023-08-31 14:08:26,0.0001307152946144,3.466702205813516e-12,0.00013016208528478002
2023-08-31 14:08:27,0.0001296684052815,3.4666070307358988e-12,0.00013030376481264
2023-08-31 14:08:28,0.0001296299709468,3.4672971092526225e-12,0.00013019722728138
2023-08-31 14:08:29,0.0001290006334451,3.467344705937742e-12,0.00012983442793224002
2023-08-31 14:08:30,0.0001304829989814,3.466916359292124e-12,0.00012989946065384002
2023-08-31 14:08:31,0.0001317966808314,3.4668211783351085e-12,0.00013011573789723998
2023-08-31 14:08:32,0.0001308235175368,3.4669877467247718e-12,0.00013034676034830002
2023-08-31 14:08:33,0.0001302189428247,3.466678411799148e-12,0.00013046455472388
2023-08-31 14:08:34,0.0001296275691792,3.466892563807881e-12,0.0001305899418707
2023-08-31 14:08:35,0.000128097947467,3.466440480637417e-12,0.00013011293156782
2023-08-31 14:08:36,0.0001278339807821,3.466963950750554e-12,0.00012932039155796
2023-08-31 14:08:37,0.000130272837661,3.4672971092526225e-12,0.00012921025558279998
2023-08-31 14:08:38,0.0001307952417133,3.4668449733293882e-12,0.00012932551536052
2023-08-31 14:08:39,0.0001296315721499,3.467344705937742e-12,0.00012932631595465998
2023-08-31 14:08:40,0.0001292717993906,3.4669877467247718e-12,0.00012956108633938
2023-08-31 14:08:41,0.0001308186698187,3.4675826991641118e-12,0.0001301580241467
2023-08-31 14:08:42,0.0001307831253742,3.4669401549396765e-12,0.00013026008168934
2023-08-31 14:08:43,0.000129061994691,3.4672971092526225e-12,0.00012991343228487999
2023-08-31 14:08:44,0.0001290388811858,3.466725999991212e-12,0.00012979489409206002
2023-08-31 14:08:45,0.0001293197113405,3.4674399012680997e-12,0.00012980447648204001
2023-08-31 14:08:46,0.0001301948180359,3.4671781203982867e-12,0.00012967970612548
2023-08-31 14:08:47,0.000130858264774,3.4668687684869736e-12,0.00012969473400544
2023-08-31 14:08:48,0.0001311673549879,3.467059135627361e-12,0.00013011580606482002
2023-08-31 14:08:49,0.0001297396990994,3.467130525999922e-12,0.00013025596964754
2023-08-31 14:08:50,0.0001296660028018,3.466749794332208e-12,0.00013032522793980002
2023-08-31 14:08:51,0.0001296427811257,3.4670115428623008e-12,0.00013021482055776
2023-08-31 14:08:52,0.0001306136144322,3.467130525999922e-12,0.0001301658904894
2023-08-31 14:08:53,0.0001318878779339,3.4673685045253096e-12,0.00013030999507859998
2023-08-31 14:08:54,0.0001296716086571,3.4672257154500087e-12,0.00013029637699014
2023-08-31 14:08:55,0.0001285226983824,3.466702205813516e-12,0.00013006771610626
2023-08-31 14:08:56,0.0001284028967809,3.4669401549396765e-12,0.0001298197392373
2023-08-31 14:08:57,0.0001287538896768,3.4669401549396765e-12,0.00012944779428622
2023-08-31 14:08:58,0.0001315120961312,3.467154323117437e-12,0.00012937263792568
2023-08-31 14:08:59,0.0001324625635826,3.4673685045253096e-12,0.00012993082891078002
2023-08-31 14:09:00,0.000129623566332,3.4668687684869736e-12,0.0001301510025007
2023-08-31 14:09:01,0.0001285361929784,3.466963950750554e-12,0.0001301776617402
2023-08-31 14:09:02,0.0001290596034468,3.466702205813516e-12,0.0001302388044942
2023-08-31 14:09:03,0.0001296403791208,3.4670115428623008e-12,0.00012986446109211999
2023-08-31 14:09:04,0.0001308219016108,3.4669401549396765e-12,0.00012953632869776
2023-08-31 14:09:05,0.0001308057434486,3.467249513220869e-12,0.00012977276412108
2023-08-31 14:09:06,0.0001299217159277,3.4669401549396765e-12,0.00013004986871094
2023-08-31 14:09:07,0.0001289616005699,3.466963950750554e-12,0.00013003026813555998
2023-08-31 14:09:08,0.0001284623869227,3.466678411799148e-12,0.00012979466969594
2023-08-31 14:09:09,0.0001290484448928,3.4667735888365197e-12,0.00012943997835234
2023-08-31 14:09:10,0.0001320223457831,3.4678207087259728e-12,0.00012968329881923998
2023-08-31 14:09:11,0.0001311398147673,3.4668211783351085e-12,0.00012992691858716
2023-08-31 14:09:12,0.0001296483859771,3.466892563807881e-12,0.0001300642756686
2023-08-31 14:09:13,0.0001294115922183,3.466678411799148e-12,0.00013025411672772
2023-08-31 14:09:14,0.0001295363349759,3.4670353391631588e-12,0.00013035169474434
2023-08-31 14:09:15,0.0001308146301908,3.467154323117437e-12,0.00013011015162588
2023-08-31 14:09:16,0.0001289273569603,3.4672971092526225e-12,0.00012966766006448
2023-08-31 14:09:17,0.0001296323727589,3.4669401549396765e-12,0.00012966445742084
2023-08-31 14:09:18,0.0001296419804525,3.4669877467247718e-12,0.00012971053506768
2023-08-31 14:09:19,0.0001296291703526,3.4666308242603335e-12,0.00012972910214301998
2023-08-31 14:09:20,0.000129625167456,3.4668211783351085e-12,0.00012949120959606
2023-08-31 14:09:21,0.0001308138222802,3.4668211783351085e-12,0.00012986850266004
2023-08-31 14:09:22,0.0001310855612562,3.4671781203982867e-12,0.0001301591403595
2023-08-31 14:09:23,0.0001296379771603,3.4670353391631588e-12,0.00013015833970106
2023-08-31 14:09:24,0.0001302953674845,3.4666070307358988e-12,0.00013029157912744
2023-08-31 14:09:25,0.0001295755418062,3.4668449733293882e-12,0.00013028165399748
2023-08-31 14:09:26,0.0001254415568266,3.4668449733293882e-12,0.00012920720090676
2023-08-31 14:09:27,0.0001307120654558,3.4672971092526225e-12,0.00012913250174668
2023-08-31 14:09:28,0.0001297893876192,3.467249513220869e-12,0.00012916278383846
2023-08-31 14:09:29,0.0001295811437506,3.4669401549396765e-12,0.00012901993909167998
2023-08-31 14:09:30,0.0001290914903465,3.467487499913371e-12,0.00012892312879974
2023-08-31 14:09:31,0.0001313708456457,3.467059135627361e-12,0.00013010898656356
2023-08-31 14:09:32,0.0001299867264616,3.466725999991212e-12,0.00012996391876471999
2023-08-31 14:09:33,0.0001296411797841,3.467059135627361e-12,0.00012993427719770002
2023-08-31 14:09:34,0.0001286855218442,3.467082932254878e-12,0.00012975515281642
2023-08-31 14:09:35,0.0001308526076181,3.467320907513504e-12,0.00013010737627073998
2023-08-31 14:09:36,0.0001284330350088,3.466511858271225e-12,0.00012951981414336002
2023-08-31 14:09:37,0.0001280884542009,3.4670353391631588e-12,0.00012914015969122
2023-08-31 14:09:38,0.0001301465818658,3.4670353391631588e-12,0.00012924124010756
2023-08-31 14:09:39,0.00013077989454,3.4668449733293882e-12,0.00012966011464672
2023-08-31 14:09:40,0.0001296419804525,3.4664880655633097e-12,0.0001294179892136
2023-08-31 14:09:41,0.000127431179892,3.466464273018712e-12,0.00012921761819023999
2023-08-31 14:09:42,0.0001310030094506,3.4667735888365197e-12,0.00012980052924017998
2023-08-31 14:09:43,0.000132083512846,3.467320907513504e-12,0.00013018791543622
2023-08-31 14:09:44,0.0001297012436329,3.4668449733293882e-12,0.00012997218525479998
2023-08-31 14:09:45,0.0001296283697634,3.466963950750554e-12,0.00012996946311698
2023-08-31 14:09:46,0.0001277637341836,3.4670353391631588e-12,0.0001300359739753
2023-08-31 14:09:47,0.0001311600643667,3.4673685045253096e-12,0.00013006738495852
2023-08-31 14:09:48,0.0001308315974662,3.4673685045253096e-12,0.00012981700188256
2023-08-31 14:09:49,0.0001296627995647,3.4666308242603335e-12,0.00012980931306891998
2023-08-31 14:09:50,0.0001284473134805,3.466892563807881e-12,0.00012957310181233999
2023-08-31 14:09:51,0.0001305442590928,3.467201917842486e-12,0.00013012920679418002
2023-08-31 14:09:52,0.0001314154773817,3.467082932254878e-12,0.00013018028939718
2023-08-31 14:09:53,0.0001260169465661,3.4667735888365197e-12,0.00012921735921716
2023-08-31 14:09:54,0.0001292749929683,3.466749794332208e-12,0.00012913979789788
2023-08-31 14:09:55,0.000131964467064,3.4666070307358988e-12,0.00012984322861458
2023-08-31 14:09:56,0.0001296836220203,3.4669877467247718e-12,0.00012967110120007999
2023-08-31 14:09:57,0.0001296668036234,3.467130525999922e-12,0.00012932136644842
2023-08-31 14:09:58,0.0001278631957888,3.466702205813516e-12,0.00012969061629295998
2023-08-31 14:09:59,0.0001296916315474,3.466797383504162e-12,0.00012977394400878
2023-08-31 14:10:00,0.0001303686163236,3.467249513220869e-12,0.00012945477386069998
2023-08-31 14:10:01,0.0001307702025163,3.4669401549396765e-12,0.0001296720899599
2023-08-31 14:10:02,0.0001295315349548,3.467059135627361e-12,0.00012964503622618
2023-08-31 14:10:03,0.0001296163615186,3.467487499913371e-12,0.00012999566937214
2023-08-31 14:10:04,0.0001296243668915,3.4670353391631588e-12,0.00012998221644096
2023-08-31 14:10:05,0.0001280750066115,3.466749794332208e-12,0.00012952349449854
2023-08-31 14:10:06,0.0001275997128479,3.466892563807881e-12,0.00012888939656485998
2023-08-31 14:10:07,0.0001305684486322,3.466583237374773e-12,0.00012909677930034
2023-08-31 14:10:08,0.0001295211355194,3.4670353391631588e-12,0.0001290777341005
2023-08-31 14:10:09,0.00012818262687,3.467558899106401e-12,0.00012878938609620002
2023-08-31 14:10:10,0.0001301144343479,3.466916359292124e-12,0.00012919727164347998
2023-08-31 14:10:11,0.0001308251334827,3.466702205813516e-12,0.00012984235577044
2023-08-31 14:10:12,0.0001299401724028,3.466583237374773e-12,0.00012971670052456
2023-08-31 14:10:13,0.0001272353632983,3.4668449733293882e-12,0.00012925954608034002
2023-08-31 14:10:14,0.0001289847002325,3.467701701903043e-12,0.00012941996075284003
2023-08-31 14:10:15,0.0001295819440482,3.4674399012680997e-12,0.0001293134626929
2023-08-31 14:10:16,0.0001307823176582,3.467201917842486e-12,0.000129304899528
2023-08-31 14:10:17,0.0001304145184378,3.467059135627361e-12,0.000129399768735
2023-08-31 14:10:18,0.0001296331733729,3.467059135627361e-12,0.00012987933074992
2023-08-31 14:10:19,0.0001296603971888,3.466725999991212e-12,0.00013001447014118
2023-08-31 14:10:20,0.0001278497718486,3.467320907513504e-12,0.00012966803570126
2023-08-31 14:10:21,0.0001296195636084,3.4671067290457265e-12,0.0001294354848913
2023-08-31 14:10:22,0.0001303750577508,3.4668449733293882e-12,0.0001294275927539
2023-08-31 14:10:23,0.0001307815099471,3.4674161021904946e-12,0.00012965726006874
2023-08-31 14:10:24,0.0001296179625536,3.4671067290457265e-12,0.00012964877314170002
2023-08-31 14:10:25,0.0001296243668915,3.467249513220869e-12,0.00013000369215028
2023-08-31 14:10:26,0.0001297429042363,3.467320907513504e-12,0.00013002836027586
2023-08-31 14:10:27,0.0001296267685998,3.467249513220869e-12,0.00012987870244566
2023-08-31 14:10:28,0.0001306886564421,3.466583237374773e-12,0.00012986013174466
2023-08-31 14:10:29,0.0001299610394015,3.4666070307358988e-12,0.00012992874711424001
2023-08-31 14:10:30,0.0001307637415662,3.4672257154500087e-12,0.00013015662204918
2023-08-31 14:10:31,0.0001296147605033,3.467082932254878e-12,0.00013013099330258
2023-08-31 14:10:32,0.0001283450195003,3.4666546179480924e-12,0.00012987464348268
2023-08-31 14:10:33,0.0001289815138262,3.466963950750554e-12,0.0001295332149595
2023-08-31 14:10:34,0.0001290572122469,3.4668687684869736e-12,0.00012935244952858
2023-08-31 14:10:35,0.0001288135424365,3.467725502940901e-12,0.00012896240970264
2023-08-31 14:10:36,0.0001296243668915,3.466464273018712e-12,0.00012896433098028
2023-08-31 14:10:37,0.0001302229640574,3.466702205813516e-12,0.0001293399198917
2023-08-31 14:10:38,0.0001296531903283,3.4672257154500087e-12,0.00012947425519211999
2023-08-31 14:10:39,0.0001307936261366,3.4669401549396765e-12,0.00012982153797006
2023-08-31 14:10:40,0.0001296075561794,3.4671067290457265e-12,0.00012998034071864001
2023-08-31 14:10:41,0.0001296139600031,3.4668449733293882e-12,0.00012997825934096
2023-08-31 14:10:42,0.0001295563369782,3.4674161021904946e-12,0.00012984493392512
2023-08-31 14:10:43,0.0001296123590175,3.466725999991212e-12,0.00012983676766296
2023-08-31 14:10:44,0.0001293125234161,3.4670115428623008e-12,0.00012954054711886
2023-08-31 14:10:45,0.0001278379283658,3.467249513220869e-12,0.00012918662155614002
2023-08-31 14:10:46,0.0001296131595078,3.4672733111550826e-12,0.00012918646145708
2023-08-31 14:10:47,0.0001283291672644,3.4665594441769415e-12,0.00012894102751432002
2023-08-31 14:10:48,0.0001307637415662,3.4669877467247718e-12,0.00012917130402406
2023-08-31 14:10:49,0.000129621164683,3.4666070307358988e-12,0.00012923303227744
2023-08-31 14:10:50,0.0001286855218442,3.466892563807881e-12,0.00012940255097311997
2023-08-31 14:10:51,0.0001295987514383,3.4674637005090537e-12,0.00012939966935922
2023-08-31 14:10:52,0.0001307637415662,3.466892563807881e-12,0.00012988658421958
2023-08-31 14:10:53,0.0001284274826985,3.4666308242603335e-12,0.00012941933244604
2023-08-31 14:10:54,0.0001297316866038,3.4672971092526225e-12,0.0001294414368302
2023-08-31 14:10:55,0.0001316315467831,3.466749794332208e-12,0.00013003064181798
2023-08-31 14:10:56,0.0001294843442207,3.467082932254878e-12,0.00013000776037446
2023-08-31 14:10:57,0.0001295563369782,3.4665594441769415e-12,0.00012976627945686
2023-08-31 14:10:58,0.000129669206118,3.466702205813516e-12,0.00013001462414075998
2023-08-31 14:10:59,0.0001296131595078,3.4668211783351085e-12,0.00012999091872156
2023-08-31 14:11:00,0.0001295843449704,3.4669877467247718e-12,0.00012958147835902
2023-08-31 14:11:01,0.0001316063474854,3.4669401549396765e-12,0.00013000587901196002
2023-08-31 14:11:02,0.0001296315721499,3.466963950750554e-12,0.00013002092604630003
2023-08-31 14:11:03,0.0001296411797841,3.467059135627361e-12,0.00013001532077952
2023-08-31 14:11:04,0.0001304950875154,3.467082932254878e-12,0.00013019170638104
2023-08-31 14:11:05,0.0001307564733789,3.467082932254878e-12,0.00013042613206273998
2023-08-31 14:11:06,0.0001279011062877,3.467344705937742e-12,0.0001296850838232
2023-08-31 14:11:07,0.0001287713849559,3.4669877467247718e-12,0.0001295130463844
2023-08-31 14:11:08,0.0001296027535192,3.466916359292124e-12,0.00012950536113142
2023-08-31 14:11:09,0.0001318251731498,3.466749794332208e-12,0.0001297713782583
2023-08-31 14:11:10,0.0001291457161577,3.467249513220869e-12,0.00012944922681406
2023-08-31 14:11:11,0.0001324641997742,3.4671781203982867e-12,0.00013036184551136002
2023-08-31 14:11:12,0.0001307249825686,3.4669877467247718e-12,0.0001307525650339
2023-08-31 14:11:13,0.0001314917921822,3.4668211783351085e-12,0.0001311303727665
2023-08-31 14:11:14,0.0001306418509908,3.4672971092526225e-12,0.0001308937083347
2023-08-31 14:11:15,0.0001283981387598,3.466749794332208e-12,0.00013074419285512
2023-08-31 14:11:16,0.00012960835664,3.467249513220869e-12,0.00013017302422828
2023-08-31 14:11:17,0.0001306152277855,3.466725999991212e-12,0.00013015107327166001
2023-08-31 14:11:18,0.0001302245725852,3.4664880655633097e-12,0.00012989762935226
2023-08-31 14:11:19,0.0001284258963683,3.4672733111550826e-12,0.00012945443842776
2023-08-31 14:11:20,0.0001293404786998,3.466678411799148e-12,0.00012964290641576
2023-08-31 14:11:21,0.0001296611979758,3.4670115428623008e-12,0.00012965347468291998
2023-08-31 14:11:22,0.000128428275871,3.4670353391631588e-12,0.00012921608430001999
2023-08-31 14:11:23,0.0001296419804525,3.4672733111550826e-12,0.00012909956587348
2023-08-31 14:11:24,0.0001317926110029,3.466702205813516e-12,0.0001297729088004
2023-08-31 14:11:25,0.0001284179650107,3.4670115428623008e-12,0.00012958840606258
2023-08-31 14:11:26,0.00012974771209,3.4672733111550826e-12,0.00012960570888541999
2023-08-31 14:11:27,0.0001306128077631,3.4670353391631588e-12,0.00013004261526384
2023-08-31 14:11:28,0.0001302173343663,3.467249513220869e-12,0.0001301576860466
2023-08-31 14:11:29,0.0001284362078654,3.4669877467247718e-12,0.00012948640541909998
2023-08-31 14:11:30,0.0001296387778088,3.467201917842486e-12,0.00012973056797871998
2023-08-31 14:11:31,0.0001308905960709,3.4668687684869736e-12,0.00012995914477490002
2023-08-31 14:11:32,0.0001308275574391,3.466749794332208e-12,0.0001300020947101
2023-08-31 14:11:33,0.0001292071464147,3.4670115428623008e-12,0.00012980005711978
2023-08-31 14:11:34,0.0001283878303191,3.4671067290457265e-12,0.00012979038161052
2023-08-31 14:11:35,0.0001296339739917,3.4667735888365197e-12,0.0001297894208471
2023-08-31 14:11:36,0.0001296035539502,3.467320907513504e-12,0.00012953201242296
2023-08-31 14:11:37,0.0001314341460583,3.4670115428623008e-12,0.0001296533301468
2023-08-31 14:11:38,0.0001300855083711,3.466963950750554e-12,0.00012982900253808
2023-08-31 14:11:39,0.0001283672159204,3.466963950750554e-12,0.00012982487965834
2023-08-31 14:11:40,0.0001304411007327,3.4672257154500087e-12,0.00012998630500653997
2023-08-31 14:11:41,0.0001299401724028,3.466892563807881e-12,0.00013005362869705997
2023-08-31 14:11:42,0.0001319025404958,3.467392303276222e-12,0.00013014730758456
2023-08-31 14:11:43,0.0001280805436832,3.4674399012680997e-12,0.00012974631464698002
2023-08-31 14:11:44,0.0001286791638917,3.466749794332208e-12,0.00012980870424124
2023-08-31 14:11:45,0.0001298342839291,3.4670115428623008e-12,0.00012968734088052
2023-08-31 14:11:46,0.0001295963502491,3.4670353391631588e-12,0.00012961857644978
2023-08-31 14:11:47,0.0001304628539131,3.467059135627361e-12,0.00012933063913324
2023-08-31 14:11:48,0.0001298711746586,3.4674161021904946e-12,0.00012968876532832001
2023-08-31 14:11:49,0.0001306362031908,3.4668211783351085e-12,0.00013008017318814
2023-08-31 14:11:50,0.0001301425629917,3.4674161021904946e-12,0.00013014182900066002
2023-08-31 14:11:51,0.0001284052758575,3.467059135627361e-12,0.00012990361412233998
2023-08-31 14:11:52,0.0001297308853814,3.466749794332208e-12,0.000129757220416
2023-08-31 14:11:53,0.0001311187585004,3.4669877467247718e-12,0.00013000673718436
2023-08-31 14:11:54,0.0001307459755993,3.466892563807881e-12,0.00013002869166606
2023-08-31 14:11:55,0.0001306717077045,3.467130525999922e-12,0.00013013452060862
2023-08-31 14:11:56,0.0001296075561794,3.4668211783351085e-12,0.000130374976673
2023-08-31 14:11:57,0.0001288350241951,3.4668211783351085e-12,0.00013019580443574
2023-08-31 14:11:58,0.0001303734473641,3.4669877467247718e-12,0.00013004674220848
2023-08-31 14:11:59,0.0001301578353734,3.4671781203982867e-12,0.0001299291141633
2023-08-31 14:12:00,0.0001307395158462,3.467154323117437e-12,0.00012994267579164
2023-08-31 14:12:01,0.0001307847408213,3.466963950750554e-12,0.00013017811272002
2023-08-31 14:12:02,0.0001307920105798,3.466511858271225e-12,0.00013056950999696
2023-08-31 14:12:03,0.0001278331912799,3.4668449733293882e-12,0.00013006145878012001
2023-08-31 14:12:04,0.0001294179863596,3.4669877467247718e-12,0.00012991348897736001
2023-08-31 14:12:05,0.0001295795431704,3.467082932254878e-12,0.0001296814944422
2023-08-31 14:12:06,0.0001307685872489,3.4673685045253096e-12,0.00012967826372772
2023-08-31 14:12:07,0.0001319473528691,3.467201917842486e-12,0.00012990933218558
2023-08-31 14:12:08,0.0001304435175736,3.466797383504162e-12,0.00013043139744432
2023-08-31 14:12:09,0.0001283814870746,3.466464273018712e-12,0.00013022409758732
2023-08-31 14:12:10,0.000129601152672,3.466725999991212e-12,0.00013022841948764002
2023-08-31 14:12:11,0.0001306507265984,3.4667735888365197e-12,0.00013020484735753999
2023-08-31 14:12:12,0.0001307807022411,3.467059135627361e-12,0.00012997151723194
2023-08-31 14:12:13,0.0001305974819961,3.4669401549396765e-12,0.00013000231011644
2023-08-31 14:12:14,0.0001307427456829,3.467201917842486e-12,0.0001304745618381
2023-08-31 14:12:15,0.0001293053358913,3.4668687684869736e-12,0.00013041539848195998
2023-08-31 14:12:16,0.000129344472805,3.467082932254878e-12,0.00013015414772328
2023-08-31 14:12:17,0.0001304177402456,3.467059135627361e-12,0.00013008155532418
2023-08-31 14:12:18,0.0001307685872489,3.466702205813516e-12,0.00013011577637474
2023-08-31 14:12:19,0.0001285933622719,3.4670353391631588e-12,0.00012968589969254
2023-08-31 14:12:20,0.000128415585699,3.467082932254878e-12,0.00012950794965408
2023-08-31 14:12:21,0.0001307960495092,3.4671781203982867e-12,0.00012979826499492
2023-08-31 14:12:22,0.0001307435531545,3.4664166884194082e-12,0.0001298634275767
2023-08-31 14:12:23,0.0001307435531545,3.4669877467247718e-12,0.00012985842075782
2023-08-31 14:12:24,0.0001307879717752,3.467059135627361e-12,0.00013029734265848002
2023-08-31 14:12:25,0.0001309625618694,3.467082932254878e-12,0.00013080673789255998
2023-08-31 14:12:26,0.000128908248202,3.4674637005090537e-12,0.00013042917763111999
2023-08-31 14:12:27,0.0001293516625053,3.4671067290457265e-12,0.00013015079950128
2023-08-31 14:12:28,0.0001307726254549,3.4675826991641118e-12,0.00013015661396135997
2023-08-31 14:12:29,0.0001307702025163,3.466464273018712e-12,0.00013015306010958
2023-08-31 14:12:30,0.0001313749024498,3.4672971092526225e-12,0.00013023552822566002
2023-08-31 14:12:31,0.0001296099575762,3.4671781203982867e-12,0.00013037587010050002
2023-08-31 14:12:32,0.0001283862444786,3.466892563807881e-12,0.00013018278649516002
2023-08-31 14:12:33,0.0001305805450827,3.4674161021904946e-12,0.00013014437042072
2023-08-31 14:12:34,0.0001295843449704,3.4668449733293882e-12,0.00012990719891154
2023-08-31 14:12:35,0.0001290675744332,3.467344705937742e-12,0.00012944573330822
2023-08-31 14:12:36,0.0001307742407722,3.467082932254878e-12,0.00012967858994742
2023-08-31 14:12:37,0.0001307847408213,3.466749794332208e-12,0.00013015828921596
2023-08-31 14:12:38,0.0001284235169096,3.466963950750554e-12,0.00012972688358134
2023-08-31 14:12:39,0.0001284362078654,3.467130525999922e-12,0.00012949725616034
2023-08-31 14:12:40,0.0001284330350088,3.466916359292124e-12,0.00012937034827546
2023-08-31 14:12:41,0.0001284338282156,3.467320907513504e-12,0.00012890226576414
2023-08-31 14:12:42,0.0001307879717752,3.466916359292124e-12,0.00012890291195492002
2023-08-31 14:12:43,0.0001315413393258,3.4672971092526225e-12,0.00012952647643816
2023-08-31 14:12:44,0.00013077989454,3.4665594441769415e-12,0.00012999521377307999
2023-08-31 14:12:45,0.0001304322393657,3.4667735888365197e-12,0.00013039505464446
2023-08-31 14:12:46,0.0001284203443666,3.4665594441769415e-12,0.00013039235787465998
2023-08-31 14:12:47,0.0001292725977777,3.466678411799148e-12,0.00013008928307516
2023-08-31 14:12:48,0.000132537849319,3.4670353391631588e-12,0.0001302885850738
2023-08-31 14:12:49,0.0001308477588221,3.4674399012680997e-12,0.00013030215793022
2023-08-31 14:12:50,0.000130859072959,3.4668211783351085e-12,0.00013038752464888001
2023-08-31 14:12:51,0.0001308364456633,3.4664166884194082e-12,0.00013087074490821999
2023-08-31 14:12:52,0.0001296547918182,3.466963950750554e-12,0.00013094718371632
2023-08-31 14:12:53,0.0001284425538136,3.467320907513504e-12,0.00013012812461524
2023-08-31 14:12:54,0.0001270861474396,3.466725999991212e-12,0.00012937580233874
2023-08-31 14:12:55,0.0001284108272078,3.466749794332208e-12,0.00012888615318849998
2023-08-31 14:12:56,0.0001308421021204,3.4664880655633097e-12,0.00012888728447991998
2023-08-31 14:12:57,0.0001308469507069,3.4672257154500087e-12,0.00012912571625766002
2023-08-31 14:12:58,0.0001296571940902,3.4670353391631588e-12,0.00012936864431298002
2023-08-31 14:12:59,0.0001296900296024,3.467201917842486e-12,0.00012988942074554
2023-08-31 14:13:00,0.0001302535294845,3.4670115428623008e-12,0.00013025796120087998
2023-08-31 14:13:01,0.0001308202857047,3.466797383504162e-12,0.00013025359791774
2023-08-31 14:13:02,0.0001308776625937,3.4664880655633097e-12,0.0001302597402951
2023-08-31 14:13:03,0.000129636375878,3.467154323117437e-12,0.00013025557665266
2023-08-31 14:13:04,0.0001284385875592,3.4668449733293882e-12,0.00013000528824402
2023-08-31 14:13:05,0.0001296507881304,3.4673685045253096e-12,0.0001298847399732
2023-08-31 14:13:06,0.000128903471455,3.4672257154500087e-12,0.00012950137712326
2023-08-31 14:13:07,0.0001308299814404,3.4673685045253096e-12,0.0001294918408926
2023-08-31 14:13:08,0.0001303106577979,3.4676064993851786e-12,0.00012962669727658002
2023-08-31 14:13:09,0.0001284528666481,3.4669401549396765e-12,0.00012962955309436
2023-08-31 14:13:10,0.0001278221387621,3.467320907513504e-12,0.0001292638232207
2023-08-31 14:13:11,0.0001308404859649,3.466916359292124e-12,0.00012965122612268
2023-08-31 14:13:12,0.0001296523895907,3.4664880655633097e-12,0.00012941570775274
2023-08-31 14:13:13,0.0001296331733729,3.4672257154500087e-12,0.00012928021086774
2023-08-31 14:13:14,0.0001286402282865,3.467320907513504e-12,0.00012931768319542
2023-08-31 14:13:15,0.0001287268561933,3.466678411799148e-12,0.00012949862668166002
2023-08-31 14:13:16,0.0001300140245261,3.466583237374773e-12,0.0001293333343939
2023-08-31 14:13:17,0.0001308340215423,3.4671067290457265e-12,0.00012956966078422
2023-08-31 14:13:18,0.0001293189126625,3.467249513220869e-12,0.00012950680864214
2023-08-31 14:13:19,0.0001296579948575,3.4670115428623008e-12,0.00012971036195634
2023-08-31 14:13:20,0.0001285449255309,3.4669401549396765e-12,0.00012967397582386
2023-08-31 14:13:21,0.0001284251032105,3.4664880655633097e-12,0.00012935619156074002
2023-08-31 14:13:22,0.0001290412720461,3.466702205813516e-12,0.00012899764166149997
2023-08-31 14:13:23,0.0001308017042198,3.4667735888365197e-12,0.00012929419997296
2023-08-31 14:13:24,0.0001296627995647,3.466892563807881e-12,0.0001292951609144
2023-08-31 14:13:25,0.0001296443824871,3.4672257154500087e-12,0.00012951505230563999
2023-08-31 14:13:26,0.0001284425538136,3.466702205813516e-12,0.00012951854242626
2023-08-31 14:13:27,0.0001294859436251,3.466464273018712e-12,0.00012960747674206
2023-08-31 14:13:28,0.0001308154381064,3.4671067290457265e-12,0.00012961022351937998
2023-08-31 14:13:29,0.0001296579948575,3.4665594441769415e-12,0.00012960926257794
2023-08-31 14:13:30,0.0001288891422759,3.467201917842486e-12,0.0001294582145357
2023-08-31 14:13:31,0.000128479842592,3.4674161021904946e-12,0.00012946567229138
2023-08-31 14:13:32,0.0001289751412496,3.4668449733293882e-12,0.00012936351181628
2023-08-31 14:13:33,0.0001308655386194,3.4670353391631588e-12,0.00012937353191888
2023-08-31 14:13:34,0.0001296563933279,3.466916359292124e-12,0.00012937321161296
2023-08-31 14:13:35,0.0001297108564308,3.467392303276222e-12,0.00012953755444394
2023-08-31 14:13:36,0.0001296507881304,3.4672257154500087e-12,0.00012977174355162
2023-08-31 14:13:37,0.0001295035383768,3.4667735888365197e-12,0.00012987742297706
2023-08-31 14:13:38,0.0001303154866908,3.467725502940901e-12,0.00012976741259134
2023-08-31 14:13:39,0.0001308639221744,3.466702205813516e-12,0.00013000891836064
2023-08-31 14:13:40,0.0001296828210948,3.466749794332208e-12,0.00013000331129344
2023-08-31 14:13:41,0.0001296988405447,3.4667735888365197e-12,0.0001300129217763
2023-08-31 14:13:42,0.0001296700069594,3.4671067290457265e-12,0.00013004621549282002
2023-08-31 14:13:43,0.0001286243395885,3.4668211783351085e-12,0.00012970798607236
2023-08-31 14:13:44,0.0001300879186236,3.4674399012680997e-12,0.0001295527853622
2023-08-31 14:13:45,0.0001308065513093,3.466702205813516e-12,0.0001297775314051
2023-08-31 14:13:46,0.0001296547918182,3.466725999991212e-12,0.0001297687216598
2023-08-31 14:13:47,0.0001283767298469,3.4673685045253096e-12,0.00012951006623729999
2023-08-31 14:13:48,0.0001296780156456,3.4671781203982867e-12,0.00012972080144872
2023-08-31 14:13:49,0.0001296243668915,3.467392303276222e-12,0.0001296280911023
2023-08-31 14:13:50,0.0001284806360878,3.4668687684869736e-12,0.000129162908058
2023-08-31 14:13:51,0.0001305886100056,3.4672257154500087e-12,0.00012934967169547998
2023-08-31 14:13:52,0.0001298150407521,3.467487499913371e-12,0.00012963733387651998
2023-08-31 14:13:53,0.0001298631540432,3.467392303276222e-12,0.00012967436155604
2023-08-31 14:13:54,0.0001296908305724,3.466678411799148e-12,0.00012968765429222
2023-08-31 14:13:55,0.0001307944339225,3.466749794332208e-12,0.00013015041385916
2023-08-31 14:13:56,0.0001292398679528,3.467201917842486e-12,0.0001298806654486
2023-08-31 14:13:57,0.0001284433470791,3.466797383504162e-12,0.00012960632671399998
2023-08-31 14:13:58,0.0001296764138688,3.4670353391631588e-12,0.00012956897867912
2023-08-31 14:13:59,0.0001284758751861,3.467201917842486e-12,0.00012932598760186
2023-08-31 14:14:00,0.0001304564081481,3.4672733111550826e-12,0.00012925838244698
2023-08-31 14:14:01,0.0001308429102057,3.4670115428623008e-12,0.00012957899089756
2023-08-31 14:14:02,0.0001296684052815,3.467249513220869e-12,0.00012982400253804
2023-08-31 14:14:03,0.0001294267788197,3.4669401549396765e-12,0.00012977407552822
2023-08-31 14:14:04,0.0001284615935395,3.466749794332208e-12,0.0001297712191989
2023-08-31 14:14:05,0.0001291720398336,3.467130525999922e-12,0.000129514345536
2023-08-31 14:14:06,0.0001308154381064,3.466892563807881e-12,0.00012950885111614002
2023-08-31 14:14:07,0.0001296603971888,3.4674399012680997e-12,0.0001295072494976
2023-08-31 14:14:08,0.0001284782556149,3.4670115428623008e-12,0.00012931754485664
2023-08-31 14:14:09,0.0001276919489221,3.466963950750554e-12,0.00012916361593316
2023-08-31 14:14:10,0.000128466353912,3.466678411799148e-12,0.00012902247874884
2023-08-31 14:14:11,0.0001272220052722,3.467059135627361e-12,0.000128303792182
2023-08-31 14:14:12,0.0001301192559693,3.4666308242603335e-12,0.0001283955639381
2023-08-31 14:14:13,0.0001296852238861,3.4674637005090537e-12,0.00012863695759234
2023-08-31 14:14:14,0.0001297132597416,3.466963950750554e-12,0.00012904121975624
2023-08-31 14:14:15,0.0001308299814404,3.4669877467247718e-12,0.00012951394526191997
2023-08-31 14:14:16,0.0001296844229507,3.466583237374773e-12,0.00013000642879761997
2023-08-31 14:14:17,0.0001292502448049,3.466725999991212e-12,0.00012983262656474
2023-08-31 14:14:18,0.0001285933622719,3.4671067290457265e-12,0.0001296142542419
2023-08-31 14:14:19,0.0001299778959621,3.4668449733293882e-12,0.00012966718148599998
2023-08-31 14:14:20,0.0001319220931141,3.4670115428623008e-12,0.00012988560382074
2023-08-31 14:14:21,0.0001310313301901,3.4676064993851786e-12,0.00013015498526862003
2023-08-31 14:14:22,0.0001284671473245,3.466464273018712e-12,0.00012999836577254
2023-08-31 14:14:23,0.0001278102978392,3.467130525999922e-12,0.00012984175288600002
2023-08-31 14:14:24,0.0001266121774919,3.4665594441769415e-12,0.00012916860919196001
2023-08-31 14:14:25,0.0001296507881304,3.4666070307358988e-12,0.00012871434819522
2023-08-31 14:14:26,0.0001308324054865,3.467320907513504e-12,0.00012867456325450002
2023-08-31 14:14:27,0.0001311025636726,3.467130525999922e-12,0.00012920164652412
2023-08-31 14:14:28,0.0001297549242046,3.466511858271225e-12,0.00012959057179719999
2023-08-31 14:14:29,0.0001296812192586,3.466440480637417e-12,0.00013020438015053998
2023-08-31 14:14:30,0.0001284496933801,3.467082932254878e-12,0.00012996416120047998
2023-08-31 14:14:31,0.0001297036467656,3.4669401549396765e-12,0.00012973840945629999
2023-08-31 14:14:32,0.0001308146301908,3.4663928963647135e-12,0.00012968082275994
2023-08-31 14:14:33,0.0001303855257488,3.467154323117437e-12,0.00012980694306878
2023-08-31 14:14:34,0.000129643581804,3.466797383504162e-12,0.00012979941557786
2023-08-31 14:14:35,0.0001284742882581,3.4671781203982867e-12,0.00012980433455346001
2023-08-31 14:14:36,0.0001283862444786,3.466702205813516e-12,0.00012954085409606
2023-08-31 14:14:37,0.0001296595964068,3.4666308242603335e-12,0.00012930984733926
2023-08-31 14:14:38,0.0001306216813976,3.4668449733293882e-12,0.00012935707846902
2023-08-31 14:14:39,0.00013025594285,3.4666546179480924e-12,0.00012947955067822
2023-08-31 14:14:40,0.0001256687579063,3.467154323117437e-12,0.00012891844460786
2023-08-31 14:14:41,0.0001273556486667,3.4670115428623008e-12,0.00012871232544547998
2023-08-31 14:14:42,0.0001283616664555,3.467082932254878e-12,0.00012845273945522002
2023-08-31 14:14:43,0.00012925343785,3.466797383504162e-12,0.00012817909074569998
2023-08-31 14:14:44,0.0001298158424942,3.4669877467247718e-12,0.00012809107067454002
2023-08-31 14:14:45,0.0001308089749213,3.467487499913371e-12,0.00012911911407754003
2023-08-31 14:14:46,0.000129712458633,3.467059135627361e-12,0.0001295904760708
2023-08-31 14:14:47,0.0001296555925706,3.467201917842486e-12,0.00012984926129382
2023-08-31 14:14:48,0.0001290739515768,3.466511858271225e-12,0.00012981336403918
2023-08-31 14:14:49,0.0001295299349873,3.4666308242603335e-12,0.0001297561825378
2023-08-31 14:14:50,0.0001299128898446,3.4667735888365197e-12,0.00012957696552245998
2023-08-31 14:14:51,0.0001308372537137,3.4672257154500087e-12,0.0001298019245386
2023-08-31 14:14:52,0.0001297421029446,3.4673685045253096e-12,0.0001298192266134
2023-08-31 14:14:53,0.0001289058598064,3.467201917842486e-12,0.00012978560825932002
2023-08-31 14:14:54,0.0001291249800702,3.466963950750554e-12,0.0001297046172759
2023-08-31 14:14:55,0.0001302567473151,3.4672257154500087e-12,0.00012977338877
2023-08-31 14:14:56,0.0001308210936553,3.4672733111550826e-12,0.00012977015675832
2023-08-31 14:14:57,0.0001307726254549,3.4670353391631588e-12,0.00012997626126038
2023-08-31 14:14:58,0.0001295387350531,3.4667735888365197e-12,0.00013010283630971998
2023-08-31 14:14:59,0.0001284116202774,3.4672733111550826e-12,0.00012996016435116
2023-08-31 14:15:00,0.0001284274826985,3.4665594441769415e-12,0.00012959431142783997
2023-08-31 14:15:01,0.0001296740112407,3.466916359292124e-12,0.00012936489494492
2023-08-31 14:15:02,0.0001308315974662,3.4671781203982867e-12,0.00012937668934718
2023-08-31 14:15:03,0.0001308340215423,3.4673685045253096e-12,0.00012963574664502
2023-08-31 14:15:04,0.0001308623057493,3.467059135627361e-12,0.0001301258837394
2023-08-31 14:15:05,0.0001297020446722,3.4675826991641118e-12,0.00013038079613414
2023-08-31 14:15:06,0.00012801095219,3.4672733111550826e-12,0.000130048184324
2023-08-31 14:15:07,0.0001296091571056,3.4671781203982867e-12,0.00012980369625188
2023-08-31 14:15:08,0.0001308639221744,3.467130525999922e-12,0.00012980967637829998
2023-08-31 14:15:09,0.000130835637618,3.467201917842486e-12,0.00012980434275203999
2023-08-31 14:15:10,0.0001298968439568,3.4668687684869736e-12,0.00012984330260896
2023-08-31 14:15:11,0.0001284457269052,3.466963950750554e-12,0.000129930257552
2023-08-31 14:15:12,0.0001284306554179,3.466892563807881e-12,0.00012969455721446
2023-08-31 14:15:13,0.000130042131463,3.4672257154500087e-12,0.00012953019907218
2023-08-31 14:15:15,0.000130835637618,3.4669877467247718e-12,0.00012953019907218
2023-08-31 14:15:16,0.000128745938063,3.4668211783351085e-12,0.00012930001789342
2023-08-31 14:15:17,0.0001281454243526,3.4669877467247718e-12,0.0001292399573829
2023-08-31 14:15:18,0.0001284838101203,3.466963950750554e-12,0.00012925058832338
2023-08-31 14:15:19,0.0001308388698293,3.466797383504162e-12,0.00012940993599663998
2023-08-31 14:15:20,0.000130809782802,3.467082932254878e-12,0.00012940476503343998
2023-08-31 14:15:21,0.0001290396781343,3.4666308242603335e-12,0.0001294635130477
2023-08-31 14:15:22,0.000128466353912,3.4666070307358988e-12,0.00012952769895958
2023-08-31 14:15:23,0.0001296948354967,3.466892563807881e-12,0.00012976990403486
2023-08-31 14:15:24,0.0001308469507069,3.466963950750554e-12,0.00012977152021038
2023-08-31 14:15:25,0.0001308315974662,3.466797383504162e-12,0.00012977588314322
2023-08-31 14:15:26,0.0001290062105344,3.4671067290457265e-12,0.00012976918962324
2023-08-31 14:15:27,0.0001292446571656,3.4673685045253096e-12,0.00012992485027396
2023-08-31 14:15:28,0.0001284639737037,3.467249513220869e-12,0.00012967867791536
2023-08-31 14:15:29,0.0001314852955806,3.467320907513504e-12,0.0001298063468901
2023-08-31 14:15:30,0.0001308542239234,3.4668211783351085e-12,0.00012981087218154
2023-08-31 14:15:31,0.0001298840086736,3.4670353391631588e-12,0.00012998643180937999
2023-08-31 14:15:32,0.0001284496933801,3.4668211783351085e-12,0.00012982743905228
2023-08-31 14:15:33,0.0001285107925625,3.466916359292124e-12,0.00012983680282404
2023-08-31 14:15:34,0.0001305958688621,3.467154323117437e-12,0.00012965891748034
2023-08-31 14:15:35,0.0001310200011596,3.4670353391631588e-12,0.00012969207292757998
2023-08-31 14:15:36,0.0001302953674845,3.466916359292124e-12,0.00012977434468976
2023-08-31 14:15:37,0.0001296732103745,3.4666070307358988e-12,0.00013001904808864
2023-08-31 14:15:38,0.0001286839323266,3.467059135627361e-12,0.00013005367604146
2023-08-31 14:15:39,0.0001295075375175,3.4672257154500087e-12,0.00012983600977254002
2023-08-31 14:15:40,0.0001308259414632,3.466702205813516e-12,0.00012979719783326
2023-08-31 14:15:41,0.0001296668036234,3.4673685045253096e-12,0.00012967148506103999
2023-08-31 14:15:42,0.0001276627730429,3.4670353391631588e-12,0.00012926939759472
2023-08-31 14:15:43,0.0001300911323629,3.4665594441769415e-12,0.00012955083760198
2023-08-31 14:15:44,0.0001308291734349,3.4662977297788997e-12,0.00012981516478546
2023-08-31 14:15:45,0.0001302350285006,3.4667735888365197e-12,0.00012969698219294
2023-08-31 14:15:46,0.0001286791638917,3.4670353391631588e-12,0.0001294994542466
2023-08-31 14:15:47,0.000128432241807,3.4670115428623008e-12,0.00012965334799942
2023-08-31 14:15:48,0.0001287801334869,3.4670115428623008e-12,0.00012939114822422
2023-08-31 14:15:49,0.000129712458633,3.4671781203982867e-12,0.00012916780526383998
2023-08-31 14:15:50,0.000128935319779,3.4668687684869736e-12,0.00012890786351951999
2023-08-31 14:15:51,0.0001306555680931,3.466725999991212e-12,0.00012930314435979998
2023-08-31 14:15:52,0.0001292606224901,3.467344705937742e-12,0.00012946882049642
2023-08-31 14:15:53,0.0001284306554179,3.466963950750554e-12,0.00012939892488262
2023-08-31 14:15:54,0.000128421137495,3.466678411799148e-12,0.00012914066065502
2023-08-31 14:15:55,0.0001284719079028,3.4669401549396765e-12,0.00012904797827978002
2023-08-31 14:15:56,0.0001283212418807,3.4676541003173946e-12,0.0001285811130373
2023-08-31 14:15:57,0.0001306902707223,3.4668449733293882e-12,0.00012886704268374
2023-08-31 14:15:58,0.0001308412940402,3.467059135627361e-12,0.00012934917040819999
2023-08-31 14:15:59,0.0001308760459989,3.4668687684869736e-12,0.00012984015210898
2023-08-31 14:16:00,0.0001289273569603,3.467082932254878e-12,0.00012993124192048
2023-08-31 14:16:01,0.0001285004750773,3.466749794332208e-12,0.0001299670885598
2023-08-31 14:16:02,0.0001284909519801,3.4675350992120293e-12,0.00012952722481136
2023-08-31 14:16:03,0.0001296988405447,3.4674161021904946e-12,0.00012929873411226
2023-08-31 14:16:04,0.00012801095219,3.4670353391631588e-12,0.00012872571535048
2023-08-31 14:16:05,0.0001296563933279,3.466963950750554e-12,0.000128871522624
2023-08-31 14:16:06,0.0001284489000753,3.466511858271225e-12,0.0001288612076236
2023-08-31 14:16:07,0.0001284393808003,3.4670115428623008e-12,0.00012885089338763998
2023-08-31 14:16:08,0.0001284671473245,3.467344705937742e-12,0.0001286045547436
2023-08-31 14:16:09,0.0001296860248265,3.4670115428623008e-12,0.0001289395692709
2023-08-31 14:16:10,0.0001303339991044,3.466678411799148e-12,0.00012907509042619998
2023-08-31 14:16:11,0.0001308291734349,3.4676541003173946e-12,0.00012955114509811998
2023-08-31 14:16:12,0.0001296660028018,3.466583237374773e-12,0.00012979646949842
2023-08-31 14:16:13,0.00012843144861,3.4674161021904946e-12,0.00012978932975552
2023-08-31 14:16:14,0.0001276462167257,3.4669401549396765e-12,0.00012938136813535998
2023-08-31 14:16:15,0.0001294123914686,3.4669401549396765e-12,0.0001291970466082
2023-08-31 14:16:16,0.0001300332971995,3.4666070307358988e-12,0.00012903787136112
2023-08-31 14:16:17,0.0001284203443666,3.467249513220869e-12,0.00012878873967407998
2023-08-31 14:16:18,0.0001284330350088,3.466892563807881e-12,0.00012878905695384
2023-08-31 14:16:19,0.000129439568919,3.4675826991641118e-12,0.00012914772739250002
2023-08-31 14:16:20,0.0001303154866908,3.4667735888365197e-12,0.00012932834643694
2023-08-31 14:16:21,0.0001308332135119,3.467344705937742e-12,0.00012948832969942003
2023-08-31 14:16:22,0.000129968263374,3.4668449733293882e-12,0.00012979791350090002
2023-08-31 14:16:23,0.0001284727013497,3.467392303276222e-12,0.00012980584676908002
2023-08-31 14:16:24,0.0001284734948014,3.4668687684869736e-12,0.00012961263194556001
2023-08-31 14:16:25,0.0001284568333435,3.466797383504162e-12,0.0001292409012761
2023-08-31 14:16:26,0.0001296836220203,3.466963950750554e-12,0.00012901098297778
2023-08-31 14:16:27,0.0001308493750675,3.4671781203982867e-12,0.00012918720531648
2023-08-31 14:16:28,0.0001303605649871,3.467082932254878e-12,0.00012956477804396002
2023-08-31 14:16:29,0.0001292358770777,3.467249513220869e-12,0.00012971725449922
2023-08-31 14:16:30,0.0001284108272078,3.4669401549396765e-12,0.00012970805327208
2023-08-31 14:16:31,0.0001284417605529,3.4671781203982867e-12,0.00012945968097860002
2023-08-31 14:16:32,0.0001286759850333,3.467249513220869e-12,0.00012902500297176
2023-08-31 14:16:33,0.0001308598811491,3.467201917842486e-12,0.00012912486620416
2023-08-31 14:16:34,0.0001302824928226,3.4670115428623008e-12,0.00012933418935314
2023-08-31 14:16:35,0.0001296996415691,3.466440480637417e-12,0.0001295919522254
2023-08-31 14:16:36,0.0001284385875592,3.466725999991212e-12,0.00012959131762666
2023-08-31 14:16:37,0.0001284552466506,3.467154323117437e-12,0.00012954716995012
2023-08-31 14:16:38,0.0001294531597844,3.4671067290457265e-12,0.00012926582567718
2023-08-31 14:16:39,0.0001306176478526,3.4669877467247718e-12,0.00012933285668318
2023-08-31 14:16:40,0.0001308170539525,3.4670353391631588e-12,0.00012955633915986
2023-08-31 14:16:41,0.0001296323727589,3.4668211783351085e-12,0.00012979509619979998
2023-08-31 14:16:42,0.0001284147926049,3.467154323117437e-12,0.00012978700539066
2023-08-31 14:16:43,0.0001284290690484,3.467201917842486e-12,0.00012958218724346
2023-08-31 14:16:44,0.0001284687341644,3.466678411799148e-12,0.00012915240450582
2023-08-31 14:16:45,0.0001298976462041,3.467130525999922e-12,0.00012896852295614
2023-08-31 14:16:46,0.0001301755214229,3.466583237374773e-12,0.00012907715268894
2023-08-31 14:16:47,0.000128415585699,3.467201917842486e-12,0.00012907731130776002
2023-08-31 14:16:48,0.0001284251032105,3.467059135627361e-12,0.00012907651814018
2023-08-31 14:16:49,0.0001310774656424,3.4673685045253096e-12,0.00012959826443578
2023-08-31 14:16:50,0.0001298423027614,3.4674399012680997e-12,0.00012958719574724
2023-08-31 14:16:51,0.000128525873454,3.467154323117437e-12,0.00012925726615346
2023-08-31 14:16:52,0.0001286910853103,3.467082932254878e-12,0.00012931236607572
2023-08-31 14:16:53,0.0001261166061173,3.4672257154500087e-12,0.00012885066665708
2023-08-31 14:16:54,0.0001286457897944,3.467201917842486e-12,0.00012836433148748002
2023-08-31 14:16:55,0.0001277124548802,3.467082932254878e-12,0.00012793836191124
2023-08-31 14:16:56,0.0001296908305724,3.467082932254878e-12,0.00012817135333492
2023-08-31 14:16:57,0.0001295755418062,3.4668687684869736e-12,0.0001283482446341
2023-08-31 14:16:58,0.0001284433470791,3.466797383504162e-12,0.00012881359282646002
2023-08-31 14:16:59,0.0001306152277855,3.4670353391631588e-12,0.00012920748042468002
2023-08-31 14:17:00,0.0001296740112407,3.467249513220869e-12,0.00012959979169678
2023-08-31 14:17:01,0.0001285496889914,3.4667735888365197e-12,0.00012937156338058
2023-08-31 14:17:02,0.0001284354146439,3.4670353391631588e-12,0.00012914353794812
2023-08-31 14:17:03,0.0001284346214273,3.4669401549396765e-12,0.00012914179281776
2023-08-31 14:17:04,0.000130053375939,3.467201917842486e-12,0.00012902942244846
2023-08-31 14:17:05,0.0001301176487423,3.467249513220869e-12,0.00012911814994878
2023-08-31 14:17:06,0.0001283894161792,3.466963950750554e-12,0.00012908609538633998
2023-08-31 14:17:07,0.0001305410341595,3.4664166884194082e-12,0.00012950721928946
2023-08-31 14:17:08,0.0001297372952988,3.466725999991212e-12,0.00012976775406376
2023-08-31 14:17:09,0.0001308170539525,3.467249513220869e-12,0.00012992048966646
2023-08-31 14:17:10,0.0001295723408039,3.466702205813516e-12,0.00012981142807878002
2023-08-31 14:17:11,0.0001284354146439,3.466749794332208e-12,0.00012982062777172
2023-08-31 14:17:12,0.0001299465926609,3.4674399012680997e-12,0.00012970173947200001
2023-08-31 14:17:13,0.0001284227237665,3.4666308242603335e-12,0.00012943882516553999
2023-08-31 14:17:14,0.0001284401740463,3.467059135627361e-12,0.0001289634491843
2023-08-31 14:17:15,0.0001301787373264,3.4664880655633097e-12,0.0001290847284888
2023-08-31 14:17:16,0.000129973882297,3.4668449733293882e-12,0.00012939242201942
2023-08-31 14:17:17,0.0001292047524811,3.4663691044733186e-12,0.00012924405398346
2023-08-31 14:17:18,0.0001284044828271,3.4669401549396765e-12,0.00012924040579558
2023-08-31 14:17:19,0.0001290627917823,3.4669877467247718e-12,0.00012936492934278
2023-08-31 14:17:20,0.0001308081670456,3.466916359292124e-12,0.00012949081528662002
2023-08-31 14:17:21,0.000129643581804,3.467201917842486e-12,0.00012942475518802
2023-08-31 14:17:22,0.0001278189810754,3.467059135627361e-12,0.00012914760090688
2023-08-31 14:17:23,0.0001296323727589,3.466797383504162e-12,0.00012939317889324
2023-08-31 14:17:24,0.0001307887795261,3.466678411799148e-12,0.000129738376442
2023-08-31 14:17:25,0.0001292861711114,3.4666308242603335e-12,0.00012943397725516
2023-08-31 14:17:26,0.0001284600067879,3.4672733111550826e-12,0.00012919726225194
2023-08-31 14:17:27,0.0001284687341644,3.467154323117437e-12,0.00012932721286974
2023-08-31 14:17:28,0.0001284639737037,3.4669401549396765e-12,0.0001290935330587
2023-08-31 14:17:29,0.0001284560399946,3.4670353391631588e-12,0.0001286269851524
2023-08-31 14:17:30,0.0001308194777592,3.467201917842486e-12,0.00012893364648195997
2023-08-31 14:17:31,0.0001296619987678,3.466892563807881e-12,0.00012917404487793998
2023-08-31 14:17:32,0.0001291361452421,3.467154323117437e-12,0.00012930752709348
2023-08-31 14:17:33,0.0001290348965171,3.466963950750554e-12,0.00012942171165615998
2023-08-31 14:17:34,0.0001284941262674,3.466916359292124e-12,0.00012942932891072
2023-08-31 14:17:35,0.0001284592134194,3.4669877467247718e-12,0.00012895727604275999
2023-08-31 14:17:36,0.0001290659801966,3.466321521180405e-12,0.00012883807232852
2023-08-31 14:17:37,0.0001304636596561,3.466797383504162e-12,0.00012910357521132
2023-08-31 14:17:38,0.0001300734577788,3.467558899106401e-12,0.00012931128746366
2023-08-31 14:17:39,0.0001296812192586,3.467130525999922e-12,0.0001295487060619
2023-08-31 14:17:40,0.0001284687341644,3.4668687684869736e-12,0.0001295506102109
2023-08-31 14:17:41,0.0001273934086816,3.4666546179480924e-12,0.00012921609590789998
2023-08-31 14:17:42,0.0001307597036345,3.466892563807881e-12,0.00012927530470358
2023-08-31 14:17:43,0.0001296884276772,3.4672971092526225e-12,0.00012919829868326
2023-08-31 14:17:44,0.000130027675708,3.466963950750554e-12,0.00012926758997314002
2023-08-31 14:17:45,0.0001276438517129,3.4672257154500087e-12,0.00012910261348284
2023-08-31 14:17:46,0.0001284695275916,3.467154323117437e-12,0.00012931783726484
2023-08-31 14:17:47,0.0001299185063735,3.466916359292124e-12,0.00012914959781264
2023-08-31 14:17:48,0.0001302977816252,3.466916359292124e-12,0.00012927146860224
2023-08-31 14:17:49,0.0001284869842312,3.467082932254878e-12,0.00012896333030688
2023-08-31 14:17:50,0.0001291369427913,3.467201917842486e-12,0.00012926194852256
2023-08-31 14:17:51,0.0001298663622299,3.4670115428623008e-12,0.00012954131545021998
2023-08-31 14:17:52,0.0001307669720014,3.467082932254878e-12,0.00012971100857579997
2023-08-31 14:17:53,0.0001296379771603,3.4672257154500087e-12,0.00012957904768282
2023-08-31 14:17:54,0.0001274122928871,3.467082932254878e-12,0.000129364109414
2023-08-31 14:17:55,0.0001304813872615,3.4669877467247718e-12,0.00012963299830804
2023-08-31 14:17:56,0.0001302342241696,3.4668211783351085e-12,0.00012970657069598
2023-08-31 14:17:57,0.0001284544533116,3.4664880655633097e-12,0.00012924406695802
2023-08-31 14:17:58,0.0001278600370879,3.4673685045253096e-12,0.00012888847894354
2023-08-31 14:17:59,0.0001308267494486,3.4668687684869736e-12,0.00012957137025584
2023-08-31 14:18:00,0.0001321455243784,3.4669401549396765e-12,0.00012990419767922
2023-08-31 14:18:01,0.0001268501162297,3.467059135627361e-12,0.00012922737609124
2023-08-31 14:18:02,0.0001283030153556,3.467201917842486e-12,0.00012919708850004
2023-08-31 14:18:03,0.0001296027535192,3.466749794332208e-12,0.00012954563178630001
2023-08-31 14:18:04,0.0001306781641072,3.466749794332208e-12,0.00012951591471802
2023-08-31 14:18:05,0.0001302245725852,3.4670353391631588e-12,0.00012913172435938003
2023-08-31 14:18:06,0.0001284243100576,3.4671781203982867e-12,0.00012944656312495999
2023-08-31 14:18:07,0.000129302141564,3.467201917842486e-12,0.00012964638836664
2023-08-31 14:18:08,0.000128225383521,3.4671781203982867e-12,0.000129370914367
2023-08-31 14:18:09,0.0001284647671016,3.466511858271225e-12,0.00012892823496587997
2023-08-31 14:18:10,0.0001305797386178,3.4674637005090537e-12,0.0001289992681724
2023-08-31 14:18:11,0.0001299032620741,3.467154323117437e-12,0.00012929505857569998
2023-08-31 14:18:12,0.0001293013429946,3.4666308242603335e-12,0.00012929489886182
2023-08-31 14:18:13,0.0001284433470791,3.4670115428623008e-12,0.00012933849157344
2023-08-31 14:18:14,0.0001284544533116,3.467320907513504e-12,0.00012933642881544
2023-08-31 14:18:15,0.0001290851123363,3.4670353391631588e-12,0.00012903750355914
2023-08-31 14:18:16,0.0001307298268149,3.467201917842486e-12,0.0001292028165073
2023-08-31 14:18:17,0.0001296988405447,3.467059135627361e-12,0.00012928231601732
2023-08-31 14:18:18,0.000128801609674,3.466963950750554e-12,0.00012935396853629998
2023-08-31 14:18:19,0.0001285092052031,3.4672971092526225e-12,0.00012936491891460001
2023-08-31 14:18:20,0.0001288055871387,3.466678411799148e-12,0.00012930901387508002
2023-08-31 14:18:21,0.0001305055651508,3.467201917842486e-12,0.00012926416154226
2023-08-31 14:18:22,0.0001289862934652,3.466916359292124e-12,0.00012912165212636
2023-08-31 14:18:23,0.000128048115668,3.467059135627361e-12,0.00012897095332516
2023-08-31 14:18:24,0.0001284473134805,3.467130525999922e-12,0.00012895857498063999
2023-08-31 14:18:25,0.0001285139673399,3.4669877467247718e-12,0.00012890025102088
2023-08-31 14:18:26,0.0001284608001613,3.4671067290457265e-12,0.00012849129802298002
2023-08-31 14:18:27,0.0001298936350171,3.467630299769615e-12,0.00012867276633336
2023-08-31 14:18:28,0.0001301562276699,3.466678411799148e-12,0.00012909438873374
2023-08-31 14:18:29,0.0001292805819191,3.467059135627361e-12,0.00012926104242146002
2023-08-31 14:18:30,0.0001291672533117,3.4671781203982867e-12,0.00012939169961582
2023-08-31 14:18:31,0.0001284528666481,3.467082932254878e-12,0.00012939011291318
2023-08-31 14:18:32,0.0001284687341644,3.466725999991212e-12,0.00012910513274264
2023-08-31 14:18:33,0.0001307500131071,3.4669401549396765e-12,0.00012922388983008
2023-08-31 14:18:34,0.0001292725977777,3.467059135627361e-12,0.00012922229300179998
2023-08-31 14:18:35,0.0001296708078058,3.467082932254878e-12,0.00012932300390062
2023-08-31 14:18:36,0.0001291520971623,3.467059135627361e-12,0.00012946285000346
2023-08-31 14:18:37,0.0001308930212402,3.4673685045253096e-12,0.00012994770741862
2023-08-31 14:18:38,0.0001292941560912,3.4667735888365197e-12,0.00012965653601544
2023-08-31 14:18:39,0.0001285306362085,3.466963950750554e-12,0.0001295081437016
2023-08-31 14:18:40,0.0001283759369928,3.466345312745206e-12,0.00012924916953899998
2023-08-31 14:18:41,0.0001285417499886,3.466963950750554e-12,0.00012912710010426
2023-08-31 14:18:42,0.0001285076178634,3.467320907513504e-12,0.0001286500194289
2023-08-31 14:18:43,0.0001291361452421,3.467558899106401e-12,0.00012861841725907998
2023-08-31 14:18:44,0.0001309205096324,3.4669401549396765e-12,0.00012909639194386
2023-08-31 14:18:45,0.000128968768988,3.466345312745206e-12,0.0001292149583429
2023-08-31 14:18:46,0.0001284425538136,3.466892563807881e-12,0.0001291951191079
2023-08-31 14:18:47,0.0001284132064313,3.466583237374773e-12,0.00012917623682147999
2023-08-31 14:18:48,0.0001295123366492,3.4668449733293882e-12,0.00012925147510290001
2023-08-31 14:18:49,0.0001308469507069,3.466892563807881e-12,0.0001292367633178
2023-08-31 14:18:50,0.0001293652441407,3.467392303276222e-12,0.00012931605834834
2023-08-31 14:18:51,0.0001290651830856,3.4669401549396765e-12,0.00012944058420274
2023-08-31 14:18:52,0.0001285044432428,3.466702205813516e-12,0.00012945883156504002
2023-08-31 14:18:53,0.0001266536280861,3.466797383504162e-12,0.00012888708985242
2023-08-31 14:18:54,0.0001298519260139,3.4667735888365197e-12,0.00012868808491382002
2023-08-31 14:18:55,0.0001297228734301,3.467249513220869e-12,0.0001287596107717
2023-08-31 14:18:56,0.0001292662108196,3.4675350992120293e-12,0.00012879981631850002
2023-08-31 14:18:57,0.0001284949198515,3.467154323117437e-12,0.00012879791164024002
2023-08-31 14:18:58,0.0001284727013497,3.4670353391631588e-12,0.00012916172629296
2023-08-31 14:18:59,0.0001284631803107,3.466464273018712e-12,0.00012888397715232002
2023-08-31 14:19:00,0.0001302422677031,3.4668211783351085e-12,0.00012898785600692
2023-08-31 14:19:01,0.0001284782556149,3.467130525999922e-12,0.00012883026496598
2023-08-31 14:19:02,0.0001296868257717,3.467059135627361e-12,0.00012906864615002
2023-08-31 14:19:03,0.0001284409672971,3.466892563807881e-12,0.0001290622993395
2023-08-31 14:19:04,0.0001289568218458,3.4675826991641118e-12,0.00012916102764652
2023-08-31 14:19:05,0.0001297533214778,3.4669401549396765e-12,0.00012906323840145998
2023-08-31 14:19:06,0.0001284631803107,3.4672971092526225e-12,0.00012906022334062
2023-08-31 14:19:07,0.0001284544533116,3.466725999991212e-12,0.00012881374884860002
2023-08-31 14:19:08,0.0001296563933279,3.4671781203982867e-12,0.00012905683405476
2023-08-31 14:19:09,0.0001276462167257,3.466725999991212e-12,0.00012879471303074
2023-08-31 14:19:10,0.0001242265069255,3.4670115428623008e-12,0.00012768935012028
2023-08-31 14:19:11,0.0001282499354493,3.467059135627361e-12,0.000127646701148
2023-08-31 14:19:12,0.0001272911678646,3.467201917842486e-12,0.00012741404405859999
2023-08-31 14:19:13,0.0001284108272078,3.4674399012680997e-12,0.00012716493083458
2023-08-31 14:19:14,0.0001283949668438,3.4667735888365197e-12,0.0001273146808582
2023-08-31 14:19:15,0.0001305869969812,3.4666546179480924e-12,0.00012858677886934001
2023-08-31 14:19:16,0.0001296627995647,3.467059135627361e-12,0.00012886935169242002
2023-08-31 14:19:17,0.0001290643859796,3.467130525999922e-12,0.00012922399531542001
2023-08-31 14:19:18,0.0001278331912799,3.4669877467247718e-12,0.00012910846812984
2023-08-31 14:19:19,0.0001302720330965,3.4670115428623008e-12,0.00012948388138037998
2023-08-31 14:19:20,0.0001298174459932,3.4668449733293882e-12,0.00012932997118278
2023-08-31 14:19:21,0.0001284235169096,3.467082932254878e-12,0.00012908211465176002
2023-08-31 14:19:22,0.0001284481067755,3.467154323117437e-12,0.00012895885881094001
2023-08-31 14:19:23,0.0001287904734262,3.4671781203982867e-12,0.00012915031524020001
2023-08-31 14:19:24,0.0001284187581244,3.4671781203982867e-12,0.00012877966024578
2023-08-31 14:19:25,0.0001263723436128,3.4670115428623008e-12,0.0001280906397697
2023-08-31 14:19:26,0.0001299008552429,3.467059135627361e-12,0.00012838610743636002
2023-08-31 14:19:27,0.0001296660028018,3.4671067290457265e-12,0.00012862968664162
2023-08-31 14:19:28,0.0001284433470791,3.467059135627361e-12,0.00012856026137219998
2023-08-31 14:19:29,0.0001287976323321,3.466916359292124e-12,0.00012863603621374
2023-08-31 14:19:30,0.0001308461425967,3.4671067290457265e-12,0.00012953079601052
2023-08-31 14:19:31,0.0001296459838683,3.467082932254878e-12,0.00012947982173560003
2023-08-31 14:19:32,0.0001284258963683,3.4672257154500087e-12,0.00012923180044889998
2023-08-31 14:19:33,0.0001284338282156,3.4667735888365197e-12,0.0001292298966762
2023-08-31 14:19:34,0.0001284243100576,3.4674161021904946e-12,0.00012915523222130002
2023-08-31 14:19:35,0.0001265465099971,3.4670353391631588e-12,0.00012829530570138
2023-08-31 14:19:36,0.0001296507881304,3.466892563807881e-12,0.0001282962665538
2023-08-31 14:19:37,0.0001298166442412,3.4674399012680997e-12,0.00012857441612838002
2023-08-31 14:19:38,0.0001291441209559,3.467511299481024e-12,0.00012871647467644002
2023-08-31 14:19:39,0.0001284060688929,3.466749794332208e-12,0.0001287128264435
2023-08-31 14:19:40,0.000128444933625,3.4672733111550826e-12,0.00012909251116908002
2023-08-31 14:19:41,0.0001266293817518,3.4665594441769415e-12,0.00012848822989336
2023-08-31 14:19:42,0.0001296419804525,3.4666308242603335e-12,0.00012845329713562
2023-08-31 14:19:43,0.0001307992807425,3.4670353391631588e-12,0.00012878432909293997
2023-08-31 14:19:44,0.000130342853797,3.467344705937742e-12,0.00012917168607376
2023-08-31 14:19:45,0.0001290141782232,3.466702205813516e-12,0.0001292855349934
2023-08-31 14:19:46,0.0001284013107543,3.466725999991212e-12,0.00012963992079390003
2023-08-31 14:19:47,0.0001284005177483,3.4666308242603335e-12,0.00012939162825306
2023-08-31 14:19:48,0.0001284116202774,3.4668211783351085e-12,0.00012891409616004
2023-08-31 14:19:49,0.0001298695704959,3.467154323117437e-12,0.00012881943949982
2023-08-31 14:19:50,0.0001307088363771,3.4671781203982867e-12,0.0001291583711306
2023-08-31 14:19:51,0.0001303299744429,3.4669877467247718e-12,0.00012954410386832
2023-08-31 14:19:52,0.0001283838657546,3.467130525999922e-12,0.00012954077346957998
2023-08-31 14:19:53,0.0001282166726763,3.467059135627361e-12,0.00012950178394935998
2023-08-31 14:19:54,0.0001284132064313,3.466440480637417e-12,0.00012921051113644002
2023-08-31 14:19:55,0.0001281897519883,3.4672971092526225e-12,0.00012870669425868
2023-08-31 14:19:56,0.0001296139600031,3.4668449733293882e-12,0.00012856349137072001
2023-08-31 14:19:57,0.0001296523895907,3.467201917842486e-12,0.00012881719613794
2023-08-31 14:19:58,0.0001296443824871,3.467249513220869e-12,0.0001291027381001
2023-08-31 14:19:59,0.0001269833689645,3.467249513220869e-12,0.00012881677060674
2023-08-31 14:20:00,0.000128097947467,3.467344705937742e-12,0.00012879840970247999
2023-08-31 14:20:01,0.0001278616164286,3.4671781203982867e-12,0.00012844794098758
2023-08-31 14:20:02,0.0001296075561794,3.4674637005090537e-12,0.00012843897430532
2023-08-31 14:20:03,0.0001308267494486,3.467392303276222e-12,0.00012867544769762
2023-08-31 14:20:04,0.000130559578614,3.4672257154500087e-12,0.00012939068962752003
2023-08-31 14:20:05,0.0001296916315474,3.467082932254878e-12,0.00012970942644359998
2023-08-31 14:20:06,0.000128444933625,3.467344705937742e-12,0.00012982608988288
2023-08-31 14:20:07,0.0001284235169096,3.4670353391631588e-12,0.00012958928202892
2023-08-31 14:20:08,0.0001277810949188,3.467392303276222e-12,0.00012898015112296001
2023-08-31 14:20:09,0.0001293580536855,3.466749794332208e-12,0.00012873984613725998
2023-08-31 14:20:10,0.000129601152672,3.4668449733293882e-12,0.00012872175036218
2023-08-31 14:20:11,0.0001300284787634,3.4675826991641118e-12,0.00012903845938986
2023-08-31 14:20:12,0.0001285076178634,3.4666070307358988e-12,0.00012905527958061998
2023-08-31 14:20:13,0.0001284584200559,3.467249513220869e-12,0.00012919074460804
2023-08-31 14:20:14,0.0001284338282156,3.466892563807881e-12,0.00012900589951406001
2023-08-31 14:20:15,0.0001296355752443,3.467320907513504e-12,0.00012901278402852
2023-08-31 14:20:16,0.0001295739412952,3.4671781203982867e-12,0.00012892187653488
2023-08-31 14:20:17,0.0001304684942187,3.467130525999922e-12,0.00012931405180594
2023-08-31 14:20:18,0.0001298158424942,3.4670353391631588e-12,0.0001295855362936
2023-08-31 14:20:19,0.0001284258963683,3.467082932254878e-12,0.00012958394992414
2023-08-31 14:20:20,0.0001268728376823,3.4669877467247718e-12,0.00012903140241174
2023-08-31 14:20:21,0.0001284235169096,3.4676064993851786e-12,0.00012880131753462
2023-08-31 14:20:22,0.000129636375878,3.467082932254878e-12,0.00012863489386648
2023-08-31 14:20:23,0.0001296451831752,3.4669877467247718e-12,0.00012860076200268
2023-08-31 14:20:24,0.0001296523895907,3.466464273018712e-12,0.00012884606064716
2023-08-31 14:20:25,0.0001292470518386,3.467154323117437e-12,0.00012932090347842
2023-08-31 14:20:26,0.0001282634014059,3.467201917842486e-12,0.00012928888037768
2023-08-31 14:20:27,0.0001278805700391,3.4672257154500087e-12,0.0001289377192099
2023-08-31 14:20:28,0.0001289289494847,3.4667735888365197e-12,0.00012879447247180002
2023-08-31 14:20:29,0.0001296403791208,3.4668687684869736e-12,0.00012879207037782
2023-08-31 14:20:30,0.0001296395784623,3.4662739385406738e-12,0.00012887057570256
2023-08-31 14:20:31,0.0001296772147547,3.4668687684869736e-12,0.00012915333837232
2023-08-31 14:20:32,0.0001282816223034,3.466583237374773e-12,0.00012923354882518
2023-08-31 14:20:33,0.0001289432830894,3.466583237374773e-12,0.00012923641554612
2023-08-31 14:20:34,0.000128467940742,3.467344705937742e-12,0.00012900192787036
2023-08-31 14:20:35,0.0001280006748345,3.466678411799148e-12,0.00012867414714480002
2023-08-31 14:20:36,0.0001296772147547,3.4668687684869736e-12,0.00012867414714480002
2023-08-31 14:20:37,0.0001301747174594,3.466916359292124e-12,0.00012905276617599997
2023-08-31 14:20:38,0.0001296411797841,3.466963950750554e-12,0.00012919234551494
2023-08-31 14:20:39,0.0001284504866897,3.467130525999922e-12,0.00012918885470447999
2023-08-31 14:20:40,0.0001281438415063,3.4667735888365197e-12,0.00012921748803884
2023-08-31 14:20:41,0.0001296619987678,3.467059135627361e-12,0.00012921444484145997
2023-08-31 14:20:42,0.0001289010831478,3.466797383504162e-12,0.00012895971797913998
2023-08-31 14:20:43,0.0001286211620844,3.466892563807881e-12,0.0001287557144392
2023-08-31 14:20:44,0.0001284116202774,3.4665594441769415e-12,0.00012874794115674
2023-08-31 14:20:45,0.0001284219306283,3.4674399012680997e-12,0.00012880355898114
2023-08-31 14:20:46,0.000127302960693,3.4669401549396765e-12,0.00012833175136618002
2023-08-31 14:20:47,0.000128072633654,3.4671781203982867e-12,0.00012816606146742
2023-08-31 14:20:48,0.0001297020446722,3.467249513220869e-12,0.00012838223798498
2023-08-31 14:20:49,0.0001296796174422,3.467082932254878e-12,0.00012863583741794
2023-08-31 14:20:50,0.0001284973006332,3.466440480637417e-12,0.00012865091141892
2023-08-31 14:20:51,0.0001263075805831,3.4672257154500087e-12,0.00012845183539693999
2023-08-31 14:20:52,0.0001267663171037,3.467344705937742e-12,0.00012819057208688
2023-08-31 14:20:53,0.0001292334826118,3.4666546179480924e-12,0.0001280968596748
2023-08-31 14:20:54,0.0001295499360015,3.467201917842486e-12,0.00012807092338665998
2023-08-31 14:20:55,0.0001281311794396,3.467059135627361e-12,0.00012799769914794
2023-08-31 14:20:56,0.0001274004899306,3.466963950750554e-12,0.00012821628101743998
2023-08-31 14:20:57,0.0001284949198515,3.466749794332208e-12,0.000128562001567
2023-08-31 14:20:58,0.0001286712168928,3.466749794332208e-12,0.0001284495484232
2023-08-31 14:20:59,0.0001296780156456,3.467154323117437e-12,0.00012847516435202
2023-08-31 14:21:00,0.0001296964375011,3.467059135627361e-12,0.00012878821596431998
2023-08-31 14:21:01,0.0001262147854651,3.4668211783351085e-12,0.00012855107507122
2023-08-31 14:21:02,0.0001284774621338,3.466892563807881e-12,0.00012854758352768
2023-08-31 14:21:03,0.000128635461471,3.466963950750554e-12,0.00012854043244332002
2023-08-31 14:21:04,0.0001284425538136,3.467059135627361e-12,0.00012829334007692002
2023-08-31 14:21:05,0.0001292318863258,3.467249513220869e-12,0.00012820042984186
2023-08-31 14:21:06,0.0001296307715459,3.4669877467247718e-12,0.00012888362705802
2023-08-31 14:21:07,0.0001284013107543,3.467320907513504e-12,0.00012886839678212
2023-08-31 14:21:08,0.0001296403791208,3.467082932254878e-12,0.00012906938031208
2023-08-31 14:21:09,0.0001307249825686,3.466583237374773e-12,0.00012952586606308
2023-08-31 14:21:10,0.0001284346214273,3.4666546179480924e-12,0.00012936641308337998
2023-08-31 14:21:11,0.0001296155610085,3.4667735888365197e-12,0.0001293633709759
2023-08-31 14:21:12,0.0001295851452877,3.4665594441769415e-12,0.00012960013788257998
2023-08-31 14:21:13,0.0001293500647596,3.4674161021904946e-12,0.00012954207501033997
2023-08-31 14:21:14,0.0001281873769048,3.466702205813516e-12,0.00012903455387758002
2023-08-31 14:21:15,0.0001284076549782,3.4668687684869736e-12,0.00012902916058775998
2023-08-31 14:21:16,0.0001283727656252,3.467130525999922e-12,0.00012878060151109999
2023-08-31 14:21:17,0.0001295651388377,3.467082932254878e-12,0.0001287766002211
2023-08-31 14:21:18,0.0001296187630786,3.467082932254878e-12,0.00012883033988489998
2023-08-31 14:21:19,0.000129636375878,3.467154323117437e-12,0.00012912013967954
2023-08-31 14:21:20,0.0001284147926049,3.4672971092526225e-12,0.00012912156720488
2023-08-31 14:21:21,0.0001284655605043,3.4670115428623008e-12,0.00012914012618069998
2023-08-31 14:21:22,0.0001286148073118,3.4671067290457265e-12,0.00012895005987552
2023-08-31 14:21:23,0.0001307807022411,3.466963950750554e-12,0.00012918244770802
2023-08-31 14:21:24,0.0001274201621323,3.4671781203982867e-12,0.00012873920495888
2023-08-31 14:21:25,0.000128428275871,3.4673685045253096e-12,0.0001287419016121
2023-08-31 14:21:26,0.0001284639737037,3.466916359292124e-12,0.00012874158425198
2023-08-31 14:21:27,0.0001283973457735,3.4670353391631588e-12,0.00012869809194432
2023-08-31 14:21:28,0.0001284552466506,3.466892563807881e-12,0.00012823300082622
2023-08-31 14:21:29,0.0001302599652253,3.466511858271225e-12,0.00012880096144481998
2023-08-31 14:21:30,0.0001296475852692,3.4668211783351085e-12,0.00012904482332446002
2023-08-31 14:21:31,0.0001325804210525,3.467082932254878e-12,0.00012986811279422
2023-08-31 14:21:32,0.0001289719550794,3.467558899106401e-12,0.0001299830346554
2023-08-31 14:21:33,0.0001284489000753,3.466749794332208e-12,0.00012998176534034
2023-08-31 14:21:34,0.0001323333682876,3.467082932254878e-12,0.00013039644595280001
2023-08-31 14:21:35,0.0001307734331111,3.466797383504162e-12,0.00013062161552118001
2023-08-31 14:21:36,0.0001298639560825,3.4668449733293882e-12,0.00013007832252717998
2023-08-31 14:21:37,0.0001288859582302,3.466725999991212e-12,0.00013006112315733999
2023-08-31 14:21:38,0.0001284393808003,3.4671781203982867e-12,0.00013005921930233998
2023-08-31 14:21:39,0.0001295027385635,3.466797383504162e-12,0.00012949309335752
2023-08-31 14:21:40,0.00013079685731,3.4663928963647135e-12,0.00012949777819729999
2023-08-31 14:21:41,0.0001284021037651,3.4669877467247718e-12,0.00012920540773382
2023-08-31 14:21:42,0.0001277045675836,3.467130525999922e-12,0.0001289691296045
2023-08-31 14:21:43,0.0001283973457735,3.466702205813516e-12,0.00012896072259914
2023-08-31 14:21:44,0.0001300477535794,3.4671781203982867e-12,0.00012906972560232
2023-08-31 14:21:45,0.0001296339739917,3.4667735888365197e-12,0.00012883714893866
2023-08-31 14:21:46,0.0001296459838683,3.466749794332208e-12,0.0001290859249593
2023-08-31 14:21:47,0.0001284203443666,3.467154323117437e-12,0.0001292290803159
2023-08-31 14:21:48,0.0001283997247473,3.4672257154500087e-12,0.00012922955611065998
2023-08-31 14:21:49,0.0001276367569371,3.4675826991641118e-12,0.0001287473567822
2023-08-31 14:21:50,0.0001284274826985,3.466797383504162e-12,0.00012850605852356001
2023-08-31 14:21:51,0.0001284013107543,3.4672257154500087e-12,0.00012825712390076
2023-08-31 14:21:52,0.0001295691398806,3.4671781203982867e-12,0.00012848688300356
2023-08-31 14:21:53,0.0001284370010917,3.4668211783351085e-12,0.00012849433827244
2023-08-31 14:21:54,0.0001284520733238,3.4672971092526225e-12,0.00012865740154978
2023-08-31 14:21:55,0.0001274886450759,3.4671067290457265e-12,0.00012846963402525998
2023-08-31 14:21:56,0.0001293037387178,3.4665594441769415e-12,0.00012865011961796
2023-08-31 14:21:57,0.000128428275871,3.466678411799148e-12,0.00012842194681604
2023-08-31 14:21:58,0.0001284330350088,3.467130525999922e-12,0.00012842115359945998
2023-08-31 14:21:59,0.0001295035383768,3.467344705937742e-12,0.00012863144661006
2023-08-31 14:22:00,0.0001301755214229,3.466892563807881e-12,0.00012916882187946
2023-08-31 14:22:01,0.0001284496933801,3.4669877467247718e-12,0.00012899801281192
2023-08-31 14:22:02,0.0001284124133519,3.4671781203982867e-12,0.0001289948403081
2023-08-31 14:22:03,0.0001284092410832,3.4672257154500087e-12,0.00012899008152298
2023-08-31 14:22:04,0.0001284711144609,3.4668687684869736e-12,0.0001287835967398
2023-08-31 14:22:05,0.0001284608001613,3.4673685045253096e-12,0.00012844065248748
2023-08-31 14:22:06,0.0001284124133519,3.4668687684869736e-12,0.00012843319648184
2023-08-31 14:22:07,0.0001302696194328,3.466797383504162e-12,0.00012880463769802
2023-08-31 14:22:08,0.0001296451831752,3.466963950750554e-12,0.00012905182611642
2023-08-31 14:22:09,0.0001288167246932,3.4668449733293882e-12,0.00012912094816288
2023-08-31 14:22:10,0.0001289313383082,3.4672733111550826e-12,0.00012921505579226
2023-08-31 14:22:11,0.0001284489000753,3.4671067290457265e-12,0.00012922235313694
2023-08-31 14:22:12,0.0001268759719952,3.466583237374773e-12,0.00012854362364941998
2023-08-31 14:22:13,0.0001284615935395,3.466963950750554e-12,0.00012830690572228001
2023-08-31 14:22:14,0.0001284814295886,3.467392303276222e-12,0.00012823984670136
2023-08-31 14:22:15,0.0001284893648658,3.467487499913371e-12,0.00012815145201288
2023-08-31 14:22:16,0.000129799808593,3.466916359292124e-12,0.00012842163371642
2023-08-31 14:22:17,0.0001278284543696,3.467844510580664e-12,0.00012861213019130002
2023-08-31 14:22:18,0.0001284187581244,3.466464273018712e-12,0.00012860356310828
2023-08-31 14:22:19,0.0001284568333435,3.4672257154500087e-12,0.00012859864385926
2023-08-31 14:22:20,0.0001285004750773,3.467082932254878e-12,0.00012860086590156
2023-08-31 14:22:21,0.0001284560399946,3.466892563807881e-12,0.00012833211218188001
2023-08-31 14:22:22,0.0001284520733238,3.467249513220869e-12,0.00012845683597272
2023-08-31 14:22:23,0.0001284615935395,3.466749794332208e-12,0.00012846540305574
2023-08-31 14:22:24,0.0001304483513898,3.466797383504162e-12,0.000128863706665
2023-08-31 14:22:25,0.0001296227657774,3.4666546179480924e-12,0.00012908816480502
2023-08-31 14:22:26,0.0001278797802492,3.467130525999922e-12,0.00012897291285594
2023-08-31 14:22:27,0.0001275729216983,3.4668211783351085e-12,0.00012879708253084
2023-08-31 14:22:28,0.000128415585699,3.467201917842486e-12,0.00012878788096274
2023-08-31 14:22:29,0.0001301449743013,3.467082932254878e-12,0.00012872720554503998
2023-08-31 14:22:30,0.0001289233757354,3.4670115428623008e-12,0.00012858732753664
2023-08-31 14:22:31,0.0001273540755757,3.467201917842486e-12,0.00012848218660194
2023-08-31 14:22:32,0.000130835637618,3.4664166884194082e-12,0.00012913472978588002
2023-08-31 14:22:33,0.0001294635537619,3.467154323117437e-12,0.00012934432339846
2023-08-31 14:22:34,0.0001284496933801,3.4673685045253096e-12,0.00012900526721421998
2023-08-31 14:22:35,0.0001276115342614,3.4670353391631588e-12,0.00012874289891942
2023-08-31 14:22:36,0.0001282689466224,3.4668449733293882e-12,0.00012892587312876
2023-08-31 14:22:37,0.0001305813515526,3.4666546179480924e-12,0.00012887501591568
2023-08-31 14:22:38,0.0001285099988804,3.467154323117437e-12,0.00012868430493938
2023-08-31 14:22:39,0.0001286330781295,3.4668211783351085e-12,0.00012872098188926
2023-08-31 14:22:40,0.0001282166726763,3.4671781203982867e-12,0.00012884200957224002
2023-08-31 14:22:41,0.0001284235169096,3.466725999991212e-12,0.00012887292362968
2023-08-31 14:22:42,0.0001276170512957,3.466797383504162e-12,0.00012828006357830003
2023-08-31 14:22:43,0.0001295971506406,3.467154323117437e-12,0.00012849749393034003
2023-08-31 14:22:44,0.0001313757138256,3.4674637005090537e-12,0.00012904602106956
2023-08-31 14:22:45,0.0001278560888214,3.4671781203982867e-12,0.00012897390429857997
2023-08-31 14:22:46,0.0001296820201742,3.466892563807881e-12,0.0001292256049515
2023-08-31 14:22:47,0.0001299096805084,3.467130525999922e-12,0.00012968413079404001
2023-08-31 14:22:48,0.0001273068918786,3.467130525999922e-12,0.00012922607904164
2023-08-31 14:22:49,0.0001287682038192,3.466892563807881e-12,0.00012870457704035999
2023-08-31 14:22:50,0.0001300879186236,3.467344705937742e-12,0.0001291509430008
2023-08-31 14:22:51,0.0001289544325502,3.467154323117437e-12,0.00012900542547600002
2023-08-31 14:22:52,0.0001278521406768,3.4673685045253096e-12,0.00012859391750968
2023-08-31 14:22:53,0.0001305329721748,3.466702205813516e-12,0.00012923913356892002
2023-08-31 14:22:54,0.0001296684052815,3.467249513220869e-12,0.00012941917386138
2023-08-31 14:22:55,0.0001284861906961,3.466749794332208e-12,0.00012909882827588
2023-08-31 14:22:56,0.0001274248839127,3.4669877467247718e-12,0.00012879291854837999
2023-08-31 14:22:57,0.0001284965070344,3.467082932254878e-12,0.0001289217918199
2023-08-31 14:22:58,0.0001296595964068,3.467130525999922e-12,0.00012874711666629999
2023-08-31 14:22:59,0.0001293189126625,3.4669401549396765e-12,0.0001286772181425
2023-08-31 14:23:00,0.0001284385875592,3.466511858271225e-12,0.00012866769751512
2023-08-31 14:23:01,0.0001275169936109,3.4672257154500087e-12,0.00012868611945476
2023-08-31 14:23:02,0.0001291512995195,3.467154323117437e-12,0.00012881707795178
2023-08-31 14:23:03,0.0001303670060165,3.467320907513504e-12,0.00012895855987372
2023-08-31 14:23:04,0.0001289966499574,3.4671781203982867e-12,0.00012889410733270002
2023-08-31 14:23:05,0.0001278963668607,3.466892563807881e-12,0.000128785663193
2023-08-31 14:23:06,0.0001304709115672,3.466678411799148e-12,0.00012937644678426
2023-08-31 14:23:07,0.0001297028457164,3.467249513220869e-12,0.00012948675602364
2023-08-31 14:23:08,0.000128669627552,3.466702205813516e-12,0.00012914728033074
2023-08-31 14:23:09,0.0001269418104543,3.466440480637417e-12,0.00012873631243011998
2023-08-31 14:23:10,0.0001284139995157,3.467082932254878e-12,0.00012883983896111998
2023-08-31 14:23:11,0.0001297749599598,3.467154323117437e-12,0.00012870064863964
2023-08-31 14:23:12,0.0001296740112407,3.466702205813516e-12,0.0001286948817445
2023-08-31 14:23:13,0.0001284290690484,3.4668211783351085e-12,0.00012864677004378002
2023-08-31 14:23:14,0.0001284179650107,3.466963950750554e-12,0.00012894200095506
2023-08-31 14:23:15,0.0001280323001035,3.466702205813516e-12,0.00012886566107262002
2023-08-31 14:23:16,0.0001284274826985,3.4674161021904946e-12,0.00012859616562035998
2023-08-31 14:23:17,0.0001284401740463,3.466702205813516e-12,0.00012834939818148
2023-08-31 14:23:18,0.0001284560399946,3.4671781203982867e-12,0.00012835479237072
2023-08-31 14:23:19,0.0001296171620336,3.467249513220869e-12,0.00012859463177529999
2023-08-31 14:23:20,0.0001296427811257,3.466916359292124e-12,0.00012891672797974
2023-08-31 14:23:21,0.0001274461340897,3.4668449733293882e-12,0.00012872045825798
2023-08-31 14:23:22,0.0001291520971623,3.4666546179480924e-12,0.00012886284288118001
2023-08-31 14:23:23,0.0001302929533884,3.466678411799148e-12,0.00012923022555993998
2023-08-31 14:23:24,0.0001279437690346,3.4668449733293882e-12,0.00012889554696013999
2023-08-31 14:23:25,0.0001289273569603,3.466511858271225e-12,0.00012875246212706
2023-08-31 14:23:26,0.0001308130143746,3.466583237374773e-12,0.00012942583818403999
2023-08-31 14:23:27,0.0001276391218185,3.4671067290457265e-12,0.00012912324311528
2023-08-31 14:23:28,0.000128212713397,3.466963950750554e-12,0.00012870719511700002
2023-08-31 14:23:29,0.0001284227237665,3.466892563807881e-12,0.00012880298606338
2023-08-31 14:23:30,0.0001297004425985,3.4669401549396765e-12,0.00012895760319102002
2023-08-31 14:23:31,0.0001284893648658,3.4666070307358988e-12,0.00012849287328926
2023-08-31 14:23:32,0.0001296531903283,3.4670353391631588e-12,0.00012889568699122
2023-08-31 14:23:33,0.0001284536599774,3.466583237374773e-12,0.0001289438763073
2023-08-31 14:23:34,0.0001281454243526,3.467320907513504e-12,0.00012888841642452
2023-08-31 14:23:35,0.0001280528607183,3.466702205813516e-12,0.00012855890004848
2023-08-31 14:23:36,0.0001284330350088,3.4672257154500087e-12,0.00012854763407708
2023-08-31 14:23:37,0.0001283949668438,3.466511858271225e-12,0.00012829598938018
2023-08-31 14:23:38,0.0001283783155699,3.467249513220869e-12,0.00012828092049868
2023-08-31 14:23:39,0.0001290038203237,3.467249513220869e-12,0.0001284525996929
2023-08-31 14:23:40,0.0001296531903283,3.467154323117437e-12,0.0001287726656149
2023-08-31 14:23:41,0.0001284290690484,3.466797383504162e-12,0.00012877187242281999
2023-08-31 14:23:42,0.0001284243100576,3.467249513220869e-12,0.00012877774106558
2023-08-31 14:23:43,0.0001284092410832,3.4670115428623008e-12,0.00012878392616824
2023-08-31 14:23:44,0.0001284036898015,3.4674399012680997e-12,0.00012866390006380002
2023-08-31 14:23:45,0.0001292781866249,3.4670115428623008e-12,0.00012858889932312003
2023-08-31 14:23:46,0.0001285679505585,3.466749794332208e-12,0.00012861667562514
2023-08-31 14:23:47,0.0001293612493941,3.4668211783351085e-12,0.00012880406349243998
2023-08-31 14:23:48,0.0001298046185554,3.467130525999922e-12,0.00012908313898688
2023-08-31 14:23:49,0.0001291768265329,3.4672733111550826e-12,0.00012923776633316
2023-08-31 14:23:50,0.0001289631935172,3.467154323117437e-12,0.00012917476771162
2023-08-31 14:23:51,0.0001286680382307,3.467082932254878e-12,0.00012919478524605997
2023-08-31 14:23:52,0.0001296371765167,3.466749794332208e-12,0.00012924997067058
2023-08-31 14:23:53,0.0001284512800043,3.467082932254878e-12,0.00012897930296036
2023-08-31 14:23:54,0.0001284687341644,3.4668211783351085e-12,0.00012883768448665998
2023-08-31 14:23:55,0.0001296708078058,3.4665356511424307e-12,0.00012897920734438
2023-08-31 14:23:56,0.0001286990335363,3.4669877467247718e-12,0.00012898540640550002
2023-08-31 14:23:57,0.0001284362078654,3.467154323117437e-12,0.00012874521267523998
2023-08-31 14:23:58,0.0001284520733238,3.4671781203982867e-12,0.00012874537133914
2023-08-31 14:23:59,0.0001284425538136,3.4674161021904946e-12,0.00012874013526898
2023-08-31 14:24:00,0.0001296603971888,3.4665594441769415e-12,0.00012873805314558
2023-08-31 14:24:01,0.0001291824112396,3.466892563807881e-12,0.00012883472868624
2023-08-31 14:24:02,0.0001274272448685,3.466583237374773e-12,0.00012863293608686001
2023-08-31 14:24:03,0.0001278734621059,3.4669401549396765e-12,0.00012851721384328
2023-08-31 14:24:04,0.0001296123590175,3.467249513220869e-12,0.00012875117488405998
2023-08-31 14:24:05,0.0001312654126981,3.466963950750554e-12,0.00012907217798592002
2023-08-31 14:24:06,0.0001290293181876,3.4667735888365197e-12,0.00012904155937552
2023-08-31 14:24:07,0.0001284036898015,3.466749794332208e-12,0.00012923684836212
2023-08-31 14:24:08,0.0001277582108079,3.4674161021904946e-12,0.00012921379810251998
2023-08-31 14:24:09,0.0001292302900596,3.4668687684869736e-12,0.00012913738431093999
2023-08-31 14:24:10,0.0001304523797068,3.4671067290457265e-12,0.00012897477771268002
2023-08-31 14:24:11,0.0001293093289113,3.4668687684869736e-12,0.00012903077985742
2023-08-31 14:24:12,0.000128394173877,3.4673685045253096e-12,0.00012902887667252
2023-08-31 14:24:13,0.0001284132064313,3.4676064993851786e-12,0.0001291598757972
2023-08-31 14:24:14,0.0001283275821485,3.4671781203982867e-12,0.00012897933421498
2023-08-31 14:24:15,0.0001289894799896,3.466916359292124e-12,0.00012868675427153998
2023-08-31 14:24:16,0.0001304870283683,3.467392303276222e-12,0.00012892229416294
2023-08-31 14:24:17,0.000128419551243,3.467630299769615e-12,0.00012892736963614
2023-08-31 14:24:18,0.0001266246894491,3.4666546179480924e-12,0.0001285696662397
2023-08-31 14:24:19,0.0001284235169096,3.467059135627361e-12,0.00012858885319191998
2023-08-31 14:24:20,0.0001284433470791,3.4670115428623008e-12,0.00012847962660982
2023-08-31 14:24:21,0.0001289496540918,3.4665594441769415e-12,0.00012817215175452
2023-08-31 14:24:22,0.0001281011120454,3.4669877467247718e-12,0.00012810846391500002
2023-08-31 14:24:23,0.0001285076178634,3.4674399012680997e-12,0.00012848504959786
2023-08-31 14:24:24,0.000128479049101,3.467130525999922e-12,0.00012849615603614
2023-08-31 14:24:25,0.0001284814295886,3.4671067290457265e-12,0.00012850377253804
2023-08-31 14:24:26,0.0001287045975866,3.466797383504162e-12,0.000128454761237
2023-08-31 14:24:27,0.0001300116156428,3.4668449733293882e-12,0.00012883686195648
2023-08-31 14:24:28,0.0001269425944513,3.466250147465756e-12,0.00012852385727406
2023-08-31 14:24:29,0.0001283902091166,3.4666070307358988e-12,0.00012850608927718
2023-08-31 14:24:30,0.0001279611542333,3.467249513220869e-12,0.00012840203420612
2023-08-31 14:24:31,0.0001284631803107,3.4665594441769415e-12,0.00012835375075093998
2023-08-31 14:24:32,0.0001284338282156,3.466916359292124e-12,0.0001280381932655
2023-08-31 14:24:33,0.0001293812243611,3.4670353391631588e-12,0.00012852591924746
2023-08-31 14:24:34,0.0001309059562352,3.466440480637417e-12,0.00012902906867118
2023-08-31 14:24:35,0.0001289209870595,3.467154323117437e-12,0.00012922103523642
2023-08-31 14:24:36,0.0001265551073735,3.4672257154500087e-12,0.00012883942064898
2023-08-31 14:24:37,0.0001278766211386,3.467677901028532e-12,0.00012872797923358
2023-08-31 14:24:38,0.0001284243100576,3.4670353391631588e-12,0.00012853659637288
2023-08-31 14:24:39,0.0001296499874077,3.466797383504162e-12,0.00012828540260738
2023-08-31 14:24:40,0.0001307104509065,3.4666308242603335e-12,0.00012864329537677998
2023-08-31 14:24:41,0.0001288803863395,3.466678411799148e-12,0.00012910835116998
2023-08-31 14:24:42,0.0001284457269052,3.467392303276222e-12,0.0001292221723233
2023-08-31 14:24:43,0.0001272707295499,3.467201917842486e-12,0.00012899145622176
2023-08-31 14:24:44,0.0001283981387598,3.4668211783351085e-12,0.00012874108649218002
2023-08-31 14:24:45,0.0001282483513121,3.467201917842486e-12,0.0001282486665733
2023-08-31 14:24:46,0.0001296595964068,3.466797383504162e-12,0.00012840450858675999
2023-08-31 14:24:47,0.0001293085302975,3.467082932254878e-12,0.00012857706926522
2023-08-31 14:24:48,0.0001284425538136,3.467130525999922e-12,0.00012881143411796
2023-08-31 14:24:49,0.0001258038774831,3.466797383504162e-12,0.00012829258186262
2023-08-31 14:24:50,0.0001272793761287,3.467320907513504e-12,0.00012809878682594
2023-08-31 14:24:51,0.0001294883427686,3.4668449733293882e-12,0.0001280645360983
