 source_e (MeV)            NPS   det_pulse (MeVee)       det_cell     corr_count       time (s)            PSD  cells_history


         0.1875              9          0.00317571              1             no    2.19183e-08              0          4  1 
         0.1875             21          0.00763728              1             no    2.28818e-08              0          4  1 
         0.1875             87          0.00572796              1             no    2.17368e-08              0          4  1 
         0.1875            141          0.00633193              1             no    2.28529e-08              0          4  1 
         0.1875            339          0.00446157              1             no    2.03181e-08              0          4  1 
         0.1875            464          0.00635141              1             no    2.37111e-08              0          4  1 
         0.1875            574          0.00381864              1             no    2.28754e-08              0          4  1 
         0.1875            629          0.00379916              1             no    2.30918e-08              0          4  1 
         0.1875            793          0.00379916              1             no    2.27654e-08              0          4  1 
         0.1875           1287          0.00379916              1             no    2.99855e-08              0          4  1 
         0.1875           1394          0.00504606              1             no    2.17813e-08              0          4  1 
         0.1875           1499          0.00317571              1             no    2.19279e-08              0          4  1 
         0.1875           1570          0.00317571              1             no    2.25632e-08              0          4  1 
         0.1875           1777          0.00570848              1             no    2.27993e-08              0          4  1 
         0.1875           2581          0.00317571              1             no    2.19961e-08              0          4  1 
         0.1875           2644          0.00255225              1             no    2.49843e-08              0          4  1 
         0.1875           2690          0.00315622              1             no     2.1349e-08              0          4  1 
         0.1875           3266          0.00317571              1             no    2.10694e-08              0          4  1 
         0.1875           3622          0.00446157              1             no    2.63947e-08              0          4  1 
         0.1875           3877          0.00255225              1             no    2.62411e-08              0          4  1 
         0.1875           4194          0.00568899              1             no    2.09432e-08              0          4  1 
         0.1875           4543          0.00444209              1             no    2.88947e-08              0          4  1 
         0.1875           4650          0.00379916              1             no     3.2851e-08              0          4  1 
         0.1875           5255          0.00446157              1             no    2.43299e-08              0          4  1 
         0.1875           5285          0.00253277              1             no    2.11139e-08              0          4  1 
         0.1875           5789          0.00444209              1             no    2.22148e-08              0          4  1 
         0.1875           5832          0.00317571              1             no    2.28768e-08              0          4  1 
         0.1875           5864          0.00446157              1             no    2.46459e-08              0          4  1 
         0.1875           6078          0.00570848              1             no    2.39559e-08              0          4  1 
         0.1875           6854          0.00633193              1             no    2.26317e-08              0          4  1 
         0.1875           6879          0.00381864              1             no    2.90456e-08              0          4  1 
         0.1875           6977          0.00440313              1             no    2.40476e-08              0          4  1 
         0.1875           7165           0.0076178              1             no    2.47811e-08              0          4  1 
         0.1875           7937          0.00570848              1             no    2.92202e-08              0          4  1 
         0.1875           8140          0.00888418              1             no    2.24066e-08              0          4  1 
         0.1875           8573          0.00255225              1             no     2.2687e-08              0          4  1 
         0.1875           8813          0.00442261              1             no    2.60382e-08              0          4  1 
         0.1875           8881          0.00444209              1             no    2.26992e-08              0          4  1 
         0.1875           8891          0.00317571              1             no    2.25379e-08              0          4  1 
         0.1875           9012          0.00253277              1             no    2.48631e-08              0          4  1 
         0.1875           9161          0.00317571              1             no    2.33927e-08              0          4  1 
         0.1875           9682          0.00317571              1             no    2.20886e-08              0          4  1 
         0.1875           9806          0.00317571              1             no     2.1543e-08              0          4  1 
         0.1875          10222          0.00697486              1             no    2.57732e-08              0          4  1 
         0.1875          10270          0.00444209              1             no    2.08962e-08              0          4  1 
         0.1875          10893          0.00317571              1             no    2.38729e-08              0          4  1 
         0.1875          11558          0.00442261              1             no    2.11421e-08              0          4  1 
         0.1875          12592          0.00315622              1             no    2.38797e-08              0          4  1 
         0.1875          12689          0.00444209              1             no    2.10354e-08              0          4  1 
         0.1875          13147          0.00635141              1             no    2.33054e-08              0          4  1 
         0.1875          13600          0.00317571              1             no    2.31928e-08              0          4  1 
         0.1875          13779          0.00317571              1             no    2.21187e-08              0          4  1 
         0.1875          13802          0.00442261              1             no    2.24104e-08       0.577093          4  1 
         0.1875          14842          0.00570848              1             no    2.34599e-08              0          4  1 
         0.1875          14847          0.00444209              1             no    2.59667e-08              0          4  1 
         0.1875          15045          0.00317571              1             no    2.38811e-08              0          4  1 
         0.1875          15395          0.00255225              1             no    2.50921e-08              0          4  1 
         0.1875          15652          0.00633193              1             no    2.29124e-08              0          4  1 
         0.1875          15718          0.00510451              1             no     2.2326e-08              0          4  1 
         0.1875          15798          0.00568899              1             no    2.10227e-08              0          4  1 
         0.1875          15830          0.00570848              1             no    2.22772e-08              0          4  1 
         0.1875          17209          0.00255225              1             no    2.08731e-08              0          4  1 
         0.1875          17651          0.00255225              1             no    2.51931e-08              0          4  1 
         0.1875          18275          0.00255225              1             no    2.25631e-08              0          4  1 
         0.1875          18550          0.00317571              1             no    2.37028e-08              0          4  1 
         0.1875          18777          0.00379916              1             no    2.31794e-08              0          4  1 
         0.1875          19004          0.00317571              1             no    2.30433e-08              0          4  1 
         0.1875          19160          0.00442261              1             no     2.0831e-08              0          4  1 
         0.1875          19493          0.00253277              1             no    2.30123e-08              0          4  1 
         0.1875          19539           0.0076178              1             no    2.12584e-08              0          4  1 
         0.1875          19798          0.00446157              1             no    2.36345e-08              0          4  1 
         0.1875          19881          0.00379916              1             no    2.15316e-08              0          4  1 
         0.1875          20247          0.00317571              1             no    2.22452e-08              0          4  1 
         0.1875          21007          0.00379916              1             no    2.63205e-08              0          4  1 
         0.1875          21027          0.00253277              1             no    2.37375e-08              0          4  1 
         0.1875          21053          0.00317571              1             no    2.21354e-08              0          4  1 
         0.1875          21090          0.00381864              1             no    2.58844e-08              0          4  1 
         0.1875          21341          0.00759831              1             no    2.33754e-08              0          4  1 
         0.1875          21435          0.00381864              1             no    2.23719e-08              0          4  1 
         0.1875          21889          0.00444209              1             no    2.14766e-08              0          4  1 
         0.1875          22385          0.00574744              1             no    2.06033e-08              0          4  1 
         0.1875          22650          0.00442261              1             no    2.23707e-08              0          4  1 
         0.1875          23046          0.00317571              1             no    2.37719e-08              0          4  1 
         0.1875          23552          0.00440313              1             no    2.20284e-08              0          4  1 
         0.1875          23569          0.00317571              1             no    2.08018e-08              0          4  1 
         0.1875          23809          0.00697486              1             no    2.27887e-08              0          4  1 
         0.1875          23825          0.00379916              1             no    2.50573e-08              0          4  1 
         0.1875          23918          0.00572796              1             no     2.5144e-08              0          4  1 
         0.1875          23967          0.00379916              1             no    2.12773e-08              0          4  1 
         0.1875          24018          0.00381864              1             no    2.61604e-08              0          4  1 
         0.1875          24245          0.00504606              1             no    2.25333e-08              0          4  1 
         0.1875          24508          0.00317571              1             no    2.63276e-08              0          4  1 
         0.1875          24928          0.00570848              1             no    2.29148e-08              0          4  1 
         0.1875          25085          0.00699435              1             no     3.0736e-08              0          4  1 
         0.1875          25362          0.00444209              1             no    2.18783e-08              0          4  1 
         0.1875          25448          0.00381864              1             no    2.10625e-08              0          4  1 
         0.1875          25878          0.00508503              1             no    2.22546e-08              0          4  1 
         0.1875          25893          0.00317571              1             no    2.26661e-08              0          4  1 
         0.1875          26093          0.00446157              1             no     2.3037e-08              0          4  1 
         0.1875          26321          0.00255225              1             no    2.15597e-08              0          4  1 
         0.1875          26677          0.00255225              1             no    2.30359e-08              0          4  1 
         0.1875          26687          0.00255225              1             no    2.21449e-08              0          4  1 
         0.1875          27058          0.00255225              1             no    2.29276e-08              0          4  1 
         0.1875          27063          0.00317571              1             no    2.57482e-08              0          4  1 
         0.1875          27203          0.00255225              1             no    2.22813e-08              0          4  1 
         0.1875          28626          0.00253277              1             no    2.31149e-08              0          4  1 
         0.1875          28882          0.00381864              1             no    2.23927e-08              0          4  1 
         0.1875          28927          0.00442261              1             no    2.18658e-08              0          4  1 
         0.1875          29074          0.00506554              1             no    2.41602e-08              0          4  1 
         0.1875          29156          0.00317571              1             no    2.43514e-08              0          4  1 
         0.1875          29234          0.00379916              1             no    2.34972e-08              0          4  1 
         0.1875          29459          0.00317571              1             no    2.20965e-08              0          4  1 
         0.1875          29545          0.00317571              1             no    2.49132e-08              0          4  1 
         0.1875          29703          0.00635141              1             no    2.13463e-08              0          4  1 
         0.1875          30079          0.00317571              1             no    2.29355e-08              0          4  1 
         0.1875          30565          0.00699435              1             no    2.12259e-08              0          4  1 
         0.1875          30942          0.00381864              1             no    2.49983e-08              0          4  1 
         0.1875          32586          0.00381864              1             no    2.28677e-08              0          4  1 
         0.1875          32631          0.00255225              1             no    2.22046e-08              0          4  1 
         0.1875          33216          0.00442261              1             no    2.39789e-08              0          4  1 
         0.1875          34459          0.00504606              1             no    2.15566e-08              0          4  1 
         0.1875          34473          0.00381864              1             no    2.40824e-08              0          4  1 
         0.1875          34633          0.00444209              1             no    2.39654e-08              0          4  1 
         0.1875          34785          0.00255225              1             no    3.07258e-08              0          4  1 
         0.1875          34882          0.00508503              1             no    2.25078e-08              0          4  1 
         0.1875          35511          0.00255225              1             no     2.4294e-08              0          4  1 
         0.1875          36143          0.00381864              1             no    2.22078e-08              0          4  1 
         0.1875          36159          0.00570848              1             no    2.36881e-08       0.221843          4  1 
         0.1875          36503          0.00506554              1             no    2.31962e-08              0          4  1 
         0.1875          36718          0.00508503              1             no    2.27815e-08              0          4  1 
         0.1875          36909          0.00255225              1             no    2.27885e-08              0          4  1 
         0.1875          37141          0.00253277              1             no    2.42718e-08              0          4  1 
         0.1875          37189          0.00504606              1             no    2.32145e-08       0.123552          4  1 
         0.1875          37309          0.00255225              1             no    2.19397e-08              0          4  1 
         0.1875          37660            0.010813              1             no    2.31576e-08              0          4  1 
         0.1875          37710          0.00635141              1             no    2.18634e-08              0          4  1 
         0.1875          37798          0.00504606              1             no    2.34566e-08              0          4  1 
         0.1875          37819          0.00506554              1             no    2.17806e-08              0          4  1 
         0.1875          38144          0.00508503              1             no    2.72514e-08              0          4  1 
         0.1875          38150          0.00317571              1             no    2.27698e-08              0          4  1 
         0.1875          38790          0.00317571              1             no    2.08278e-08              0          4  1 
         0.1875          39122          0.00381864              1             no    2.79696e-08              0          4  1 
         0.1875          39810          0.00381864              1             no    2.39203e-08              0          4  1 
         0.1875          39882          0.00446157              1             no     2.2372e-08              0          4  1 
         0.1875          39922          0.00317571              1             no    3.08247e-08              0          4  1 
         0.1875          40055          0.00570848              1             no    2.22336e-08       0.447099          4  1 
         0.1875          40387           0.0076178              1             no    2.23482e-08              0          4  1 
         0.1875          41216          0.00697486              1             no    2.09289e-08              0          4  1 
         0.1875          41424          0.00506554              1             no    2.14401e-08              0          4  1 
         0.1875          41881          0.00379916              1             no    2.27653e-08              0          4  1 
         0.1875          41902          0.00508503              1             no    2.17581e-08              0          4  1 
         0.1875          42179          0.00570848              1             no    2.39586e-08              0          4  1 
         0.1875          42281          0.00253277              1             no    2.48832e-08              0          4  1 
         0.1875          42403          0.00506554              1             no    2.23073e-08              0          4  1 
         0.1875          42418          0.00572796              1             no    2.33154e-08              0          4  1 
         0.1875          42527          0.00317571              1             no    2.39238e-08              0          4  1 
         0.1875          42949          0.00255225              1             no    2.41084e-08              0          4  1 
         0.1875          43310          0.00317571              1             no    2.04428e-08              0          4  1 
         0.1875          43599          0.00315622              1             no    2.30638e-08              0          4  1 
         0.1875          44840           0.0114364              1             no    2.21063e-08              0          4  1 
         0.1875          45060          0.00317571              1             no     2.4677e-08              0          4  1 
         0.1875          45118          0.00379916              1             no    2.99039e-08              0          4  1 
         0.1875          45646          0.00506554              1             no    2.25048e-08              0          4  1 
         0.1875          45815          0.00381864              1             no     2.2516e-08              0          4  1 
         0.1875          46343          0.00317571              1             no    2.30686e-08              0          4  1 
         0.1875          46499          0.00317571              1             no    2.38742e-08              0          4  1 
         0.1875          46547          0.00444209              1             no    2.16454e-08              0          4  1 
         0.1875          46841          0.00508503              1             no    2.93871e-08              0          4  1 
         0.1875          47247          0.00379916              1             no    2.20533e-08              0          4  1 
         0.1875          47493          0.00697486              1             no    2.28897e-08              0          4  1 
         0.1875          48216          0.00317571              1             no    2.30009e-08              0          4  1 
         0.1875          49217          0.00506554              1             no    2.62147e-08              0          4  1 
         0.1875          49486          0.00637089              1             no    2.37198e-08              0          4  1 
         0.1875          49751          0.00444209              1             no    2.14484e-08              0          4  1 
         0.1875          49791          0.00566951              1             no    2.57239e-08              0          4  1 
         0.1875          50319          0.00444209              1             no    2.23758e-08              0          4  1 
         0.1875          50956          0.00255225              1             no    2.26709e-08              0          4  1 
         0.1875          51308          0.00504606              1             no    2.15605e-08              0          4  1 
         0.1875          52783          0.00508503              1             no    2.42988e-08              0          4  1 
         0.1875          52842          0.00442261              1             no    2.50614e-08              0          4  1 
         0.1875          53121          0.00317571              1             no    2.11357e-08              0          4  1 
         0.1875          53430          0.00506554              1             no    2.12018e-08              0          4  1 
         0.1875          53882          0.00566951              1             no    2.12106e-08              0          4  1 
         0.1875          54022          0.00317571              1             no    2.08864e-08              0          4  1 
         0.1875          54093          0.00444209              1             no    2.34811e-08              0          4  1 
         0.1875          54134          0.00442261              1             no    3.35431e-08              0          4  1 
         0.1875          54173          0.00381864              1             no    2.41364e-08              0          4  1 
         0.1875          54514          0.00317571              1             no    2.29249e-08              0          4  1 
         0.1875          55120          0.00508503              1             no    2.50445e-08              0          4  1 
         0.1875          55924          0.00446157              1             no    2.09313e-08              0          4  1 
         0.1875          55941          0.00506554              1             no    2.63516e-08              0          4  1 
         0.1875          56043          0.00757883              1             no    2.31313e-08              0          4  1 
         0.1875          56045          0.00253277              1             no    2.73016e-08              0          4  1 
         0.1875          56298          0.00508503              1             no    2.75604e-08              0          4  1 
         0.1875          56348          0.00381864              1             no    2.42222e-08              0          4  1 
         0.1875          56711          0.00697486              1             no    2.43571e-08              0          4  1 
         0.1875          57469          0.00381864              1             no    2.06983e-08              0          4  1 
         0.1875          57779          0.00317571              1             no    2.20492e-08              0          4  1 
         0.1875          57997          0.00255225              1             no     2.1081e-08              0          4  1 
         0.1875          58124          0.00444209              1             no    2.14728e-08              0          4  1 
         0.1875          58278          0.00381864              1             no    2.33004e-08              0          4  1 
         0.1875          58418          0.00381864              1             no    2.48391e-08              0          4  1 
         0.1875          58622          0.00317571              1             no    2.32737e-08              0          4  1 
         0.1875          58997          0.00255225              1             no    2.39274e-08              0          4  1 
         0.1875          59791          0.00506554              1             no    2.16452e-08              0          4  1 
         0.1875          60004          0.00444209              1             no    2.25982e-08              0          4  1 
         0.1875          61495          0.00695538              1             no    2.04523e-08              0          4  1 
         0.1875          61666          0.00317571              1             no    2.11005e-08              0          4  1 
         0.1875          61711          0.00635141              1             no    2.33062e-08              0          4  1 
         0.1875          62035          0.00446157              1             no    2.21256e-08              0          4  1 
         0.1875          62081          0.00255225              1             no    2.17276e-08              0          4  1 
         0.1875          62671          0.00699435              1             no    2.36662e-08              0          4  1 
         0.1875          63235          0.00444209              1             no    2.12697e-08              0          4  1 
         0.1875          63432          0.00446157              1             no    2.29099e-08              0          4  1 
         0.1875          63712          0.00508503              1             no    2.73404e-08              0          4  1 
         0.1875          64316          0.00566951              1             no    2.28392e-08              0          4  1 
         0.1875          64325          0.00317571              1             no    2.50804e-08              0          4  1 
         0.1875          64393          0.00317571              1             no    2.25974e-08              0          4  1 
         0.1875          64488          0.00381864              1             no    2.77823e-08              0          4  1 
         0.1875          64607          0.00506554              1             no    2.20277e-08              0          4  1 
         0.1875          64746          0.00506554              1             no    2.47448e-08              0          4  1 
         0.1875          64902          0.00635141              1             no    2.50423e-08              0          4  1 
         0.1875          66048          0.00695538              1             no    2.13452e-08              0          4  1 
         0.1875          66089          0.00379916              1             no    2.16766e-08              0          4  1 
         0.1875          66292          0.00568899              1             no     2.9992e-08              0          4  1 
         0.1875          66319          0.00255225              1             no    2.04206e-08              0          4  1 
         0.1875          66412          0.00508503              1             no    2.25648e-08              0          4  1 
         0.1875          67123          0.00444209              1             no    2.41215e-08              0          4  1 
         0.1875          67162          0.00699435              1             no    2.16069e-08              0          4  1 
         0.1875          67273          0.00446157              1             no    2.32272e-08              0          4  1 
         0.1875          67331          0.00442261              1             no    3.13084e-08              0          4  1 
         0.1875          68314          0.00379916              1             no    2.05622e-08              0          4  1 
         0.1875          68490          0.00765676              1             no    2.27665e-08              0          4  1 
         0.1875          69086          0.00570848              1             no    2.14823e-08              0          4  1 
         0.1875          69130          0.00317571              1             no    2.55098e-08              0          4  1 
         0.1875          69459          0.00315622              1             no    2.37231e-08              0          4  1 
         0.1875          69506          0.00444209              1             no    2.46827e-08              0          4  1 
         0.1875          69521          0.00379916              1             no    2.24779e-08              0          4  1 
         0.1875          69551          0.00444209              1             no     2.2564e-08              0          4  1 
         0.1875          69671          0.00633193              1             no    2.26412e-08              0          4  1 
         0.1875          69713          0.00377967              1             no    2.48927e-08              0          4  1 
         0.1875          70090          0.00444209              1             no    2.35898e-08              0          4  1 
         0.1875          70191          0.00442261              1             no    2.43434e-08       0.286344          4  1 
         0.1875          70312          0.00253277              1             no    2.36507e-08              0          4  1 
         0.1875          70485          0.00699435              1             no     2.0396e-08              0          4  1 
         0.1875          70744          0.00442261              1             no    2.68861e-08              0          4  1 
         0.1875          70929          0.00253277              1             no     2.3159e-08              0          4  1 
         0.1875          71277          0.00444209              1             no    2.93456e-08              0          4  1 
         0.1875          71880          0.00570848              1             no    2.08716e-08              0          4  1 
         0.1875          72000          0.00697486              1             no    2.13388e-08              0          4  1 
         0.1875          72686          0.00379916              1             no    2.14885e-08              0          4  1 
         0.1875          72784          0.00255225              1             no    2.26404e-08              0          4  1 
         0.1875          73362          0.00379916              1             no    2.30325e-08              0          4  1 
         0.1875          73882          0.00377967              1             no    2.46271e-08              0          4  1 
         0.1875          74190          0.00695538              1             no    2.40411e-08      0.0896359          4  1 
         0.1875          74272          0.00444209              1             no    2.08221e-08              0          4  1 
         0.1875          74690          0.00508503              1             no    2.23067e-08              0          4  1 
         0.1875          74712          0.00317571              1             no    2.33774e-08              0          4  1 
         0.1875          74883          0.00637089              1             no    2.36114e-08              0          4  1 
         0.1875          74997          0.00381864              1             no    2.34283e-08              0          4  1 
         0.1875          75108          0.00315622              1             no    2.29376e-08              0          4  1 
         0.1875          75579          0.00633193              1             no    2.25575e-08              0          4  1 
         0.1875          75732          0.00824125              1             no    2.25454e-08              0          4  1 
         0.1875          76493          0.00444209              1             no    2.26428e-08              0          4  1 
         0.1875          76599          0.00315622              1             no    2.34222e-08              0          4  1 
         0.1875          76916          0.00379916              1             no    2.05648e-08              0          4  1 
         0.1875          77287          0.00444209              1             no    2.17282e-08              0          4  1 
         0.1875          77419          0.00444209              1             no    2.24125e-08              0          4  1 
         0.1875          77444          0.00317571              1             no    2.09685e-08              0          4  1 
         0.1875          77807          0.00824125              1             no    2.35107e-08              0          4  1 
         0.1875          77959          0.00508503              1             no    2.06989e-08              0          4  1 
         0.1875          78536          0.00570848              1             no    2.24118e-08              0          4  1 
         0.1875          78633          0.00506554              1             no    2.50943e-08              0          4  1 
         0.1875          78895          0.00444209              1             no    2.27404e-08              0          4  1 
         0.1875          79013          0.00381864              1             no    2.52132e-08              0          4  1 
         0.1875          79087          0.00315622              1             no    2.28116e-08              0          4  1 
         0.1875          79465          0.00255225              1             no    2.21446e-08              0          4  1 
         0.1875          79559          0.00381864              1             no    2.31627e-08              0          4  1 
         0.1875          79637          0.00255225              1             no    2.15694e-08              0          4  1 
         0.1875          79878          0.00699435              1             no    2.13828e-08              0          4  1 
         0.1875          79988          0.00570848              1             no    2.34716e-08              0          4  1 
         0.1875          80186           0.0076178              1             no    2.35609e-08              0          4  1 
         0.1875          81358          0.00381864              1             no    2.36711e-08              0          4  1 
         0.1875          82006          0.00381864              1             no    2.25724e-08              0          4  1 
         0.1875          82231          0.00379916              1             no    2.44191e-08              0          4  1 
         0.1875          82250          0.00633193              1             no    2.26928e-08              0          4  1 
         0.1875          82539          0.00508503              1             no    2.95207e-08              0          4  1 
         0.1875          83145          0.00695538              1             no    2.33625e-08      0.0896359          4  1 
         0.1875          83261          0.00317571              1             no    2.52563e-08              0          4  1 
         0.1875          83848          0.00824125              1             no    2.08392e-08              0          4  1 
         0.1875          83935          0.00381864              1             no     2.1855e-08              0          4  1 
         0.1875          84233          0.00508503              1             no    2.25892e-08              0          4  1 
         0.1875          84591          0.00763728              1             no    2.22726e-08              0          4  1 
         0.1875          84793           0.0076178              1             no    2.43941e-08              0          4  1 
         0.1875          84796          0.00255225              1             no    2.07904e-08              0          4  1 
         0.1875          84809          0.00255225              1             no    2.35534e-08              0          4  1 
         0.1875          85140          0.00255225              1             no    2.18789e-08              0          4  1 
         0.1875          85159          0.00381864              1             no    2.34599e-08              0          4  1 
         0.1875          85764          0.00255225              1             no    2.35605e-08              0          4  1 
         0.1875          86227          0.00379916              1             no    2.18198e-08              0          4  1 
         0.1875          86285          0.00442261              1             no    2.29504e-08              0          4  1 
         0.1875          86475          0.00255225              1             no     2.8193e-08              0          4  1 
         0.1875          86600          0.00315622              1             no    2.28666e-08              0          4  1 
         0.1875          86722          0.00317571              1             no     2.2003e-08              0          4  1 
         0.1875          86947          0.00695538              1             no    2.42267e-08              0          4  1 
         0.1875          87320          0.00444209              1             no    2.22009e-08              0          4  1 
         0.1875          87496          0.00255225              1             no    2.15356e-08              0          4  1 
         0.1875          87828          0.00444209              1             no    2.24976e-08              0          4  1 
         0.1875          87829          0.00568899              1             no    2.31181e-08              0          4  1 
         0.1875          88054          0.00822176              1             no    2.32514e-08              0          4  1 
         0.1875          88222          0.00695538              1             no    2.27766e-08              0          4  1 
         0.1875          88254          0.00635141              1             no    2.30918e-08              0          4  1 
         0.1875          89042          0.00379916              1             no    2.33654e-08              0          4  1 
         0.1875          89597          0.00697486              1             no    2.10942e-08      0.0893855          4  1 
         0.1875          89665          0.00570848              1             no    2.40545e-08              0          4  1 
         0.1875          89708          0.00572796              1             no    2.23655e-08              0          4  1 
         0.1875          89810          0.00504606              1             no    2.07746e-08              0          4  1 
         0.1875          90531          0.00317571              1             no    2.22159e-08              0          4  1 
         0.1875          90993          0.00508503              1             no    2.18273e-08              0          4  1 
         0.1875          91455          0.00379916              1             no    2.25544e-08              0          4  1 
         0.1875          91684          0.00570848              1             no    2.12669e-08              0          4  1 
         0.1875          91887          0.00446157              1             no    2.62248e-08              0          4  1 
         0.1875          91919          0.00442261              1             no    2.41132e-08              0          4  1 
         0.1875          91995          0.00381864              1             no    2.30719e-08              0          4  1 
         0.1875          92533          0.00253277              1             no    2.36065e-08              0          4  1 
         0.1875          92805          0.00317571              1             no    2.49289e-08              0          4  1 
         0.1875          92836          0.00255225              1             no    2.18812e-08              0          4  1 
         0.1875          93028           0.0076178              1             no    2.07287e-08              0          4  1 
         0.1875          93092          0.00570848              1             no    2.17073e-08              0          4  1 
         0.1875          93104          0.00442261              1             no    2.55225e-08              0          4  1 
         0.1875          93203          0.00759831              1             no    2.46797e-08              0          4  1 
         0.1875          93254          0.00381864              1             no    2.43017e-08              0          4  1 
         0.1875          93843          0.00508503              1             no    2.67981e-08              0          4  1 
         0.1875          95185          0.00508503              1             no    2.39091e-08              0          4  1 
         0.1875          95345          0.00317571              1             no    2.57603e-08              0          4  1 
         0.1875          96160          0.00506554              1             no    2.32825e-08              0          4  1 
         0.1875          96289          0.00317571              1             no     2.1802e-08              0          4  1 
         0.1875          96298          0.00824125              1             no    2.19356e-08              0          4  1 
         0.1875          96935          0.00442261              1             no    2.78262e-08              0          4  1 
         0.1875          96942          0.00506554              1             no    2.19325e-08              0          4  1 
         0.1875          97437          0.00508503              1             no    2.39752e-08              0          4  1 
         0.1875          97531          0.00504606              1             no    2.26089e-08              0          4  1 
         0.1875          97607          0.00317571              1             no    2.21128e-08              0          4  1 
         0.1875          98450          0.00253277              1             no    2.30165e-08              0          4  1 
         0.1875          98603          0.00444209              1             no    2.05913e-08              0          4  1 
         0.1875          98925          0.00255225              1             no    2.13897e-08              0          4  1 
         0.1875          98939          0.00255225              1             no    2.17658e-08              0          4  1 
         0.1875          99204          0.00255225              1             no    2.29659e-08              0          4  1 
         0.1875          99283          0.00570848              1             no    2.52504e-08              0          4  1 
         0.1875          99336          0.00379916              1             no    2.40763e-08              0          4  1 
         0.1875         100266          0.00444209              1             no     2.2953e-08              0          4  1 
         0.1875         100764          0.00379916              1             no    2.34015e-08              0          4  1 
         0.1875         100859          0.00508503              1             no    2.32398e-08              0          4  1 
         0.1875         100946          0.00379916              1             no    2.15727e-08              0          4  1 
         0.1875         101066          0.00506554              1             no    2.72866e-08              0          4  1 
         0.1875         101255          0.00506554              1             no    2.31457e-08              0          4  1 
         0.1875         101468          0.00317571              1             no    2.25638e-08              0          4  1 
         0.1875         101616          0.00440313              1             no    2.42868e-08              0          4  1 
         0.1875         101624          0.00508503              1             no     2.1066e-08              0          4  1 
         0.1875         101809          0.00317571              1             no    2.25611e-08              0          4  1 
         0.1875         101990          0.00317571              1             no    2.47715e-08              0          4  1 
         0.1875         102131          0.00635141              1             no    2.22622e-08              0          4  1 
         0.1875         102519          0.00444209              1             no    2.41575e-08              0          4  1 
         0.1875         102522          0.00317571              1             no    2.06838e-08              0          4  1 
         0.1875         102674          0.00508503              1             no    2.81125e-08              0          4  1 
         0.1875         103029          0.00255225              1             no    2.20854e-08              0          4  1 
         0.1875         103195          0.00508503              1             no     2.1443e-08              0          4  1 
         0.1875         103265          0.00572796              1             no    2.35722e-08              0          4  1 
         0.1875         103366          0.00253277              1             no    2.27605e-08              0          4  1 
         0.1875         103526          0.00506554              1             no    2.49743e-08              0          4  1 
         0.1875         103585          0.00377967              1             no    2.28361e-08              0          4  1 
         0.1875         103615          0.00377967              1             no    2.25439e-08              0          4  1 
         0.1875         103631          0.00255225              1             no    2.05952e-08              0          4  1 
         0.1875         104137          0.00633193              1             no     2.2411e-08              0          4  1 
         0.1875         104201          0.00379916              1             no    3.02331e-08       0.164103          4  1 
         0.1875         104496          0.00570848              1             no     2.0772e-08              0          4  1 
         0.1875         105119          0.00633193              1             no    2.39733e-08              0          4  1 
         0.1875         105650          0.00635141              1             no    2.30611e-08              0          4  1 
         0.1875         105952          0.00379916              1             no    2.09273e-08              0          4  1 
         0.1875         105963          0.00508503              1             no    2.21416e-08              0          4  1 
         0.1875         106014          0.00506554              1             no    2.21916e-08              0          4  1 
         0.1875         106462          0.00444209              1             no    2.21369e-08              0          4  1 
         0.1875         107526          0.00508503              1             no    2.32339e-08              0          4  1 
         0.1875         107705          0.00379916              1             no    2.06128e-08              0          4  1 
         0.1875         107722          0.00444209              1             no     2.2437e-08              0          4  1 
         0.1875         107835          0.00508503              1             no    2.22002e-08              0          4  1 
         0.1875         107848          0.00317571              1             no    2.40077e-08              0          4  1 
         0.1875         108398          0.00255225              1             no     2.2485e-08              0          4  1 
         0.1875         108483          0.00255225              1             no    2.40802e-08              0          4  1 
         0.1875         108684          0.00255225              1             no    2.30075e-08              0          4  1 
         0.1875         109111          0.00315622              1             no    2.22629e-08              0          4  1 
         0.1875         109366          0.00572796              1             no    2.18353e-08              0          4  1 
         0.1875         109527          0.00444209              1             no    2.21102e-08              0          4  1 
         0.1875         109617          0.00379916              1             no    2.57289e-08              0          4  1 
         0.1875         109789          0.00381864              1             no    2.67097e-08              0          4  1 
         0.1875         109865          0.00253277              1             no     2.2662e-08              0          4  1 
         0.1875         110133          0.00508503              1             no    2.23424e-08              0          4  1 
         0.1875         110299          0.00255225              1             no    2.03885e-08              0          4  1 
         0.1875         110875          0.00379916              1             no    2.29695e-08              0          4  1 
         0.1875         110908          0.00444209              1             no    2.24316e-08              0          4  1 
         0.1875         111569          0.00633193              1             no    2.11848e-08              0          4  1 
         0.1875         112001          0.00444209              1             no    2.22736e-08              0          4  1 
         0.1875         112154          0.00444209              1             no    2.69846e-08              0          4  1 
         0.1875         112178          0.00253277              1             no     2.3814e-08              0          4  1 
         0.1875         113373          0.00255225              1             no     2.2024e-08              0          4  1 
         0.1875         113550          0.00697486              1             no    2.22116e-08              0          4  1 
         0.1875         113691          0.00506554              1             no    2.23235e-08              0          4  1 
         0.1875         113973          0.00315622              1             no    3.21985e-08              0          4  1 
         0.1875         114062          0.00317571              1             no     2.1703e-08              0          4  1 
         0.1875         114229          0.00255225              1             no    2.09771e-08              0          4  1 
         0.1875         114815          0.00255225              1             no    2.09429e-08              0          4  1 
         0.1875         115112          0.00317571              1             no    2.08448e-08              0          4  1 
         0.1875         115498          0.00695538              1             no    2.65379e-08              0          4  1 
         0.1875         115687          0.00446157              1             no    2.45281e-08              0          4  1 
         0.1875         116659          0.00379916              1             no    2.33654e-08              0          4  1 
         0.1875         117104          0.00381864              1             no    2.20198e-08              0          4  1 
         0.1875         117278          0.00255225              1             no     2.5746e-08              0          4  1 
         0.1875         117293          0.00317571              1             no     2.5267e-08              0          4  1 
         0.1875         117656          0.00317571              1             no     2.0712e-08              0          4  1 
         0.1875         117861          0.00504606              1             no     2.0621e-08              0          4  1 
         0.1875         118202          0.00444209              1             no    2.14598e-08              0          4  1 
         0.1875         119115          0.00255225              1             no    2.85109e-08              0          4  1 
         0.1875         119219          0.00446157              1             no    2.40636e-08              0          4  1 
         0.1875         119310          0.00317571              1             no    2.35217e-08              0          4  1 
         0.1875         119497          0.00317571              1             no    2.09489e-08              0          4  1 
         0.1875         119602          0.00888418              1             no    2.21531e-08              0          4  1 
         0.1875         120006          0.00379916              1             no    2.93054e-08              0          4  1 
         0.1875         120444          0.00381864              1             no    2.30065e-08              0          4  1 
         0.1875         120547          0.00317571              1             no    2.22521e-08              0          4  1 
         0.1875         120922          0.00440313              1             no    2.36032e-08              0          4  1 
         0.1875         121625          0.00568899              1             no    2.38204e-08              0          4  1 
         0.1875         122009          0.00381864              1             no     2.1571e-08              0          4  1 
         0.1875         122036          0.00506554              1             no    2.52921e-08              0          4  1 
         0.1875         123135          0.00381864              1             no    2.25419e-08              0          4  1 
         0.1875         123171          0.00506554              1             no     2.2881e-08              0          4  1 
         0.1875         123256          0.00317571              1             no    2.21893e-08              0          4  1 
         0.1875         123890          0.00381864              1             no    2.50619e-08       0.331633          4  1 
         0.1875         124031          0.00255225              1             no    2.28454e-08              0          4  1 
         0.1875         124598          0.00255225              1             no    2.23361e-08              0          4  1 
         0.1875         125140          0.00317571              1             no    2.58462e-08              0          4  1 
         0.1875         126345          0.00255225              1             no    2.20166e-08              0          4  1 
         0.1875         126357          0.00379916              1             no    2.08161e-08              0          4  1 
         0.1875         127138          0.00635141              1             no    2.42653e-08              0          4  1 
         0.1875         127505          0.00317571              1             no    2.21315e-08              0          4  1 
         0.1875         127580          0.00255225              1             no    2.18793e-08              0          4  1 
         0.1875         127634          0.00506554              1             no    2.12088e-08              0          4  1 
         0.1875         127799          0.00253277              1             no    2.16746e-08              0          4  1 
         0.1875         127866          0.00381864              1             no    2.27215e-08              0          4  1 
         0.1875         127982          0.00255225              1             no    2.01945e-08              0          4  1 
         0.1875         128259          0.00763728              1             no    2.17769e-08              0          4  1 
         0.1875         128471          0.00315622              1             no    2.10088e-08              0          4  1 
         0.1875         129798          0.00506554              1             no    2.35764e-08              0          4  1 
         0.1875         130156          0.00633193              1             no    2.28854e-08              0          4  1 
         0.1875         130566          0.00508503              1             no    2.20287e-08              0          4  1 
         0.1875         130821          0.00255225              1             no    2.25715e-08              0          4  1 
         0.1875         131134          0.00255225              1             no    2.13691e-08              0          4  1 
         0.1875         131237          0.00315622              1             no    2.13289e-08              0          4  1 
         0.1875         131652          0.00255225              1             no    2.19745e-08              0          4  1 
         0.1875         132086          0.00379916              1             no    2.27777e-08              0          4  1 
         0.1875         132117          0.00444209              1             no     2.3215e-08              0          4  1 
         0.1875         132307          0.00446157              1             no     2.5776e-08              0          4  1 
         0.1875         132599          0.00381864              1             no     2.3499e-08              0          4  1 
         0.1875         133235          0.00508503              1             no    2.09181e-08              0          4  1 
         0.1875         133466          0.00255225              1             no    2.74937e-08              0          4  1 
         0.1875         133767          0.00506554              1             no    2.37497e-08              0          4  1 
         0.1875         134031          0.00253277              1             no    2.21438e-08              0          4  1 
         0.1875         134080          0.00444209              1             no    2.09168e-08              0          4  1 
         0.1875         134961          0.00379916              1             no     2.1105e-08              0          4  1 
         0.1875         134997          0.00255225              1             no    2.46318e-08              0          4  1 
         0.1875         135776          0.00317571              1             no    2.22168e-08              0          4  1 
         0.1875         135808          0.00572796              1             no    2.30507e-08              0          4  1 
         0.1875         136120          0.00444209              1             no    2.21221e-08              0          4  1 
         0.1875         136176          0.00572796              1             no    2.12505e-08              0          4  1 
         0.1875         136328          0.00446157              1             no    2.19274e-08              0          4  1 
         0.1875         137167          0.00635141              1             no    2.39155e-08              0          4  1 
         0.1875         137168          0.00633193              1             no      2.092e-08              0          4  1 
         0.1875         137226          0.00317571              1             no    2.72004e-08              0          4  1 
         0.1875         137386          0.00379916              1             no    2.07063e-08              0          4  1 
         0.1875         137556          0.00253277              1             no    2.09796e-08              0          4  1 
         0.1875         138127          0.00381864              1             no    2.08951e-08              0          4  1 
         0.1875         138579          0.00379916              1             no    2.92709e-08       0.164103          4  1 
         0.1875         138746          0.00381864              1             no    2.26634e-08              0          4  1 
         0.1875         139132          0.00442261              1             no    2.26476e-08              0          4  1 
         0.1875         139137          0.00444209              1             no    2.18405e-08              0          4  1 
         0.1875         139449          0.00255225              1             no    2.29566e-08              0          4  1 
         0.1875         140560          0.00631245              1             no    2.38533e-08              0          4  1 
         0.1875         140641          0.00633193              1             no    2.19378e-08              0          4  1 
         0.1875         141647          0.00504606              1             no    2.10402e-08              0          4  1 
         0.1875         142076          0.00508503              1             no    2.20396e-08              0          4  1 
         0.1875         142096          0.00446157              1             no    2.19634e-08              0          4  1 
         0.1875         142148           0.0076178              1             no    2.48829e-08              0          4  1 
         0.1875         142309          0.00255225              1             no    2.35856e-08              0          4  1 
         0.1875         142883          0.00255225              1             no    2.19642e-08              0          4  1 
         0.1875         143132          0.00255225              1             no    2.33307e-08              0          4  1 
         0.1875         143201          0.00379916              1             no     2.2479e-08              0          4  1 
         0.1875         144119          0.00253277              1             no     2.2336e-08              0          4  1 
         0.1875         144138          0.00635141              1             no    2.29549e-08              0          4  1 
         0.1875         144278          0.00444209              1             no    2.07134e-08              0          4  1 
         0.1875         144729          0.00568899              1             no    2.16708e-08              0          4  1 
         0.1875         145359          0.00570848              1             no    2.56443e-08              0          4  1 
         0.1875         145855          0.00508503              1             no     2.2302e-08              0          4  1 
         0.1875         146070          0.00566951              1             no    2.22146e-08              0          4  1 
         0.1875         146374          0.00315622              1             no    2.31557e-08              0          4  1 
         0.1875         146716          0.00442261              1             no    2.41471e-08              0          4  1 
         0.1875         146848          0.00444209              1             no    2.47709e-08              0          4  1 
         0.1875         147191          0.00255225              1             no    2.37495e-08              0          4  1 
         0.1875         147327          0.00826073              1             no    2.21519e-08              0          4  1 
         0.1875         147488          0.00317571              1             no     2.5571e-08              0          4  1 
         0.1875         147630          0.00255225              1             no    2.10141e-08              0          4  1 
         0.1875         147986          0.00506554              1             no    2.43976e-08              0          4  1 
         0.1875         148582          0.00379916              1             no    2.02229e-08              0          4  1 
         0.1875         149117          0.00442261              1             no    2.34594e-08              0          4  1 
         0.1875         150200          0.00635141              1             no    2.23377e-08              0          4  1 
         0.1875         150783          0.00255225              1             no    2.29868e-08              0          4  1 
         0.1875         150998          0.00253277              1             no     2.4358e-08              0          4  1 
         0.1875         151563          0.00379916              1             no      2.294e-08              0          4  1 
         0.1875         151827          0.00317571              1             no     2.2878e-08              0          4  1 
         0.1875         151987          0.00315622              1             no     2.5769e-08              0          4  1 
         0.1875         152271          0.00315622              1             no    2.30867e-08              0          4  1 
         0.1875         152510          0.00444209              1             no    2.14562e-08              0          4  1 
         0.1875         152785           0.0088647              1             no    2.19561e-08              0          4  1 
         0.1875         152825          0.00255225              1             no    2.23378e-08              0          4  1 
         0.1875         152908          0.00255225              1             no    2.25371e-08              0          4  1 
         0.1875         152921          0.00315622              1             no    2.47456e-08              0          4  1 
         0.1875         153284          0.00379916              1             no    2.71936e-08              0          4  1 
         0.1875         153499          0.00253277              1             no    2.31259e-08              0          4  1 
         0.1875         153819          0.00570848              1             no    2.15213e-08              0          4  1 
         0.1875         154872          0.00697486              1             no    2.02533e-08              0          4  1 
         0.1875         154929          0.00317571              1             no    2.20864e-08              0          4  1 
         0.1875         155420          0.00506554              1             no    2.62233e-08              0          4  1 
         0.1875         156008          0.00255225              1             no    2.27725e-08              0          4  1 
         0.1875         156103          0.00444209              1             no    2.15253e-08              0          4  1 
         0.1875         156575          0.00317571              1             no     2.2352e-08              0          4  1 
         0.1875         156707          0.00317571              1             no     2.3925e-08              0          4  1 
         0.1875         156881          0.00572796              1             no    2.18927e-08              0          4  1 
         0.1875         157057          0.00506554              1             no    2.87769e-08              0          4  1 
         0.1875         157259          0.00635141              1             no      2.213e-08              0          4  1 
         0.1875         157368          0.00570848              1             no    2.32419e-08              0          4  1 
         0.1875         157875          0.00506554              1             no    2.41004e-08              0          4  1 
         0.1875         158046          0.00570848              1             no    2.48317e-08       0.334471          4  1 
         0.1875         158374          0.00633193              1             no    2.48952e-08              0          4  1 
         0.1875         158729          0.00697486              1             no    2.41912e-08              0          4  1 
         0.1875         158826          0.00570848              1             no    2.35901e-08              0          4  1 
         0.1875         158840          0.00379916              1             no    2.18392e-08              0          4  1 
         0.1875         159474          0.00255225              1             no    2.79409e-08              0          4  1 
         0.1875         159494          0.00379916              1             no    2.32674e-08              0          4  1 
         0.1875         162029          0.00442261              1             no    2.37954e-08              0          4  1 
         0.1875         162151          0.00377967              1             no    2.10559e-08              0          4  1 
         0.1875         162552          0.00635141              1             no    2.22333e-08              0          4  1 
         0.1875         163094          0.00255225              1             no    2.74328e-08              0          4  1 
         0.1875         163635           0.0076178              1             no    2.17966e-08              0          4  1 
         0.1875         163915          0.00379916              1             no    2.21543e-08              0          4  1 
         0.1875         164042          0.00255225              1             no    2.08496e-08              0          4  1 
         0.1875         164263          0.00317571              1             no     3.9026e-08              0          4  1 
         0.1875         164567          0.00506554              1             no    2.24012e-08              0          4  1 
         0.1875         164897          0.00379916              1             no    2.11778e-08              0          4  1 
         0.1875         165289          0.00379916              1             no    2.24751e-08              0          4  1 
         0.1875         165310          0.00255225              1             no    2.53393e-08              0          4  1 
         0.1875         165342          0.00444209              1             no    2.07974e-08              0          4  1 
         0.1875         165527          0.00444209              1             no    2.47112e-08              0          4  1 
         0.1875         166216          0.00633193              1             no    2.78469e-08              0          4  1 
         0.1875         166560          0.00699435              1             no    2.36494e-08              0          4  1 
         0.1875         166579          0.00317571              1             no    2.29742e-08              0          4  1 
         0.1875         166755          0.00377967              1             no    2.47379e-08              0          4  1 
         0.1875         167085          0.00317571              1             no    2.17156e-08              0          4  1 
         0.1875         167199          0.00506554              1             no    2.32884e-08              0          4  1 
         0.1875         167258          0.00255225              1             no    2.39952e-08              0          4  1 
         0.1875         167273          0.00255225              1             no    2.68323e-08              0          4  1 
         0.1875         167319          0.00695538              1             no    2.53283e-08              0          4  1 
         0.1875         167456          0.00508503              1             no    2.41337e-08              0          4  1 
         0.1875         167595          0.00317571              1             no    2.21821e-08              0          4  1 
         0.1875         167835          0.00317571              1             no    2.12166e-08              0          4  1 
         0.1875         168040          0.00381864              1             no    2.20844e-08              0          4  1 
         0.1875         168164          0.00633193              1             no    2.05891e-08            0.2          4  1 
         0.1875         169455          0.00315622              1             no    2.53267e-08              0          4  1 
         0.1875         169498          0.00317571              1             no    2.72608e-08              0          4  1 
         0.1875         169627          0.00379916              1             no    2.22437e-08              0          4  1 
         0.1875         169675          0.00381864              1             no    2.08678e-08              0          4  1 
         0.1875         169743          0.00444209              1             no    2.05689e-08              0          4  1 
         0.1875         170092          0.00315622              1             no    2.27081e-08              0          4  1 
         0.1875         170667          0.00379916              1             no    2.24807e-08              0          4  1 
         0.1875         170720          0.00442261              1             no    2.10124e-08              0          4  1 
         0.1875         170775          0.00572796              1             no    2.22856e-08              0          4  1 
         0.1875         171103          0.00381864              1             no    2.12493e-08              0          4  1 
         0.1875         171402          0.00255225              1             no    2.30674e-08              0          4  1 
         0.1875         171703          0.00506554              1             no    2.36006e-08              0          4  1 
         0.1875         172128          0.00255225              1             no    2.38422e-08              0          4  1 
         0.1875         172588          0.00697486              1             no    2.25318e-08              0          4  1 
         0.1875         173008          0.00381864              1             no    2.33826e-08              0          4  1 
         0.1875         173188          0.00508503              1             no    2.29593e-08              0          4  1 
         0.1875         173352          0.00317571              1             no    2.44206e-08              0          4  1 
         0.1875         174348          0.00442261              1             no    3.19167e-08              0          4  1 
         0.1875         174415          0.00379916              1             no    2.37248e-08              0          4  1 
         0.1875         174893          0.00697486              1             no    2.23871e-08              0          4  1 
         0.1875         175223          0.00381864              1             no    2.22528e-08              0          4  1 
         0.1875         175579          0.00506554              1             no    2.43124e-08              0          4  1 
         0.1875         176124          0.00444209              1             no     2.4974e-08              0          4  1 
         0.1875         176265          0.00635141              1             no     2.4623e-08              0          4  1 
         0.1875         176316           0.0088647              1             no     2.5997e-08              0          4  1 
         0.1875         176343          0.00381864              1             no    2.66073e-08              0          4  1 
         0.1875         176410          0.00440313              1             no    2.60142e-08              0          4  1 
         0.1875         176768          0.00381864              1             no    2.31078e-08              0          4  1 
         0.1875         176896          0.00504606              1             no    2.20154e-08              0          4  1 
         0.1875         177338          0.00315622              1             no    2.18986e-08              0          4  1 
         0.1875         177483          0.00444209              1             no    2.35739e-08              0          4  1 
         0.1875         177588          0.00442261              1             no    2.52848e-08              0          4  1 
         0.1875         177600          0.00379916              1             no    2.32583e-08              0          4  1 
         0.1875         178363          0.00570848              1             no    2.24469e-08              0          4  1 
         0.1875         178957          0.00568899              1             no    2.25245e-08              0          4  1 
         0.1875         179247          0.00759831              1             no    2.45522e-08              0          4  1 
         0.1875         179353           0.0069359              1             no    2.24781e-08              0          4  1 
         0.1875         179760          0.00444209              1             no    2.45993e-08              0          4  1 
         0.1875         180899          0.00824125              1             no    2.84288e-08              0          4  1 
         0.1875         181198          0.00697486              1             no     2.2962e-08              0          4  1 
         0.1875         181504          0.00255225              1             no    2.34594e-08              0          4  1 
         0.1875         181751          0.00444209              1             no     2.5741e-08              0          4  1 
         0.1875         181973          0.00824125              1             no    2.03446e-08              0          4  1 
         0.1875         182124          0.00381864              1             no    2.14729e-08              0          4  1 
         0.1875         182191          0.00697486              1             no    2.85308e-08              0          4  1 
         0.1875         182302          0.00317571              1             no    2.36971e-08              0          4  1 
         0.1875         182347          0.00572796              1             no     2.0995e-08              0          4  1 
         0.1875         183267          0.00315622              1             no    2.40075e-08              0          4  1 
         0.1875         183335          0.00253277              1             no    2.64314e-08              0          4  1 
         0.1875         183399          0.00379916              1             no    2.60755e-08              0          4  1 
         0.1875         183536          0.00317571              1             no    2.79699e-08              0          4  1 
         0.1875         183754          0.00570848              1             no    2.23412e-08              0          4  1 
         0.1875         184094          0.00508503              1             no    2.36002e-08              0          4  1 
         0.1875         184346          0.00568899              1             no    2.08438e-08              0          4  1 
         0.1875         184608          0.00381864              1             no    2.23411e-08              0          4  1 
         0.1875         184966          0.00379916              1             no    2.36733e-08              0          4  1 
         0.1875         185044          0.00888418              1             no    2.11741e-08              0          4  1 
         0.1875         185047          0.00568899              1             no    2.09575e-08              0          4  1 
         0.1875         185077           0.0088647              1             no    2.69093e-08              0          4  1 
         0.1875         185165           0.0076178              1             no    2.18886e-08              0          4  1 
         0.1875         185493          0.00379916              1             no    2.08529e-08              0          4  1 
         0.1875         185904          0.00442261              1             no    2.25973e-08              0          4  1 
         0.1875         186033          0.00317571              1             no    2.43764e-08              0          4  1 
         0.1875         186244          0.00633193              1             no     2.3729e-08              0          4  1 
         0.1875         186267          0.00444209              1             no     2.1688e-08              0          4  1 
         0.1875         186347          0.00317571              1             no    2.43139e-08              0          4  1 
         0.1875         187385          0.00379916              1             no    2.17398e-08              0          4  1 
         0.1875         187819          0.00635141              1             no    2.20068e-08              0          4  1 
         0.1875         188306          0.00446157              1             no     2.6809e-08              0          4  1 
         0.1875         188538          0.00888418              1             no    2.25008e-08              0          4  1 
         0.1875         189116          0.00317571              1             no    2.17314e-08              0          4  1 
         0.1875         189550          0.00379916              1             no    2.20951e-08              0          4  1 
         0.1875         189694          0.00379916              1             no    2.31491e-08              0          4  1 
         0.1875         189845          0.00442261              1             no     2.1532e-08              0          4  1 
         0.1875         190287          0.00379916              1             no    2.44112e-08              0          4  1 
         0.1875         190571          0.00377967              1             no     2.1844e-08              0          4  1 
         0.1875         190769          0.00570848              1             no    2.15612e-08              0          4  1 
         0.1875         191168          0.00635141              1             no     2.1568e-08              0          4  1 
         0.1875         191541          0.00444209              1             no    2.36776e-08              0          4  1 
         0.1875         191762          0.00570848              1             no    2.38868e-08              0          4  1 
         0.1875         191801          0.00253277              1             no    2.92281e-08              0          4  1 
         0.1875         191925          0.00255225              1             no    2.31638e-08              0          4  1 
         0.1875         192197          0.00510451              1             no    2.74515e-08              0          4  1 
         0.1875         192205          0.00444209              1             no    2.23171e-08              0          4  1 
         0.1875         192333          0.00444209              1             no    2.31628e-08              0          4  1 
         0.1875         192395          0.00444209              1             no    2.20025e-08              0          4  1 
         0.1875         192443          0.00444209              1             no    2.25386e-08              0          4  1 
         0.1875         192877          0.00381864              1             no    2.27228e-08              0          4  1 
         0.1875         193011          0.00444209              1             no    2.11672e-08              0          4  1 
         0.1875         193355          0.00506554              1             no    2.12491e-08              0          4  1 
         0.1875         193789          0.00381864              1             no    2.61274e-08              0          4  1 
         0.1875         194409          0.00635141              1             no    3.09222e-08              0          4  1 
         0.1875         195630          0.00253277              1             no     2.8269e-08              0          4  1 
         0.1875         196295          0.00633193              1             no    2.20569e-08              0          4  1 
         0.1875         196636          0.00635141              1             no    2.19251e-08              0          4  1 
         0.1875         196682          0.00379916              1             no    2.71568e-08              0          4  1 
         0.1875         196980          0.00255225              1             no    2.34138e-08              0          4  1 
         0.1875         197092          0.00506554              1             no    2.70431e-08              0          4  1 
         0.1875         197292          0.00444209              1             no    2.13394e-08              0          4  1 
         0.1875         198035          0.00317571              1             no     2.2302e-08              0          4  1 
         0.1875         198593          0.00570848              1             no    2.25297e-08              0          4  1 
         0.1875         198832          0.00255225              1             no    2.45308e-08              0          4  1 
         0.1875         199064          0.00506554              1             no    2.58622e-08              0          4  1 
         0.1875         199922          0.00442261              1             no    2.30061e-08              0          4  1 
         0.1875         200008           0.0082997              1             no    2.15039e-08              0          4  1 
         0.1875         200235          0.00381864              1             no    2.17066e-08              0          4  1 
         0.1875         200266          0.00568899              1             no    2.29633e-08              0          4  1 
         0.1875         200470          0.00317571              1             no    3.50276e-08              0          4  1 
         0.1875         201097          0.00570848              1             no    2.41274e-08              0          4  1 
         0.1875         201239          0.00697486              1             no    2.71583e-08              0          4  1 
         0.1875         202119          0.00315622              1             no     2.1585e-08              0          4  1 
         0.1875         202429          0.00444209              1             no    2.59116e-08              0          4  1 
         0.1875         204029          0.00506554              1             no    2.09034e-08              0          4  1 
         0.1875         204268          0.00253277              1             no    2.28956e-08              0          4  1 
         0.1875         204312          0.00631245              1             no    2.09755e-08              0          4  1 
         0.1875         205348          0.00255225              1             no     2.3009e-08              0          4  1 
         0.1875         205603          0.00379916              1             no    2.33587e-08              0          4  1 
         0.1875         205769          0.00379916              1             no    2.19703e-08              0          4  1 
         0.1875         205967          0.00317571              1             no    2.10726e-08              0          4  1 
         0.1875         206750          0.00255225              1             no    2.62603e-08              0          4  1 
         0.1875         206875          0.00379916              1             no    2.39009e-08              0          4  1 
         0.1875         207181          0.00255225              1             no    2.53812e-08              0          4  1 
         0.1875         207210          0.00253277              1             no    2.45455e-08              0          4  1 
         0.1875         207741          0.00570848              1             no    2.24545e-08              0          4  1 
         0.1875         208338          0.00255225              1             no    2.31306e-08              0          4  1 
         0.1875         208537          0.00697486              1             no     2.2503e-08              0          4  1 
         0.1875         209144          0.00317571              1             no    2.68267e-08              0          4  1 
         0.1875         209237          0.00255225              1             no    2.72291e-08              0          4  1 
         0.1875         209728          0.00379916              1             no    2.24009e-08              0          4  1 
         0.1875         210000          0.00442261              1             no    2.20181e-08              0          4  1 
         0.1875         210299          0.00379916              1             no     2.3678e-08              0          4  1 
         0.1875         211044          0.00317571              1             no    2.40126e-08              0          4  1 
         0.1875         211082          0.00255225              1             no    2.51413e-08              0          4  1 
         0.1875         211923          0.00570848              1             no     2.4143e-08              0          4  1 
         0.1875         212425          0.00255225              1             no    2.29878e-08              0          4  1 
         0.1875         212582          0.00444209              1             no    2.27378e-08              0          4  1 
         0.1875         212886          0.00506554              1             no    2.24525e-08              0          4  1 
         0.1875         213576          0.00444209              1             no    2.38535e-08              0          4  1 
         0.1875         214293          0.00379916              1             no    2.19091e-08              0          4  1 
         0.1875         215702          0.00442261              1             no      2.123e-08              0          4  1 
         0.1875         215723          0.00255225              1             no    2.15422e-08              0          4  1 
         0.1875         215815          0.00446157              1             no    2.32166e-08              0          4  1 
         0.1875         216944          0.00504606              1             no    2.76204e-08       0.123552          4  1 
         0.1875         217360          0.00446157              1             no    2.86667e-08              0          4  1 
         0.1875         217940          0.00446157              1             no    2.45204e-08              0          4  1 
         0.1875         218303          0.00379916              1             no    2.25261e-08              0          4  1 
         0.1875         218609          0.00570848              1             no    2.46127e-08       0.447099          4  1 
         0.1875         219005          0.00317571              1             no    2.28724e-08              0          4  1 
         0.1875         219527          0.00570848              1             no    2.58916e-08              0          4  1 
         0.1875         219833          0.00637089              1             no    2.37899e-08              0          4  1 
         0.1875         219845          0.00381864              1             no    2.30183e-08              0          4  1 
         0.1875         219990          0.00572796              1             no    2.37461e-08              0          4  1 
         0.1875         220380          0.00506554              1             no    2.82049e-08              0          4  1 
         0.1875         220641          0.00826073              1             no    2.37823e-08              0          4  1 
         0.1875         220819          0.00255225              1             no    2.22779e-08              0          4  1 
         0.1875         221194          0.00820228              1             no    2.39409e-08              0          4  1 
         0.1875         221389          0.00379916              1             no    2.83859e-08              0          4  1 
         0.1875         221595          0.00506554              1             no    2.19705e-08              0          4  1 
         0.1875         222025          0.00253277              1             no     2.1794e-08              0          4  1 
         0.1875         222042          0.00506554              1             no    2.10947e-08              0          4  1 
         0.1875         222372          0.00446157              1             no    2.19092e-08              0          4  1 
         0.1875         223342          0.00822176              1             no    2.37717e-08       0.232227          4  1 
         0.1875         223559          0.00317571              1             no    2.79469e-08              0          4  1 
         0.1875         223893          0.00570848              1             no    2.28946e-08              0          4  1 
         0.1875         224097          0.00255225              1             no    2.24173e-08              0          4  1 
         0.1875         224100          0.00442261              1             no    2.35117e-08              0          4  1 
         0.1875         224302          0.00379916              1             no    2.18859e-08              0          4  1 
         0.1875         224680          0.00255225              1             no    2.08383e-08              0          4  1 
         0.1875         224752          0.00379916              1             no    2.09157e-08              0          4  1 
         0.1875         224781          0.00317571              1             no    2.26225e-08              0          4  1 
         0.1875         225086          0.00570848              1             no     2.0876e-08              0          4  1 
         0.1875         225246          0.00442261              1             no    2.16146e-08              0          4  1 
         0.1875         225353          0.00444209              1             no     2.7657e-08              0          4  1 
         0.1875         225456          0.00568899              1             no    2.09062e-08              0          4  1 
         0.1875         225932          0.00888418              1             no    2.22418e-08              0          4  1 
         0.1875         225958          0.00635141              1             no    2.16229e-08              0          4  1 
         0.1875         226179          0.00508503              1             no    2.41978e-08              0          4  1 
         0.1875         226737          0.00317571              1             no    2.25794e-08              0          4  1 
         0.1875         227010          0.00568899              1             no     2.7675e-08              0          4  1 
         0.1875         227050          0.00317571              1             no    2.16001e-08              0          4  1 
         0.1875         227696          0.00699435              1             no    2.58838e-08              0          4  1 
         0.1875         228036           0.0076178              1             no    2.29377e-08              0          4  1 
         0.1875         228214          0.00379916              1             no    2.10838e-08              0          4  1 
         0.1875         228323          0.00317571              1             no    2.07802e-08              0          4  1 
         0.1875         228912          0.00377967              1             no    2.42169e-08              0          4  1 
         0.1875         229083          0.00379916              1             no    2.42833e-08              0          4  1 
         0.1875         229368          0.00572796              1             no    2.44055e-08              0          4  1 
         0.1875         229600          0.00508503              1             no    2.53767e-08              0          4  1 
         0.1875         229654          0.00444209              1             no    2.13558e-08              0          4  1 
         0.1875         229836          0.00697486              1             no    2.34713e-08              0          4  1 
         0.1875         229894          0.00444209              1             no     2.6992e-08              0          4  1 
         0.1875         229901          0.00568899              1             no    2.25193e-08              0          4  1 
         0.1875         230776          0.00508503              1             no    2.20922e-08              0          4  1 
         0.1875         230885          0.00442261              1             no    2.27071e-08              0          4  1 
         0.1875         231253          0.00255225              1             no    2.57717e-08              0          4  1 
         0.1875         231309          0.00379916              1             no     2.1835e-08              0          4  1 
         0.1875         231317          0.00379916              1             no      2.129e-08              0          4  1 
         0.1875         231362          0.00444209              1             no    2.11683e-08              0          4  1 
         0.1875         231386          0.00377967              1             no    2.42503e-08              0          4  1 
         0.1875         232001          0.00506554              1             no    2.14183e-08              0          4  1 
         0.1875         232031          0.00255225              1             no      2.229e-08              0          4  1 
         0.1875         232826          0.00631245              1             no    2.24626e-08              0          4  1 
         0.1875         232998          0.00570848              1             no    2.46766e-08              0          4  1 
         0.1875         233251          0.00888418              1             no    2.50307e-08              0          4  1 
         0.1875         233363          0.00446157              1             no    2.26332e-08              0          4  1 
         0.1875         233557          0.00317571              1             no    2.59655e-08              0          4  1 
         0.1875         233860          0.00317571              1             no    2.59178e-08              0          4  1 
         0.1875         234157          0.00317571              1             no    2.26663e-08              0          4  1 
         0.1875         234369          0.00631245              1             no    2.34309e-08              0          4  1 
         0.1875         234528          0.00633193              1             no    2.37947e-08              0          4  1 
         0.1875         234925           0.0101701              1             no    2.43856e-08              0          4  1 
         0.1875         235171          0.00317571              1             no    2.94012e-08              0          4  1 
         0.1875         235176          0.00508503              1             no    2.47503e-08              0          4  1 
         0.1875         235280          0.00444209              1             no    2.26926e-08              0          4  1 
         0.1875         236054          0.00315622              1             no    2.39847e-08              0          4  1 
         0.1875         236314          0.00506554              1             no    2.08324e-08              0          4  1 
         0.1875         236633          0.00444209              1             no    2.27349e-08              0          4  1 
         0.1875         236867          0.00446157              1             no    2.17163e-08              0          4  1 
         0.1875         237159          0.00697486              1             no     2.2305e-08              0          4  1 
         0.1875         237256          0.00255225              1             no    2.11194e-08              0          4  1 
         0.1875         237467           0.0076178              1             no    2.28741e-08              0          4  1 
         0.1875         237836          0.00379916              1             no    2.70624e-08              0          4  1 
         0.1875         238005          0.00508503              1             no    2.29683e-08              0          4  1 
         0.1875         238006          0.00317571              1             no    2.38677e-08              0          4  1 
         0.1875         238118          0.00317571              1             no    2.25771e-08              0          4  1 
         0.1875         238680          0.00508503              1             no    2.31048e-08              0          4  1 
         0.1875         238786          0.00572796              1             no    2.20393e-08              0          4  1 
         0.1875         239336          0.00442261              1             no    2.04266e-08              0          4  1 
         0.1875         239760          0.00444209              1             no    2.42249e-08              0          4  1 
         0.1875         239903          0.00635141              1             no    2.34277e-08              0          4  1 
         0.1875         240138          0.00379916              1             no     2.1713e-08              0          4  1 
         0.1875         240508          0.00317571              1             no    2.30377e-08              0          4  1 
         0.1875         240541          0.00506554              1             no    2.27185e-08              0          4  1 
         0.1875         240749          0.00570848              1             no    2.32726e-08              0          4  1 
         0.1875         240752          0.00377967              1             no     2.3463e-08              0          4  1 
         0.1875         241185          0.00381864              1             no    2.22119e-08              0          4  1 
         0.1875         241454          0.00568899              1             no     2.0583e-08              0          4  1 
         0.1875         241549          0.00255225              1             no    2.09057e-08              0          4  1 
         0.1875         241572          0.00253277              1             no    2.22061e-08              0          4  1 
         0.1875         241846          0.00508503              1             no    2.56672e-08              0          4  1 
         0.1875         243173          0.00381864              1             no    2.18142e-08              0          4  1 
         0.1875         243725          0.00379916              1             no    2.08819e-08              0          4  1 
         0.1875         243842          0.00446157              1             no    2.19081e-08              0          4  1 
         0.1875         243860          0.00255225              1             no    2.33288e-08              0          4  1 
         0.1875         244907          0.00446157              1             no    2.30418e-08              0          4  1 
         0.1875         245415          0.00442261              1             no    2.20423e-08              0          4  1 
         0.1875         245483          0.00381864              1             no    2.49492e-08              0          4  1 
         0.1875         245541           0.0076178              1             no    2.26483e-08              0          4  1 
         0.1875         245612          0.00317571              1             no     2.4258e-08              0          4  1 
         0.1875         245892          0.00255225              1             no    2.24195e-08              0          4  1 
         0.1875         246363          0.00315622              1             no    2.37566e-08              0          4  1 
         0.1875         247409           0.0076178              1             no    2.23346e-08              0          4  1 
         0.1875         248036          0.00379916              1             no    2.52026e-08              0          4  1 
         0.1875         248927          0.00442261              1             no    2.27197e-08              0          4  1 
         0.1875         249047          0.00508503              1             no    2.25179e-08              0          4  1 
         0.1875         249299          0.00570848              1             no    2.61922e-08              0          4  1 
         0.1875         249626          0.00253277              1             no    2.39243e-08              0          4  1 
         0.1875         249755          0.00568899              1             no    2.37501e-08              0          4  1 
         0.1875         250426          0.00508503              1             no     2.2599e-08              0          4  1 
         0.1875         251127          0.00255225              1             no    2.05904e-08              0          4  1 
         0.1875         251974          0.00508503              1             no    2.32909e-08              0          4  1 
         0.1875         252152          0.00255225              1             no    2.71768e-08              0          4  1 
         0.1875         252302          0.00568899              1             no    2.25417e-08              0          4  1 
         0.1875         253599          0.00510451              1             no    2.27085e-08              0          4  1 
         0.1875         254101          0.00379916              1             no    2.37216e-08              0          4  1 
         0.1875         254370           0.0095466              1             no    2.13597e-08              0          4  1 
         0.1875         255135          0.00377967              1             no    2.15738e-08              0          4  1 
         0.1875         255344          0.00442261              1             no    2.23976e-08              0          4  1 
         0.1875         255567          0.00379916              1             no    2.39326e-08              0          4  1 
         0.1875         256551          0.00379916              1             no    2.34334e-08              0          4  1 
         0.1875         256899          0.00253277              1             no    2.35157e-08              0          4  1 
         0.1875         256953          0.00317571              1             no    2.25087e-08              0          4  1 
         0.1875         256978          0.00444209              1             no    2.27663e-08              0          4  1 
         0.1875         257106          0.00631245              1             no    2.38245e-08              0          4  1 
         0.1875         257124          0.00637089              1             no     2.9545e-08              0          4  1 
         0.1875         257357          0.00317571              1             no    2.92321e-08              0          4  1 
         0.1875         257726          0.00506554              1             no    2.84426e-08              0          4  1 
         0.1875         257899          0.00377967              1             no    2.63079e-08              0          4  1 
         0.1875         258592          0.00255225              1             no     2.3313e-08              0          4  1 
         0.1875         259154          0.00255225              1             no     2.2201e-08              0          4  1 
         0.1875         259471          0.00379916              1             no    2.18089e-08              0          4  1 
         0.1875         259878          0.00446157              1             no    2.27938e-08              0          4  1 
         0.1875         260620          0.00444209              1             no    2.51907e-08              0          4  1 
         0.1875         260645          0.00444209              1             no    2.09265e-08              0          4  1 
         0.1875         260734           0.0076178              1             no    2.21244e-08              0          4  1 
         0.1875         261136          0.00508503              1             no    2.24823e-08              0          4  1 
         0.1875         261855          0.00508503              1             no    2.45187e-08              0          4  1 
         0.1875         262062          0.00442261              1             no    2.32027e-08              0          4  1 
         0.1875         262472          0.00568899              1             no    2.30997e-08              0          4  1 
         0.1875         262682          0.00699435              1             no    2.27352e-08              0          4  1 
         0.1875         262823          0.00317571              1             no     2.2346e-08              0          4  1 
         0.1875         263376          0.00255225              1             no    2.45313e-08              0          4  1 
         0.1875         263491          0.00506554              1             no    2.51088e-08              0          4  1 
         0.1875         263502          0.00381864              1             no    2.18332e-08              0          4  1 
         0.1875         263562          0.00317571              1             no     2.4871e-08              0          4  1 
         0.1875         263817          0.00444209              1             no    2.33278e-08              0          4  1 
         0.1875         264537          0.00381864              1             no     2.2294e-08              0          4  1 
         0.1875         264595          0.00637089              1             no    2.73235e-08              0          4  1 
         0.1875         264669          0.00379916              1             no    2.10964e-08              0          4  1 
         0.1875         264806          0.00381864              1             no    2.53455e-08              0          4  1 
         0.1875         266083          0.00255225              1             no    2.27887e-08              0          4  1 
         0.1875         266088          0.00255225              1             no    2.05865e-08              0          4  1 
         0.1875         266521          0.00572796              1             no    2.24957e-08              0          4  1 
         0.1875         266629          0.00253277              1             no    2.57744e-08              0          4  1 
         0.1875         266855          0.00317571              1             no    2.25113e-08              0          4  1 
         0.1875         267455          0.00319519              1             no    2.18007e-08              0          4  1 
         0.1875         267579          0.00506554              1             no    2.80899e-08              0          4  1 
         0.1875         268459          0.00255225              1             no     2.2931e-08              0          4  1 
         0.1875         271127          0.00255225              1             no    2.51959e-08              0          4  1 
         0.1875         271365          0.00635141              1             no    2.54919e-08      0.0981595          4  1 
         0.1875         271726          0.00317571              1             no    3.06423e-08              0          4  1 
         0.1875         272310          0.00444209              1             no    2.17826e-08              0          4  1 
         0.1875         273187          0.00255225              1             no    2.23788e-08              0          4  1 
         0.1875         273600          0.00317571              1             no    2.47329e-08              0          4  1 
         0.1875         273916          0.00317571              1             no    2.09486e-08              0          4  1 
         0.1875         273966          0.00506554              1             no    2.64489e-08              0          4  1 
         0.1875         274326          0.00317571              1             no    2.07019e-08              0          4  1 
         0.1875         274733          0.00444209              1             no    2.62954e-08              0          4  1 
         0.1875         275980          0.00315622              1             no    2.26664e-08              0          4  1 
         0.1875         276219          0.00317571              1             no    2.37235e-08              0          4  1 
         0.1875         276272          0.00446157              1             no    2.47412e-08              0          4  1 
         0.1875         277034          0.00508503              1             no    2.60872e-08              0          4  1 
         0.1875         277271          0.00379916              1             no    2.37215e-08              0          4  1 
         0.1875         277505          0.00317571              1             no    2.21222e-08              0          4  1 
         0.1875         277703          0.00317571              1             no      2.319e-08              0          4  1 
         0.1875         277836          0.00568899              1             no    2.22402e-08              0          4  1 
         0.1875         277895          0.00315622              1             no     2.2246e-08              0          4  1 
         0.1875         278168          0.00255225              1             no    2.23341e-08              0          4  1 
         0.1875         278639          0.00697486              1             no    2.25299e-08              0          4  1 
         0.1875         278815          0.00381864              1             no    2.60632e-08              0          4  1 
         0.1875         278969          0.00319519              1             no    2.48266e-08              0          4  1 
         0.1875         279355          0.00506554              1             no    2.26365e-08              0          4  1 
         0.1875         279453          0.00446157              1             no    2.12719e-08              0          4  1 
         0.1875         281032          0.00377967              1             no    2.77001e-08              0          4  1 
         0.1875         281338          0.00635141              1             no    2.29073e-08              0          4  1 
         0.1875         281882          0.00255225              1             no    2.42177e-08              0          4  1 
         0.1875         282548          0.00506554              1             no    2.49163e-08              0          4  1 
         0.1875         282553          0.00255225              1             no    2.63785e-08              0          4  1 
         0.1875         282578          0.00570848              1             no     2.1855e-08              0          4  1 
         0.1875         282945          0.00446157              1             no    2.07288e-08              0          4  1 
         0.1875         283267          0.00506554              1             no    2.12293e-08              0          4  1 
         0.1875         283339          0.00446157              1             no     2.1599e-08              0          4  1 
         0.1875         283603          0.00381864              1             no    2.38108e-08              0          4  1 
         0.1875         283744          0.00317571              1             no    2.53799e-08              0          4  1 
         0.1875         283980          0.00317571              1             no     2.2054e-08              0          4  1 
         0.1875         284128          0.00572796              1             no    2.30714e-08              0          4  1 
         0.1875         284333          0.00253277              1             no     2.1885e-08              0          4  1 
         0.1875         284358          0.00317571              1             no    2.43141e-08              0          4  1 
         0.1875         284734          0.00253277              1             no    2.28715e-08              0          4  1 
         0.1875         284934          0.00255225              1             no     2.7071e-08              0          4  1 
         0.1875         285145          0.00442261              1             no    2.38751e-08              0          4  1 
         0.1875         285698          0.00317571              1             no    2.17452e-08              0          4  1 
         0.1875         286072          0.00317571              1             no    2.53471e-08              0          4  1 
         0.1875         286110          0.00633193              1             no    2.26897e-08              0          4  1 
         0.1875         286135          0.00444209              1             no    2.58759e-08              0          4  1 
         0.1875         286320          0.00446157              1             no    2.33299e-08              0          4  1 
         0.1875         286479          0.00446157              1             no    2.19882e-08              0          4  1 
         0.1875         286521          0.00508503              1             no    2.36518e-08              0          4  1 
         0.1875         287408          0.00255225              1             no    2.12454e-08              0          4  1 
         0.1875         287669          0.00317571              1             no    2.20286e-08              0          4  1 
         0.1875         287890           0.0076178              1             no    2.24578e-08              0          4  1 
         0.1875         288536          0.00255225              1             no    2.92706e-08              0          4  1 
         0.1875         288729          0.00444209              1             no    2.16034e-08              0          4  1 
         0.1875         289149          0.00506554              1             no    2.11474e-08              0          4  1 
         0.1875         289273          0.00570848              1             no    3.24327e-08              0          4  1 
         0.1875         289676          0.00444209              1             no    2.25408e-08              0          4  1 
         0.1875         290575          0.00317571              1             no     2.0764e-08              0          4  1 
         0.1875         290653          0.00317571              1             no    2.23435e-08              0          4  1 
         0.1875         290811          0.00317571              1             no     2.0617e-08              0          4  1 
         0.1875         290875          0.00442261              1             no    2.36955e-08              0          4  1 
         0.1875         291023          0.00255225              1             no    2.39405e-08              0          4  1 
         0.1875         291032          0.00255225              1             no    2.55723e-08              0          4  1 
         0.1875         291367          0.00442261              1             no    2.03111e-08              0          4  1 
         0.1875         291745          0.00381864              1             no    2.50226e-08              0          4  1 
         0.1875         291969          0.00315622              1             no    2.21074e-08              0          4  1 
         0.1875         292002          0.00255225              1             no    2.42524e-08              0          4  1 
         0.1875         293236          0.00635141              1             no     2.1106e-08              0          4  1 
         0.1875         293324          0.00444209              1             no     2.1031e-08              0          4  1 
         0.1875         293782          0.00381864              1             no    2.39272e-08              0          4  1 
         0.1875         294286          0.00253277              1             no    2.31775e-08              0          4  1 
         0.1875         294502          0.00381864              1             no    2.58832e-08              0          4  1 
         0.1875         294565          0.00637089              1             no    2.24266e-08              0          4  1 
         0.1875         294566          0.00255225              1             no    2.57781e-08              0          4  1 
         0.1875         294959          0.00381864              1             no    2.05219e-08              0          4  1 
         0.1875         295034          0.00633193              1             no    2.14603e-08              0          4  1 
         0.1875         295666          0.00255225              1             no     2.2455e-08              0          4  1 
         0.1875         296483          0.00379916              1             no    2.24691e-08              0          4  1 
         0.1875         297137          0.00697486              1             no    2.50342e-08              0          4  1 
         0.1875         297805          0.00255225              1             no     2.1037e-08              0          4  1 
         0.1875         298338          0.00504606              1             no    2.05215e-08              0          4  1 
         0.1875         298622          0.00570848              1             no    2.95502e-08              0          4  1 
         0.1875         298823          0.00948815              1             no    2.17693e-08              0          4  1 
         0.1875         299123          0.00635141              1             no    2.16019e-08              0          4  1 
         0.1875         299182          0.00381864              1             no    2.06048e-08              0          4  1 
         0.1875         299187          0.00317571              1             no    2.12422e-08              0          4  1 
         0.1875         299622          0.00317571              1             no    2.14377e-08              0          4  1 
         0.1875         299886          0.00255225              1             no    2.38653e-08              0          4  1 
         0.1875         299973          0.00255225              1             no    2.24892e-08              0          4  1 
         0.1875         300164          0.00444209              1             no    2.10428e-08              0          4  1 
         0.1875         300717          0.00255225              1             no    2.18459e-08              0          4  1 
         0.1875         301330          0.00315622              1             no    2.11765e-08              0          4  1 
         0.1875         301913           0.0095466              1             no     2.1905e-08              0          4  1 
         0.1875         302104          0.00317571              1             no    2.27616e-08              0          4  1 
         0.1875         302152          0.00568899              1             no    2.86526e-08              0          4  1 
         0.1875         302227          0.00444209              1             no    2.31515e-08              0          4  1 
         0.1875         302302          0.00379916              1             no    2.17236e-08              0          4  1 
         0.1875         302837          0.00317571              1             no     2.4217e-08              0          4  1 
         0.1875         303288          0.00695538              1             no    2.26307e-08              0          4  1 
         0.1875         304234          0.00442261              1             no     2.0456e-08              0          4  1 
         0.1875         304548          0.00444209              1             no    2.72497e-08              0          4  1 
         0.1875         304712          0.00442261              1             no    2.20886e-08              0          4  1 
         0.1875         304805          0.00572796              1             no    2.41417e-08              0          4  1 
         0.1875         305523          0.00508503              1             no    2.17317e-08              0          4  1 
         0.1875         305531          0.00317571              1             no    2.21617e-08              0          4  1 
         0.1875         305642          0.00506554              1             no     2.6794e-08              0          4  1 
         0.1875         305817          0.00317571              1             no    2.11029e-08              0          4  1 
         0.1875         305842          0.00255225              1             no    2.46823e-08              0          4  1 
         0.1875         305893          0.00253277              1             no    2.41469e-08              0          4  1 
         0.1875         307056          0.00381864              1             no    2.12433e-08              0          4  1 
         0.1875         307247          0.00504606              1             no    2.35997e-08              0          4  1 
         0.1875         307526          0.00506554              1             no    2.14024e-08              0          4  1 
         0.1875         307652          0.00508503              1             no    2.09976e-08              0          4  1 
         0.1875         307672          0.00381864              1             no    2.60014e-08              0          4  1 
         0.1875         307815          0.00508503              1             no     2.7963e-08              0          4  1 
         0.1875         308041          0.00637089              1             no    2.40149e-08              0          4  1 
         0.1875         308278          0.00510451              1             no    2.26599e-08              0          4  1 
         0.1875         308318          0.00255225              1             no    2.35302e-08              0          4  1 
         0.1875         308449          0.00317571              1             no     2.4084e-08              0          4  1 
         0.1875         309127           0.0101506              1             no    2.14302e-08        0.31286          4  1 
         0.1875         309179          0.00572796              1             no    2.23549e-08              0          4  1 
         0.1875         309540          0.00570848              1             no    2.23776e-08              0          4  1 
         0.1875         309679          0.00317571              1             no    2.73937e-08              0          4  1 
         0.1875         309759          0.00508503              1             no     2.1731e-08              0          4  1 
         0.1875         310139          0.00444209              1             no    2.16283e-08              0          4  1 
         0.1875         310216          0.00759831              1             no    2.04152e-08              0          4  1 
         0.1875         311191          0.00315622              1             no    2.74123e-08              0          4  1 
         0.1875         311427          0.00570848              1             no    2.89463e-08              0          4  1 
         0.1875         312122          0.00381864              1             no    2.15905e-08              0          4  1 
         0.1875         312445          0.00633193              1             no    2.24113e-08              0          4  1 
         0.1875         312632          0.00572796              1             no     2.4035e-08              0          4  1 
         0.1875         312706          0.00317571              1             no    2.69029e-08              0          4  1 
         0.1875         312847          0.00255225              1             no    2.64909e-08              0          4  1 
         0.1875         312905          0.00442261              1             no    2.16405e-08              0          4  1 
         0.1875         313009          0.00255225              1             no     2.3186e-08              0          4  1 
         0.1875         313314          0.00508503              1             no    2.11854e-08              0          4  1 
         0.1875         313628          0.00255225              1             no    2.62138e-08              0          4  1 
         0.1875         314005          0.00508503              1             no    2.15634e-08              0          4  1 
         0.1875         314067          0.00506554              1             no    2.63335e-08              0          4  1 
         0.1875         314170          0.00633193              1             no    2.15918e-08              0          4  1 
         0.1875         314189          0.00255225              1             no     2.2365e-08              0          4  1 
         0.1875         314484          0.00570848              1             no    2.35208e-08              0          4  1 
         0.1875         315486          0.00255225              1             no    2.42105e-08              0          4  1 
         0.1875         315647          0.00317571              1             no    2.14628e-08              0          4  1 
         0.1875         316147          0.00444209              1             no     2.7553e-08              0          4  1 
         0.1875         316313          0.00317571              1             no    2.03172e-08              0          4  1 
         0.1875         316613          0.00572796              1             no     2.0502e-08              0          4  1 
         0.1875         317099          0.00699435              1             no     2.1005e-08              0          4  1 
         0.1875         317371          0.00633193              1             no     2.8269e-08              0          4  1 
         0.1875         317787          0.00444209              1             no    2.13109e-08              0          4  1 
         0.1875         318368          0.00255225              1             no    2.53925e-08              0          4  1 
         0.1875         318963          0.00506554              1             no     2.8246e-08              0          4  1 
         0.1875         318975          0.00888418              1             no    2.56721e-08              0          4  1 
         0.1875         319066          0.00381864              1             no     2.3018e-08              0          4  1 
         0.1875         319155          0.00508503              1             no    2.12801e-08       0.501916          4  1 
         0.1875         320608          0.00381864              1             no    2.35941e-08              0          4  1 
         0.1875         320823          0.00442261              1             no    2.94825e-08              0          4  1 
         0.1875         321270          0.00317571              1             no    2.20288e-08              0          4  1 
         0.1875         321275          0.00635141              1             no    2.06861e-08              0          4  1 
         0.1875         321309          0.00255225              1             no    2.19192e-08              0          4  1 
         0.1875         321595          0.00317571              1             no     2.0678e-08              0          4  1 
         0.1875         321701          0.00255225              1             no    2.16239e-08              0          4  1 
         0.1875         321717           0.0076178              1             no    2.14225e-08              0          4  1 
         0.1875         321835          0.00317571              1             no      3.312e-08              0          4  1 
         0.1875         321972          0.00379916              1             no    2.19279e-08              0          4  1 
         0.1875         322399          0.00379916              1             no    2.33622e-08              0          4  1 
         0.1875         322561          0.00635141              1             no     2.3381e-08       0.199387          4  1 
         0.1875         322613          0.00568899              1             no     2.6868e-08              0          4  1 
         0.1875         322925          0.00379916              1             no    2.27643e-08              0          4  1 
         0.1875         323051          0.00315622              1             no     2.2043e-08              0          4  1 
         0.1875         323090          0.00442261              1             no    2.14205e-08              0          4  1 
         0.1875         323838          0.00255225              1             no    2.15732e-08              0          4  1 
         0.1875         324905          0.00508503              1             no    2.41818e-08              0          4  1 
         0.1875         325070          0.00379916              1             no    2.64615e-08              0          4  1 
         0.1875         325175          0.00444209              1             no     2.2305e-08              0          4  1 
         0.1875         325799          0.00253277              1             no    2.29995e-08              0          4  1 
         0.1875         325984          0.00379916              1             no    2.10552e-08              0          4  1 
         0.1875         326389          0.00508503              1             no    2.57631e-08              0          4  1 
         0.1875         326595          0.00315622              1             no    2.42614e-08              0          4  1 
         0.1875         326645          0.00508503              1             no    2.21729e-08              0          4  1 
         0.1875         327950          0.00695538              1             no    2.16105e-08              0          4  1 
         0.1875         328147          0.00381864              1             no    2.43342e-08              0          4  1 
         0.1875         328691          0.00822176              1             no    2.28739e-08              0          4  1 
         0.1875         328795          0.00255225              1             no    2.24596e-08              0          4  1 
         0.1875         330120          0.00317571              1             no    2.18205e-08              0          4  1 
         0.1875         330550          0.00379916              1             no    2.05996e-08              0          4  1 
         0.1875         330772          0.00566951              1             no    2.27669e-08              0          4  1 
         0.1875         330812          0.00315622              1             no    2.08572e-08              0          4  1 
         0.1875         331185          0.00506554              1             no    2.34543e-08              0          4  1 
         0.1875         331284          0.00381864              1             no    2.95154e-08              0          4  1 
         0.1875         331785          0.00635141              1             no    2.10032e-08              0          4  1 
         0.1875         332016          0.00508503              1             no    2.22832e-08              0          4  1 
         0.1875         332126          0.00253277              1             no    2.48342e-08              0          4  1 
         0.1875         332905           0.0076178              1             no    2.21974e-08              0          4  1 
         0.1875         333858          0.00381864              1             no    2.13442e-08              0          4  1 
         0.1875         334548          0.00446157              1             no    2.48183e-08              0          4  1 
         0.1875         335075          0.00444209              1             no       2.75e-08              0          4  1 
         0.1875         335495          0.00506554              1             no    2.22746e-08              0          4  1 
         0.1875         335829          0.00253277              1             no    2.33393e-08              0          4  1 
         0.1875         335973          0.00508503              1             no    2.37887e-08              0          4  1 
         0.1875         336479          0.00635141              1             no    2.12098e-08              0          4  1 
         0.1875         336907          0.00506554              1             no    2.11263e-08              0          4  1 
         0.1875         337346          0.00255225              1             no    2.32077e-08              0          4  1 
         0.1875         337510          0.00255225              1             no    2.34781e-08              0          4  1 
         0.1875         338703          0.00379916              1             no    2.22807e-08              0          4  1 
         0.1875         338886          0.00442261              1             no    2.26657e-08              0          4  1 
         0.1875         340045          0.00699435              1             no    2.40895e-08              0          4  1 
         0.1875         340806          0.00444209              1             no    2.11217e-08              0          4  1 
         0.1875         341005          0.00446157              1             no    2.11958e-08              0          4  1 
         0.1875         341291          0.00570848              1             no    2.78482e-08              0          4  1 
         0.1875         341296          0.00699435              1             no    2.52442e-08              0          4  1 
         0.1875         341488          0.00317571              1             no    2.20836e-08              0          4  1 
         0.1875         342267          0.00317571              1             no    2.14539e-08              0          4  1 
         0.1875         342765          0.00633193              1             no    2.33814e-08              0          4  1 
         0.1875         343046          0.00253277              1             no    2.84055e-08              0          4  1 
         0.1875         344005          0.00379916              1             no    2.39282e-08              0          4  1 
         0.1875         344190          0.00570848              1             no    2.21446e-08              0          4  1 
         0.1875         344288          0.00317571              1             no    2.04102e-08              0          4  1 
         0.1875         344481          0.00446157              1             no    2.83079e-08              0          4  1 
         0.1875         344785          0.00444209              1             no    2.17615e-08              0          4  1 
         0.1875         345575          0.00253277              1             no    2.20411e-08              0          4  1 
         0.1875         345849          0.00255225              1             no    2.27384e-08              0          4  1 
         0.1875         346119          0.00444209              1             no    2.48173e-08              0          4  1 
         0.1875         346642          0.00381864              1             no    2.12459e-08              0          4  1 
         0.1875         346957          0.00317571              1             no    2.28191e-08              0          4  1 
         0.1875         346990          0.00317571              1             no    2.55484e-08              0          4  1 
         0.1875         347164          0.00379916              1             no    2.35164e-08              0          4  1 
         0.1875         347645          0.00317571              1             no    2.38769e-08              0          4  1 
         0.1875         348063          0.00381864              1             no    2.32588e-08              0          4  1 
         0.1875         348160          0.00317571              1             no    2.37716e-08              0          4  1 
         0.1875         348522          0.00317571              1             no    2.51702e-08              0          4  1 
         0.1875         349147          0.00508503              1             no    3.00641e-08              0          4  1 
         0.1875         349182          0.00446157              1             no    2.11717e-08              0          4  1 
         0.1875         349217          0.00381864              1             no    2.25868e-08              0          4  1 
         0.1875         349310          0.00506554              1             no    2.31293e-08              0          4  1 
         0.1875         349346          0.00444209              1             no    3.27233e-08              0          4  1 
         0.1875         349975          0.00379916              1             no    2.32424e-08              0          4  1 
         0.1875         350159          0.00317571              1             no    2.03467e-08              0          4  1 
         0.1875         350224          0.00255225              1             no    2.20987e-08              0          4  1 
         0.1875         350260          0.00635141              1             no    2.29848e-08              0          4  1 
         0.1875         350947          0.00699435              1             no    3.06781e-08              0          4  1 
         0.1875         351269          0.00317571              1             no     2.1073e-08              0          4  1 
         0.1875         351602          0.00253277              1             no     2.3276e-08              0          4  1 
         0.1875         351755          0.00572796              1             no    2.22537e-08              0          4  1 
         0.1875         351798          0.00759831              1             no    2.20525e-08              0          4  1 
         0.1875         351804          0.00763728              1             no    2.55556e-08              0          4  1 
         0.1875         352001          0.00570848              1             no    2.18067e-08              0          4  1 
         0.1875         352298          0.00253277              1             no    2.48719e-08              0          4  1 
         0.1875         352312          0.00255225              1             no     2.1809e-08              0          4  1 
         0.1875         352419          0.00315622              1             no    2.19217e-08              0          4  1 
         0.1875         352605          0.00381864              1             no    2.17262e-08              0          4  1 
         0.1875         352733          0.00568899              1             no    2.25586e-08              0          4  1 
         0.1875         352962          0.00570848              1             no    3.06807e-08              0          4  1 
         0.1875         353190          0.00697486              1             no    2.16515e-08              0          4  1 
         0.1875         353587          0.00444209              1             no    2.23992e-08              0          4  1 
         0.1875         354004          0.00255225              1             no    2.28172e-08              0          4  1 
         0.1875         354063          0.00255225              1             no    2.37507e-08              0          4  1 
         0.1875         354095          0.00633193              1             no    2.31233e-08              0          4  1 
         0.1875         355323          0.00440313              1             no    2.13663e-08              0          4  1 
         0.1875         355441          0.00379916              1             no    2.21311e-08              0          4  1 
         0.1875         355495          0.00379916              1             no    2.68179e-08              0          4  1 
         0.1875         355611          0.00635141              1             no     2.5618e-08              0          4  1 
         0.1875         355844          0.00508503              1             no    2.54649e-08              0          4  1 
         0.1875         356083          0.00379916              1             no    2.39544e-08              0          4  1 
         0.1875         356767          0.00570848              1             no    2.39411e-08              0          4  1 
         0.1875         357882          0.00765676              1             no    2.24406e-08              0          4  1 
         0.1875         357963          0.00255225              1             no    2.37412e-08              0          4  1 
         0.1875         358498          0.00444209              1             no    2.21274e-08              0          4  1 
         0.1875         358806          0.00570848              1             no     2.2057e-08              0          4  1 
         0.1875         358993          0.00570848              1             no    2.14489e-08              0          4  1 
         0.1875         359440          0.00317571              1             no    2.19865e-08              0          4  1 
         0.1875         359561          0.00379916              1             no     2.2001e-08              0          4  1 
         0.1875         359946          0.00697486              1             no    2.43608e-08              0          4  1 
         0.1875         360098          0.00442261              1             no    2.27193e-08              0          4  1 
         0.1875         360313          0.00506554              1             no    2.11899e-08              0          4  1 
         0.1875         360366          0.00572796              1             no    2.16524e-08              0          4  1 
         0.1875         360857          0.00315622              1             no    2.38863e-08              0          4  1 
         0.1875         360968          0.00255225              1             no     2.4075e-08              0          4  1 
         0.1875         361104          0.00379916              1             no     2.6961e-08              0          4  1 
         0.1875         361271          0.00572796              1             no    2.21898e-08              0          4  1 
         0.1875         361968          0.00255225              1             no    2.23113e-08              0          4  1 
         0.1875         362020          0.00695538              1             no    2.32571e-08              0          4  1 
         0.1875         362121           0.0133263              1             no    2.53509e-08       0.143275          4  1 
         0.1875         362737          0.00442261              1             no    2.34781e-08              0          4  1 
         0.1875         362890          0.00317571              1             no     2.1443e-08              0          4  1 
         0.1875         363554          0.00315622              1             no    2.47313e-08              0          4  1 
         0.1875         364108          0.00381864              1             no    2.18338e-08              0          4  1 
         0.1875         364572          0.00255225              1             no    2.15452e-08              0          4  1 
         0.1875         364698          0.00444209              1             no    2.14741e-08              0          4  1 
         0.1875         364699          0.00444209              1             no    2.14707e-08              0          4  1 
         0.1875         364745          0.00255225              1             no     2.2869e-08              0          4  1 
         0.1875         365176          0.00635141              1             no    2.35329e-08              0          4  1 
         0.1875         365434          0.00317571              1             no    2.45272e-08              0          4  1 
         0.1875         366489          0.00570848              1             no    2.81044e-08              0          4  1 
         0.1875         366965          0.00442261              1             no    2.10261e-08              0          4  1 
         0.1875         367020          0.00572796              1             no    2.16894e-08              0          4  1 
         0.1875         367081          0.00504606              1             no    2.10077e-08              0          4  1 
         0.1875         367207          0.00572796              1             no    2.26175e-08              0          4  1 
         0.1875         367390          0.00381864              1             no     2.9379e-08              0          4  1 
         0.1875         367423          0.00317571              1             no     2.1841e-08              0          4  1 
         0.1875         367429          0.00444209              1             no    2.24695e-08              0          4  1 
         0.1875         367927          0.00317571              1             no    3.15351e-08              0          4  1 
         0.1875         367933          0.00381864              1             no    2.13344e-08              0          4  1 
         0.1875         368206          0.00317571              1             no    2.46609e-08              0          4  1 
         0.1875         368279          0.00253277              1             no    2.17323e-08              0          4  1 
         0.1875         368478          0.00442261              1             no    2.42563e-08              0          4  1 
         0.1875         368721          0.00633193              1             no    2.22591e-08              0          4  1 
         0.1875         368774          0.00255225              1             no    2.39751e-08              0          4  1 
         0.1875         368777          0.00442261              1             no    2.26492e-08              0          4  1 
         0.1875         368859          0.00255225              1             no     2.0728e-08              0          4  1 
         0.1875         369310          0.00379916              1             no    2.28696e-08              0          4  1 
         0.1875         370024          0.00255225              1             no    2.54879e-08              0          4  1 
         0.1875         370975          0.00633193              1             no    2.23776e-08              0          4  1 
         0.1875         371176          0.00319519              1             no    3.07251e-08              0          4  1 
         0.1875         371323          0.00317571              1             no    2.15842e-08              0          4  1 
         0.1875         371404          0.00255225              1             no     2.0832e-08              0          4  1 
         0.1875         371820          0.00446157              1             no    2.18292e-08              0          4  1 
         0.1875         372833          0.00699435              1             no    3.00504e-08              0          4  1 
         0.1875         372945          0.00635141              1             no    2.16495e-08              0          4  1 
         0.1875         373891          0.00381864              1             no    2.05454e-08              0          4  1 
         0.1875         373930          0.00317571              1             no    2.08235e-08              0          4  1 
         0.1875         374095          0.00635141              1             no    2.44757e-08              0          4  1 
         0.1875         374504          0.00317571              1             no    2.41347e-08              0          4  1 
         0.1875         375102          0.00381864              1             no    2.11171e-08              0          4  1 
         0.1875         375213          0.00317571              1             no    2.35357e-08              0          4  1 
         0.1875         375291          0.00508503              1             no    2.21858e-08              0          4  1 
         0.1875         375325          0.00253277              1             no    2.25083e-08              0          4  1 
         0.1875         375719          0.00568899              1             no    2.16621e-08              0          4  1 
         0.1875         375742          0.00508503              1             no     2.2404e-08              0          4  1 
         0.1875         375753          0.00570848              1             no    2.42955e-08              0          4  1 
         0.1875         376081          0.00570848              1             no    2.23686e-08              0          4  1 
         0.1875         376082          0.00444209              1             no    2.33494e-08              0          4  1 
         0.1875         376623          0.00379916              1             no    2.30388e-08              0          4  1 
         0.1875         376659          0.00253277              1             no    2.14496e-08              0          4  1 
         0.1875         376756          0.00381864              1             no    2.13518e-08              0          4  1 
         0.1875         377040          0.00508503              1             no    2.55631e-08              0          4  1 
         0.1875         377115          0.00502658              1             no    2.06287e-08              0          4  1 
         0.1875         377143          0.00568899              1             no    2.46473e-08              0          4  1 
         0.1875         379221          0.00446157              1             no    2.18967e-08              0          4  1 
         0.1875         379918          0.00506554              1             no    2.05387e-08              0          4  1 
         0.1875         380549          0.00446157              1             no    2.21282e-08              0          4  1 
         0.1875         380603          0.00253277              1             no      2.795e-08              0          4  1 
         0.1875         380768          0.00255225              1             no    2.04679e-08              0          4  1 
         0.1875         381382          0.00444209              1             no    2.19341e-08              0          4  1 
         0.1875         381403          0.00442261              1             no     2.8034e-08              0          4  1 
         0.1875         382215          0.00568899              1             no    2.27897e-08              0          4  1 
         0.1875         382394          0.00508503              1             no    2.49038e-08              0          4  1 
         0.1875         382520          0.00381864              1             no    2.76889e-08              0          4  1 
         0.1875         383088          0.00381864              1             no    2.78746e-08              0          4  1 
         0.1875         383551          0.00572796              1             no    2.04035e-08              0          4  1 
         0.1875         383622          0.00506554              1             no    2.33077e-08              0          4  1 
         0.1875         384015          0.00255225              1             no    2.09679e-08              0          4  1 
         0.1875         384099          0.00379916              1             no     2.7082e-08              0          4  1 
         0.1875         384151          0.00446157              1             no    2.13834e-08              0          4  1 
         0.1875         384614          0.00253277              1             no    2.53275e-08              0          4  1 
         0.1875         384658          0.00570848              1             no    2.29426e-08              0          4  1 
         0.1875         384759          0.00888418              1             no     2.3521e-08              0          4  1 
         0.1875         384920          0.00446157              1             no    2.67588e-08              0          4  1 
         0.1875         385421          0.00379916              1             no    2.29561e-08              0          4  1 
         0.1875         385449          0.00317571              1             no    2.06264e-08              0          4  1 
         0.1875         385721          0.00570848              1             no    2.37195e-08              0          4  1 
         0.1875         386649          0.00379916              1             no    2.40232e-08              0          4  1 
         0.1875         386668          0.00633193              1             no     2.8363e-08              0          4  1 
         0.1875         386945          0.00255225              1             no      2.595e-08              0          4  1 
         0.1875         387177          0.00759831              1             no     2.2706e-08              0          4  1 
         0.1875         387618          0.00255225              1             no    2.30867e-08              0          4  1 
         0.1875         387805           0.0088647              1             no    2.09706e-08              0          4  1 
         0.1875         387983          0.00888418              1             no    2.32584e-08              0          4  1 
         0.1875         388401          0.00568899              1             no    2.43822e-08              0          4  1 
         0.1875         388658          0.00691641              1             no    2.15039e-08              0          4  1 
         0.1875         389186          0.00379916              1             no    2.33721e-08              0          4  1 
         0.1875         389992          0.00317571              1             no    2.24418e-08              0          4  1 
         0.1875         390351          0.00379916              1             no    2.17678e-08              0          4  1 
         0.1875         390464          0.00379916              1             no    2.59798e-08              0          4  1 
         0.1875         390487          0.00822176              1             no    2.33103e-08       0.154028          4  1 
         0.1875         390605          0.00697486              1             no    2.56408e-08              0          4  1 
         0.1875         390706          0.00446157              1             no     2.3659e-08              0          4  1 
         0.1875         391442          0.00444209              1             no    2.04524e-08              0          4  1 
         0.1875         391509          0.00317571              1             no    2.36446e-08              0          4  1 
         0.1875         391706          0.00444209              1             no    2.39822e-08              0          4  1 
         0.1875         392247          0.00508503              1             no    2.23216e-08              0          4  1 
         0.1875         392375          0.00379916              1             no    2.49212e-08              0          4  1 
         0.1875         392578          0.00379916              1             no    2.29407e-08              0          4  1 
         0.1875         393026          0.00826073              1             no    2.04168e-08              0          4  1 
         0.1875         393122          0.00635141              1             no    2.20587e-08              0          4  1 
         0.1875         393306          0.00506554              1             no     2.0734e-08              0          4  1 
         0.1875         393359          0.00255225              1             no    2.20449e-08              0          4  1 
         0.1875         393406          0.00570848              1             no    2.25527e-08              0          4  1 
         0.1875         393441          0.00381864              1             no    2.34727e-08              0          4  1 
         0.1875         393690          0.00381864              1             no    2.15604e-08              0          4  1 
         0.1875         393882          0.00446157              1             no    2.09048e-08              0          4  1 
         0.1875         394316          0.00444209              1             no    2.12342e-08              0          4  1 
         0.1875         394330          0.00570848              1             no    2.23975e-08              0          4  1 
         0.1875         394629          0.00381864              1             no    2.21177e-08              0          4  1 
         0.1875         394733          0.00317571              1             no    2.49467e-08              0          4  1 
         0.1875         394809          0.00379916              1             no     2.5415e-08              0          4  1 
         0.1875         394924          0.00255225              1             no    2.41342e-08              0          4  1 
         0.1875         395754          0.00699435              1             no    2.38727e-08              0          4  1 
         0.1875         396712          0.00568899              1             no    2.12578e-08              0          4  1 
         0.1875         396721          0.00572796              1             no     2.2863e-08              0          4  1 
         0.1875         397324          0.00379916              1             no    2.43987e-08              0          4  1 
         0.1875         397495          0.00572796              1             no    2.05731e-08              0          4  1 
         0.1875         397670          0.00635141              1             no    2.20994e-08              0          4  1 
         0.1875         397779          0.00699435              1             no    2.19147e-08              0          4  1 
         0.1875         398084          0.00317571              1             no    2.42107e-08              0          4  1 
         0.1875         398226          0.00697486              1             no    2.30183e-08       0.273743          4  1 
         0.1875         398781          0.00442261              1             no    2.39076e-08              0          4  1 
         0.1875         399683          0.00635141              1             no    2.38471e-08              0          4  1 
         0.1875         399882          0.00446157              1             no     2.2157e-08              0          4  1 
         0.1875         399922          0.00255225              1             no    2.09853e-08              0          4  1 
         0.1875         400146          0.00315622              1             no    2.47582e-08              0          4  1 
         0.1875         400376          0.00446157              1             no     2.2783e-08              0          4  1 
         0.1875         400464          0.00377967              1             no    2.19808e-08              0          4  1 
         0.1875         400510          0.00446157              1             no    2.62522e-08              0          4  1 
         0.1875         400871          0.00444209              1             no    2.30674e-08              0          4  1 
         0.1875         402952          0.00381864              1             no    2.20086e-08              0          4  1 
         0.1875         403805          0.00444209              1             no    2.26529e-08              0          4  1 
         0.1875         404162          0.00572796              1             no    2.28113e-08              0          4  1 
         0.1875         404255          0.00440313              1             no    2.25811e-08       0.141593          4  1 
         0.1875         404620          0.00381864              1             no    2.19078e-08              0          4  1 
         0.1875         404811          0.00379916              1             no    2.30177e-08              0          4  1 
         0.1875         405072          0.00255225              1             no    2.23556e-08              0          4  1 
         0.1875         405138          0.00444209              1             no    2.22443e-08              0          4  1 
         0.1875         405199          0.00506554              1             no    2.14453e-08              0          4  1 
         0.1875         405234          0.00315622              1             no    2.14973e-08              0          4  1 
         0.1875         405561          0.00255225              1             no    2.14716e-08              0          4  1 
         0.1875         406149          0.00255225              1             no    2.39091e-08              0          4  1 
         0.1875         406600          0.00317571              1             no    2.20387e-08              0          4  1 
         0.1875         406694          0.00379916              1             no    2.20585e-08              0          4  1 
         0.1875         406785          0.00635141              1             no    2.31129e-08              0          4  1 
         0.1875         406927          0.00504606              1             no    2.13273e-08              0          4  1 
         0.1875         407081          0.00506554              1             no    2.54448e-08              0          4  1 
         0.1875         407325          0.00635141              1             no    2.34538e-08              0          4  1 
         0.1875         408192          0.00570848              1             no    2.24542e-08              0          4  1 
         0.1875         408216          0.00508503              1             no    2.11991e-08              0          4  1 
         0.1875         408261          0.00633193              1             no     2.2447e-08              0          4  1 
         0.1875         408335          0.00572796              1             no    2.22596e-08              0          4  1 
         0.1875         408432          0.00255225              1             no    2.15878e-08              0          4  1 
         0.1875         408544          0.00317571              1             no    2.55897e-08              0          4  1 
         0.1875         408658          0.00381864              1             no    2.74822e-08              0          4  1 
         0.1875         408819          0.00253277              1             no    2.25778e-08              0          4  1 
         0.1875         408853          0.00570848              1             no    2.26965e-08              0          4  1 
         0.1875         408962          0.00315622              1             no     2.2293e-08              0          4  1 
         0.1875         409506          0.00317571              1             no    2.20311e-08              0          4  1 
         0.1875         409559          0.00317571              1             no    2.50353e-08              0          4  1 
         0.1875         409598          0.00379916              1             no    2.37442e-08              0          4  1 
         0.1875         409898          0.00444209              1             no    2.13998e-08              0          4  1 
         0.1875         410083          0.00317571              1             no    2.09609e-08              0          4  1 
         0.1875         410220          0.00572796              1             no     2.4939e-08              0          4  1 
         0.1875         410816          0.00699435              1             no     2.2524e-08              0          4  1 
         0.1875         410951          0.00570848              1             no    3.04807e-08              0          4  1 
         0.1875         411184          0.00444209              1             no    2.19824e-08              0          4  1 
         0.1875         411440          0.00504606              1             no    2.09764e-08              0          4  1 
         0.1875         411543          0.00570848              1             no    2.19704e-08              0          4  1 
         0.1875         411710          0.00317571              1             no    2.22369e-08              0          4  1 
         0.1875         411722          0.00317571              1             no    2.34171e-08              0          4  1 
         0.1875         412390          0.00637089              1             no    2.09259e-08              0          4  1 
         0.1875         412403          0.00759831              1             no    2.50607e-08              0          4  1 
         0.1875         412644          0.00444209              1             no    2.09183e-08              0          4  1 
         0.1875         413218          0.00444209              1             no    2.26784e-08              0          4  1 
         0.1875         413377          0.00379916              1             no    2.85005e-08              0          4  1 
         0.1875         413660          0.00568899              1             no    2.19061e-08              0          4  1 
         0.1875         413834          0.00444209              1             no     2.2166e-08              0          4  1 
         0.1875         413884          0.00381864              1             no    2.79256e-08              0          4  1 
         0.1875         413985          0.00637089              1             no    2.24416e-08              0          4  1 
         0.1875         414250          0.00255225              1             no    2.73935e-08              0          4  1 
         0.1875         414562          0.00317571              1             no     2.3613e-08              0          4  1 
         0.1875         414896          0.00381864              1             no    2.52754e-08              0          4  1 
         0.1875         415390          0.00444209              1             no    2.51408e-08              0          4  1 
         0.1875         415875          0.00635141              1             no    2.09878e-08              0          4  1 
         0.1875         415880          0.00255225              1             no    2.40566e-08              0          4  1 
         0.1875         415943          0.00759831              1             no    2.49109e-08              0          4  1 
         0.1875         416226          0.00379916              1             no    2.52471e-08              0          4  1 
         0.1875         416241          0.00635141              1             no    2.10646e-08              0          4  1 
         0.1875         416559          0.00572796              1             no    2.11332e-08              0          4  1 
         0.1875         416574          0.00442261              1             no    2.09778e-08              0          4  1 
         0.1875         417046          0.00635141              1             no    2.50318e-08              0          4  1 
         0.1875         417469          0.00446157              1             no     2.1864e-08              0          4  1 
         0.1875         417759          0.00637089              1             no     2.5923e-08              0          4  1 
         0.1875         417800          0.00317571              1             no    2.23646e-08              0          4  1 
         0.1875         418015           0.0076178              1             no    2.24877e-08              0          4  1 
         0.1875         418020          0.00508503              1             no    2.15933e-08              0          4  1 
         0.1875         418277          0.00253277              1             no    2.41807e-08              0          4  1 
         0.1875         418750          0.00444209              1             no    2.27086e-08              0          4  1 
         0.1875         419069          0.00255225              1             no    2.10407e-08              0          4  1 
         0.1875         419135          0.00381864              1             no    2.11993e-08              0          4  1 
         0.1875         419204          0.00317571              1             no    2.20206e-08              0          4  1 
         0.1875         419334          0.00317571              1             no    2.48991e-08              0          4  1 
         0.1875         419534          0.00381864              1             no    2.10021e-08              0          4  1 
         0.1875         419833          0.00255225              1             no     2.0603e-08              0          4  1 
         0.1875         419911          0.00759831              1             no    2.15743e-08              0          4  1 
         0.1875         420026          0.00317571              1             no    2.75554e-08              0          4  1 
         0.1875         421432          0.00317571              1             no    2.02994e-08       0.196319          4  1 
         0.1875         422053          0.00255225              1             no    2.54731e-08              0          4  1 
         0.1875         422380           0.0076178              1             no    2.33041e-08              0          4  1 
         0.1875         422524          0.00444209              1             no     2.0886e-08              0          4  1 
         0.1875         422641          0.00317571              1             no      2.224e-08              0          4  1 
         0.1875         422716          0.00317571              1             no    2.55722e-08              0          4  1 
         0.1875         422951          0.00381864              1             no    2.97121e-08              0          4  1 
         0.1875         423061          0.00446157              1             no    2.22375e-08              0          4  1 
         0.1875         423862          0.00444209              1             no    2.33685e-08              0          4  1 
         0.1875         424076          0.00442261              1             no    2.23496e-08              0          4  1 
         0.1875         424117          0.00379916              1             no    2.53651e-08              0          4  1 
         0.1875         424887          0.00381864              1             no    2.16026e-08              0          4  1 
         0.1875         425134          0.00504606              1             no    2.40823e-08              0          4  1 
         0.1875         426027          0.00442261              1             no    2.08371e-08              0          4  1 
         0.1875         426303          0.00317571              1             no    2.05517e-08              0          4  1 
         0.1875         426470          0.00315622              1             no    2.23294e-08              0          4  1 
         0.1875         427689          0.00317571              1             no    2.63115e-08              0          4  1 
         0.1875         427785          0.00568899              1             no    2.23116e-08              0          4  1 
         0.1875         428238          0.00444209              1             no    2.28161e-08              0          4  1 
         0.1875         429072          0.00253277              1             no    2.13179e-08              0          4  1 
         0.1875         429376          0.00508503              1             no    2.38511e-08              0          4  1 
         0.1875         429444          0.00446157              1             no    2.11725e-08              0          4  1 
         0.1875         429605          0.00381864              1             no    2.68921e-08              0          4  1 
         0.1875         429838          0.00888418              1             no    2.17169e-08              0          4  1 
         0.1875         430658          0.00255225              1             no    2.89842e-08              0          4  1 
         0.1875         431142          0.00570848              1             no    2.19646e-08              0          4  1 
         0.1875         431572          0.00315622              1             no    2.17656e-08              0          4  1 
         0.1875         431991          0.00442261              1             no    2.43186e-08              0          4  1 
         0.1875         432153          0.00572796              1             no    2.66905e-08              0          4  1 
         0.1875         432399          0.00255225              1             no    2.41415e-08              0          4  1 
         0.1875         432587          0.00379916              1             no    2.15645e-08              0          4  1 
         0.1875         432627          0.00506554              1             no    2.61364e-08              0          4  1 
         0.1875         433409          0.00381864              1             no    2.34585e-08              0          4  1 
         0.1875         434130          0.00381864              1             no    2.21417e-08              0          4  1 
         0.1875         434202          0.00253277              1             no    2.07658e-08              0          4  1 
         0.1875         434209          0.00377967              1             no    2.23807e-08              0          4  1 
         0.1875         435067          0.00444209              1             no    2.22248e-08              0          4  1 
         0.1875         435299          0.00506554              1             no    2.47564e-08              0          4  1 
         0.1875         435657          0.00253277              1             no    2.38224e-08              0          4  1 
         0.1875         436241          0.00446157              1             no    2.82487e-08              0          4  1 
         0.1875         437385          0.00379916              1             no    2.57728e-08              0          4  1 
         0.1875         437642          0.00253277              1             no    2.03281e-08              0          4  1 
         0.1875         437649          0.00379916              1             no    2.34145e-08              0          4  1 
         0.1875         437656          0.00379916              1             no    2.30099e-08              0          4  1 
         0.1875         437696          0.00446157              1             no    2.32846e-08              0          4  1 
         0.1875         437865          0.00255225              1             no    2.25451e-08              0          4  1 
         0.1875         438166          0.00444209              1             no    2.15161e-08              0          4  1 
         0.1875         438387          0.00506554              1             no     2.1095e-08              0          4  1 
         0.1875         438409          0.00506554              1             no    2.51404e-08              0          4  1 
         0.1875         438707          0.00255225              1             no       2.23e-08              0          4  1 
         0.1875         438950          0.00317571              1             no    2.38678e-08              0          4  1 
         0.1875         439027          0.00317571              1             no    3.07272e-08              0          4  1 
         0.1875         439399          0.00255225              1             no    2.26359e-08              0          4  1 
         0.1875         440267          0.00381864              1             no    2.30114e-08              0          4  1 
         0.1875         440371          0.00253277              1             no    2.35608e-08              0          4  1 
         0.1875         440695          0.00444209              1             no    2.17635e-08              0          4  1 
         0.1875         440977          0.00444209              1             no    2.05424e-08              0          4  1 
         0.1875         441008          0.00255225              1             no    2.23734e-08              0          4  1 
         0.1875         441118          0.00315622              1             no    2.32082e-08              0          4  1 
         0.1875         441676          0.00570848              1             no    2.75249e-08              0          4  1 
         0.1875         442377          0.00381864              1             no    2.53523e-08              0          4  1 
         0.1875         442401          0.00444209              1             no    2.12138e-08              0          4  1 
         0.1875         442562          0.00255225              1             no    2.88662e-08              0          4  1 
         0.1875         442895          0.00446157              1             no    2.58006e-08              0          4  1 
         0.1875         443747          0.00255225              1             no    3.31084e-08              0          4  1 
         0.1875         443885          0.00446157              1             no    2.24219e-08              0          4  1 
         0.1875         444602          0.00444209              1             no      2.186e-08              0          4  1 
         0.1875         445320          0.00444209              1             no     2.2675e-08              0          4  1 
         0.1875         445373          0.00629296              1             no    2.24408e-08              0          4  1 
         0.1875         445406          0.00381864              1             no    2.59115e-08              0          4  1 
         0.1875         447368          0.00699435              1             no    2.10704e-08              0          4  1 
         0.1875         447805          0.00508503              1             no    2.88118e-08              0          4  1 
         0.1875         447892          0.00508503              1             no    2.17672e-08              0          4  1 
         0.1875         448363          0.00317571              1             no    2.01898e-08              0          4  1 
         0.1875         448491          0.00379916              1             no    2.53377e-08              0          4  1 
         0.1875         448564          0.00255225              1             no    2.23954e-08              0          4  1 
         0.1875         449031          0.00317571              1             no    2.25316e-08              0          4  1 
         0.1875         449314          0.00508503              1             no    2.60225e-08              0          4  1 
         0.1875         449951          0.00379916              1             no     3.3548e-08              0          4  1 
         0.1875         450250          0.00442261              1             no    2.51666e-08              0          4  1 
         0.1875         450281          0.00506554              1             no    3.50869e-08              0          4  1 
         0.1875         450310          0.00255225              1             no    2.35035e-08              0          4  1 
         0.1875         450580          0.00317571              1             no    2.21716e-08              0          4  1 
         0.1875         450924          0.00504606              1             no    2.18948e-08              0          4  1 
         0.1875         451512          0.00633193              1             no    2.23225e-08              0          4  1 
         0.1875         451837          0.00317571              1             no    2.02599e-08              0          4  1 
         0.1875         451903          0.00444209              1             no    2.39163e-08              0          4  1 
         0.1875         451994          0.00444209              1             no    2.22768e-08              0          4  1 
         0.1875         452067          0.00255225              1             no    2.19778e-08              0          4  1 
         0.1875         452119          0.00317571              1             no    2.18633e-08              0          4  1 
         0.1875         452553          0.00315622              1             no    2.30738e-08              0          4  1 
         0.1875         452628          0.00253277              1             no     2.1942e-08              0          4  1 
         0.1875         453299          0.00317571              1             no    2.28918e-08              0          4  1 
         0.1875         454320           0.0088647              1             no    2.26608e-08              0          4  1 
         0.1875         454908          0.00444209              1             no    2.14177e-08              0          4  1 
         0.1875         455522          0.00255225              1             no    2.16466e-08              0          4  1 
         0.1875         456240          0.00255225              1             no    2.29009e-08              0          4  1 
         0.1875         456781          0.00444209              1             no    2.17762e-08              0          4  1 
         0.1875         457352          0.00633193              1             no     2.3497e-08              0          4  1 
         0.1875         457390          0.00381864              1             no    2.33169e-08              0          4  1 
         0.1875         457830          0.00381864              1             no    2.28212e-08              0          4  1 
         0.1875         457935          0.00377967              1             no    2.29185e-08              0          4  1 
         0.1875         458762          0.00442261              1             no    2.20243e-08              0          4  1 
         0.1875         458943          0.00255225              1             no    2.38636e-08              0          4  1 
         0.1875         459408          0.00255225              1             no    2.17103e-08              0          4  1 
         0.1875         459507          0.00637089              1             no    2.09794e-08              0          4  1 
         0.1875         459583          0.00315622              1             no    2.10334e-08              0          4  1 
         0.1875         460267          0.00379916              1             no    3.05063e-08              0          4  1 
         0.1875         460434          0.00508503              1             no    2.06666e-08              0          4  1 
         0.1875         460482          0.00568899              1             no    2.33172e-08              0          4  1 
         0.1875         460516          0.00444209              1             no    2.25853e-08              0          4  1 
         0.1875         460820          0.00255225              1             no    2.33517e-08              0          4  1 
         0.1875         461201          0.00699435              1             no    2.29697e-08       0.181058          4  1 
         0.1875         461928          0.00381864              1             no    2.09907e-08              0          4  1 
         0.1875         461957          0.00570848              1             no    2.48199e-08              0          4  1 
         0.1875         462020          0.00446157              1             no    2.19053e-08              0          4  1 
         0.1875         462680          0.00377967              1             no    2.48003e-08              0          4  1 
         0.1875         463025          0.00508503              1             no    2.30784e-08              0          4  1 
         0.1875         463331          0.00381864              1             no    2.40621e-08              0          4  1 
         0.1875         463374          0.00757883              1             no    2.31822e-08              0          4  1 
         0.1875         463723          0.00633193              1             no    2.19875e-08              0          4  1 
         0.1875         463893          0.00255225              1             no     2.8225e-08              0          4  1 
         0.1875         463994          0.00444209              1             no     2.1626e-08              0          4  1 
         0.1875         464165          0.00255225              1             no    2.08219e-08              0          4  1 
         0.1875         464489          0.00253277              1             no    2.16835e-08              0          4  1 
         0.1875         464640          0.00508503              1             no    2.45212e-08              0          4  1 
         0.1875         465320          0.00317571              1             no    2.28547e-08              0          4  1 
         0.1875         465703          0.00442261              1             no    2.52074e-08              0          4  1 
         0.1875         465938          0.00255225              1             no    2.43894e-08              0          4  1 
         0.1875         466253          0.00317571              1             no    2.24653e-08              0          4  1 
         0.1875         466428          0.00253277              1             no    2.30307e-08              0          4  1 
         0.1875         466552          0.00442261              1             no     2.3509e-08              0          4  1 
         0.1875         466646          0.00508503              1             no    2.40218e-08              0          4  1 
         0.1875         467014          0.00444209              1             no    2.04873e-08              0          4  1 
         0.1875         467175          0.00568899              1             no     2.6219e-08              0          4  1 
         0.1875         467382          0.00377967              1             no    2.33979e-08              0          4  1 
         0.1875         467818          0.00444209              1             no     2.9481e-08              0          4  1 
         0.1875         468410          0.00317571              1             no    2.27589e-08              0          4  1 
         0.1875         468773          0.00379916              1             no    2.36981e-08              0          4  1 
         0.1875         468907          0.00570848              1             no    2.26534e-08              0          4  1 
         0.1875         469473          0.00255225              1             no     2.1586e-08              0          4  1 
         0.1875         469843          0.00379916              1             no    2.16317e-08              0          4  1 
         0.1875         469881          0.00317571              1             no    2.21509e-08              0          4  1 
         0.1875         471000          0.00508503              1             no    2.47244e-08              0          4  1 
         0.1875         471097          0.00317571              1             no     2.4708e-08              0          4  1 
         0.1875         471516          0.00319519              1             no    2.24855e-08              0          4  1 
         0.1875         472287           0.0120794              1             no    2.67953e-08              0          4  1 
         0.1875         472392          0.00379916              1             no    2.18705e-08              0          4  1 
         0.1875         473481          0.00697486              1             no     2.2598e-08              0          4  1 
         0.1875         473531          0.00570848              1             no    2.20157e-08              0          4  1 
         0.1875         473653          0.00253277              1             no    2.35278e-08              0          4  1 
         0.1875         474152          0.00317571              1             no     2.3737e-08              0          4  1 
         0.1875         474620          0.00379916              1             no    2.32797e-08              0          4  1 
         0.1875         474659          0.00255225              1             no    2.26935e-08              0          4  1 
         0.1875         474799          0.00444209              1             no    2.36965e-08              0          4  1 
         0.1875         475075          0.00379916              1             no    2.43353e-08              0          4  1 
         0.1875         475132          0.00444209              1             no    2.45344e-08              0          4  1 
         0.1875         475216          0.00444209              1             no    2.39697e-08              0          4  1 
         0.1875         475720          0.00379916              1             no    2.68319e-08              0          4  1 
         0.1875         475728          0.00570848              1             no    2.31765e-08              0          4  1 
         0.1875         476400          0.00570848              1             no    2.34042e-08              0          4  1 
         0.1875         476691          0.00444209              1             no    2.30923e-08              0          4  1 
         0.1875         477390          0.00381864              1             no    2.32172e-08              0          4  1 
         0.1875         477515          0.00508503              1             no    2.35953e-08              0          4  1 
         0.1875         478164          0.00377967              1             no    2.20331e-08              0          4  1 
         0.1875         478487          0.00444209              1             no    2.28933e-08              0          4  1 
         0.1875         478491          0.00446157              1             no    2.23781e-08              0          4  1 
         0.1875         478701          0.00568899              1             no    2.02441e-08       0.109589          4  1 
         0.1875         478816          0.00253277              1             no    2.39218e-08              0          4  1 
         0.1875         479385          0.00444209              1             no    2.35763e-08              0          4  1 
         0.1875         479544          0.00508503              1             no    2.47751e-08              0          4  1 
         0.1875         479971          0.00379916              1             no    2.28216e-08              0          4  1 
         0.1875         479993          0.00635141              1             no     2.2963e-08              0          4  1 
         0.1875         480075          0.00442261              1             no    2.16854e-08              0          4  1 
         0.1875         480152           0.0076178              1             no     2.1079e-08              0          4  1 
         0.1875         480600          0.00699435              1             no    2.30732e-08              0          4  1 
         0.1875         480670          0.00444209              1             no    2.24686e-08              0          4  1 
         0.1875         480979          0.00508503              1             no    2.31561e-08              0          4  1 
         0.1875         481327          0.00444209              1             no    2.30477e-08              0          4  1 
         0.1875         481516          0.00317571              1             no    2.08176e-08              0          4  1 
         0.1875         482418          0.00506554              1             no    2.07721e-08              0          4  1 
         0.1875         483416          0.00699435              1             no    2.56896e-08              0          4  1 
         0.1875         483491          0.00255225              1             no     2.8162e-08              0          4  1 
         0.1875         483717          0.00255225              1             no    2.21696e-08              0          4  1 
         0.1875         484131          0.00506554              1             no    2.22011e-08              0          4  1 
         0.1875         484889          0.00255225              1             no    2.03917e-08              0          4  1 
         0.1875         485968          0.00568899              1             no    2.45588e-08              0          4  1 
         0.1875         486003          0.00317571              1             no    2.14486e-08              0          4  1 
         0.1875         486352          0.00377967              1             no    2.69564e-08              0          4  1 
         0.1875         486365          0.00379916              1             no    2.54301e-08              0          4  1 
         0.1875         486500          0.00381864              1             no    2.16146e-08              0          4  1 
         0.1875         486929          0.00379916              1             no     2.1811e-08              0          4  1 
         0.1875         487568          0.00381864              1             no    2.38712e-08              0          4  1 
         0.1875         488928          0.00253277              1             no    2.04886e-08              0          4  1 
         0.1875         489124          0.00255225              1             no    2.28399e-08              0          4  1 
         0.1875         489165          0.00888418              1             no    2.15026e-08              0          4  1 
         0.1875         489316          0.00317571              1             no    2.69985e-08              0          4  1 
         0.1875         489354          0.00570848              1             no    2.09738e-08              0          4  1 
         0.1875         489973          0.00315622              1             no    2.67628e-08              0          4  1 
         0.1875         490244          0.00506554              1             no      2.181e-08              0          4  1 
         0.1875         490443          0.00253277              1             no    2.07675e-08              0          4  1 
         0.1875         490575          0.00317571              1             no    2.38908e-08              0          4  1 
         0.1875         490867          0.00317571              1             no    2.28557e-08              0          4  1 
         0.1875         491033          0.00637089              1             no    2.17301e-08              0          4  1 
         0.1875         491273          0.00442261              1             no    2.50831e-08              0          4  1 
         0.1875         491688          0.00315622              1             no    2.23112e-08              0          4  1 
         0.1875         492332          0.00442261              1             no    2.22591e-08              0          4  1 
         0.1875         493038          0.00510451              1             no    2.17803e-08              0          4  1 
         0.1875         494267          0.00699435              1             no    2.42781e-08              0          4  1 
         0.1875         494497          0.00508503              1             no    2.25859e-08              0          4  1 
         0.1875         494583          0.00317571              1             no    2.44169e-08              0          4  1 
         0.1875         494678          0.00828021              1             no    2.53036e-08              0          4  1 
         0.1875         494941          0.00255225              1             no     2.9484e-08              0          4  1 
         0.1875         495720          0.00442261              1             no    2.42154e-08              0          4  1 
         0.1875         495986          0.00381864              1             no    2.17944e-08              0          4  1 
         0.1875         496457          0.00508503              1             no    2.49471e-08              0          4  1 
         0.1875         497685          0.00570848              1             no    2.25578e-08              0          4  1 
         0.1875         497693          0.00697486              1             no    2.29263e-08              0          4  1 
         0.1875         497718          0.00444209              1             no    2.02188e-08              0          4  1 
         0.1875         498114          0.00379916              1             no     2.4776e-08              0          4  1 
         0.1875         498497          0.00379916              1             no    2.17902e-08              0          4  1 
         0.1875         498959          0.00317571              1             no    2.16461e-08              0          4  1 
         0.1875         499197          0.00508503              1             no    2.09409e-08              0          4  1 
         0.1875         499470          0.00317571              1             no    2.33376e-08              0          4  1 
         0.1875         499753          0.00317571              1             no    2.15793e-08              0          4  1 
         0.1875         500047          0.00506554              1             no    2.37362e-08              0          4  1 
         0.1875         500348          0.00317571              1             no    2.24208e-08              0          4  1 
         0.1875         500649          0.00381864              1             no     2.2913e-08              0          4  1 
         0.1875         501082          0.00253277              1             no    2.50886e-08              0          4  1 
         0.1875         501658          0.00379916              1             no    2.09287e-08              0          4  1 
         0.1875         502102          0.00822176              1             no    2.54164e-08              0          4  1 
         0.1875         502409          0.00570848              1             no    2.26597e-08              0          4  1 
         0.1875         502445          0.00508503              1             no    2.64394e-08              0          4  1 
         0.1875         502586          0.00568899              1             no    2.19774e-08              0          4  1 
         0.1875         503349          0.00381864              1             no     2.5097e-08              0          4  1 
         0.1875         503462          0.00635141              1             no    2.26631e-08              0          4  1 
         0.1875         503835          0.00508503              1             no    2.20253e-08              0          4  1 
         0.1875         504267          0.00377967              1             no    2.32272e-08              0          4  1 
         0.1875         504772          0.00508503              1             no    2.13496e-08              0          4  1 
         0.1875         506889          0.00508503              1             no    2.64187e-08              0          4  1 
         0.1875         506974          0.00442261              1             no    2.37937e-08              0          4  1 
         0.1875         507144          0.00253277              1             no    2.19654e-08              0          4  1 
         0.1875         507597          0.00570848              1             no    2.22135e-08              0          4  1 
         0.1875         507713          0.00381864              1             no    2.23857e-08              0          4  1 
         0.1875         508265          0.00381864              1             no    2.12425e-08              0          4  1 
         0.1875         509167          0.00317571              1             no    2.40673e-08              0          4  1 
         0.1875         509173          0.00319519              1             no    2.33523e-08              0          4  1 
         0.1875         509257          0.00379916              1             no    2.37772e-08              0          4  1 
         0.1875         509659          0.00506554              1             no    2.26182e-08              0          4  1 
         0.1875         509744          0.00379916              1             no    2.12179e-08              0          4  1 
         0.1875         510435          0.00379916              1             no    2.38022e-08              0          4  1 
         0.1875         510818          0.00570848              1             no    2.14222e-08              0          4  1 
         0.1875         511090          0.00442261              1             no    2.12081e-08              0          4  1 
         0.1875         511254          0.00446157              1             no    2.14248e-08              0          4  1 
         0.1875         511292          0.00506554              1             no    2.17465e-08              0          4  1 
         0.1875         511543          0.00442261              1             no     2.4635e-08              0          4  1 
         0.1875         511647          0.00697486              1             no    2.40957e-08              0          4  1 
         0.1875         511738          0.00444209              1             no    2.36254e-08              0          4  1 
         0.1875         511785          0.00442261              1             no    2.22479e-08              0          4  1 
         0.1875         511824          0.00444209              1             no    2.30013e-08              0          4  1 
         0.1875         511922          0.00444209              1             no    2.25709e-08              0          4  1 
         0.1875         512170          0.00633193              1             no    2.48794e-08              0          4  1 
         0.1875         512234          0.00508503              1             no     2.9954e-08              0          4  1 
         0.1875         512356          0.00255225              1             no    2.31823e-08              0          4  1 
         0.1875         512844          0.00446157              1             no    2.37886e-08              0          4  1 
         0.1875         513187          0.00633193              1             no    2.40244e-08              0          4  1 
         0.1875         513458          0.00379916              1             no    2.33492e-08              0          4  1 
         0.1875         513513          0.00255225              1             no    2.32453e-08              0          4  1 
         0.1875         513614          0.00506554              1             no    2.22286e-08              0          4  1 
         0.1875         513887          0.00510451              1             no    2.45091e-08              0          4  1 
         0.1875         513961          0.00255225              1             no    2.45741e-08              0          4  1 
         0.1875         514046          0.00255225              1             no    2.19276e-08              0          4  1 
         0.1875         514242          0.00504606              1             no    2.15205e-08              0          4  1 
         0.1875         514351          0.00317571              1             no    2.47552e-08              0          4  1 
         0.1875         514710          0.00317571              1             no     2.3419e-08              0          4  1 
         0.1875         514773          0.00317571              1             no    2.13498e-08              0          4  1 
         0.1875         515155          0.00255225              1             no    2.63536e-08              0          4  1 
         0.1875         515539          0.00377967              1             no    2.10946e-08              0          4  1 
         0.1875         515616          0.00444209              1             no    2.27499e-08              0          4  1 
         0.1875         516467          0.00444209              1             no    2.30976e-08              0          4  1 
         0.1875         516491          0.00379916              1             no    2.34662e-08              0          4  1 
         0.1875         516657          0.00446157              1             no    2.57942e-08              0          4  1 
         0.1875         516965          0.00317571              1             no    2.14434e-08              0          4  1 
         0.1875         517795          0.00446157              1             no    2.64166e-08              0          4  1 
         0.1875         517982          0.00317571              1             no    2.41235e-08              0          4  1 
         0.1875         518496          0.00317571              1             no    2.21466e-08              0          4  1 
         0.1875         518497          0.00379916              1             no    2.30352e-08              0          4  1 
         0.1875         518780          0.00508503              1             no    2.22966e-08              0          4  1 
         0.1875         518949          0.00444209              1             no    2.28499e-08              0          4  1 
         0.1875         519917          0.00508503              1             no    2.35962e-08              0          4  1 
         0.1875         520541          0.00315622              1             no    2.43405e-08              0          4  1 
         0.1875         520909          0.00506554              1             no     2.5884e-08              0          4  1 
         0.1875         521439          0.00504606              1             no    2.18087e-08              0          4  1 
         0.1875         521447          0.00255225              1             no    2.35762e-08              0          4  1 
         0.1875         521633          0.00444209              1             no    2.36552e-08              0          4  1 
         0.1875         521640          0.00379916              1             no    2.14341e-08              0          4  1 
         0.1875         521708          0.00572796              1             no    2.13695e-08              0          4  1 
         0.1875         521727          0.00379916              1             no    2.22158e-08              0          4  1 
         0.1875         521914          0.00379916              1             no    2.23785e-08              0          4  1 
         0.1875         521933          0.00255225              1             no    2.14977e-08              0          4  1 
         0.1875         521988          0.00568899              1             no    2.20587e-08              0          4  1 
         0.1875         522384          0.00379916              1             no    2.32055e-08              0          4  1 
         0.1875         524393          0.00379916              1             no    2.21697e-08              0          4  1 
         0.1875         524432          0.00381864              1             no    2.04814e-08              0          4  1 
         0.1875         524460          0.00508503              1             no    2.58079e-08              0          4  1 
         0.1875         524461          0.00381864              1             no    2.18106e-08              0          4  1 
         0.1875         524504          0.00255225              1             no     2.4922e-08              0          4  1 
         0.1875         524510          0.00377967              1             no     2.5512e-08              0          4  1 
         0.1875         524599          0.00253277              1             no     2.1702e-08              0          4  1 
         0.1875         525066          0.00317571              1             no    2.22502e-08              0          4  1 
         0.1875         525321          0.00255225              1             no    2.24429e-08              0          4  1 
         0.1875         525583          0.00379916              1             no    2.06307e-08              0          4  1 
         0.1875         525679          0.00317571              1             no    2.23133e-08              0          4  1 
         0.1875         525816          0.00255225              1             no    2.22464e-08              0          4  1 
         0.1875         527479          0.00379916              1             no    2.27071e-08              0          4  1 
         0.1875         527544          0.00444209              1             no    2.19718e-08              0          4  1 
         0.1875         527753          0.00255225              1             no    2.71645e-08              0          4  1 
         0.1875         528275          0.00317571              1             no    2.21112e-08              0          4  1 
         0.1875         528435          0.00572796              1             no     2.1669e-08              0          4  1 
         0.1875         528531          0.00317571              1             no    2.36491e-08              0          4  1 
         0.1875         528713          0.00317571              1             no    2.40651e-08              0          4  1 
         0.1875         528781          0.00444209              1             no    2.24296e-08              0          4  1 
         0.1875         528847          0.00442261              1             no    2.15777e-08              0          4  1 
         0.1875         528955           0.0076178              1             no     2.1538e-08              0          4  1 
         0.1875         529114          0.00381864              1             no    2.64367e-08              0          4  1 
         0.1875         529390          0.00506554              1             no      2.192e-08              0          4  1 
         0.1875         529440          0.00255225              1             no    2.68004e-08              0          4  1 
         0.1875         530280          0.00377967              1             no     2.3223e-08              0          4  1 
         0.1875         530761          0.00379916              1             no    2.13281e-08              0          4  1 
         0.1875         530822          0.00317571              1             no    2.47336e-08              0          4  1 
         0.1875         531371          0.00442261              1             no    2.35731e-08              0          4  1 
         0.1875         531403          0.00572796              1             no    2.31951e-08              0          4  1 
         0.1875         531624          0.00506554              1             no    2.64345e-08              0          4  1 
         0.1875         532328          0.00317571              1             no    2.16996e-08              0          4  1 
         0.1875         532563          0.00381864              1             no    2.06508e-08              0          4  1 
         0.1875         532920          0.00506554              1             no    2.30306e-08              0          4  1 
         0.1875         532948          0.00255225              1             no    2.05953e-08              0          4  1 
         0.1875         533140          0.00317571              1             no    2.10534e-08              0          4  1 
         0.1875         533255          0.00637089              1             no    2.25273e-08              0          4  1 
         0.1875         533512          0.00572796              1             no    2.32655e-08              0          4  1 
         0.1875         533626          0.00570848              1             no    2.14965e-08              0          4  1 
         0.1875         534069          0.00255225              1             no     3.2726e-08              0          4  1 
         0.1875         534311          0.00444209              1             no    2.08396e-08              0          4  1 
         0.1875         534476          0.00379916              1             no    2.48954e-08              0          4  1 
         0.1875         534913          0.00697486              1             no    2.24409e-08              0          4  1 
         0.1875         535011          0.00506554              1             no    2.13799e-08              0          4  1 
         0.1875         535112          0.00255225              1             no    2.56777e-08              0          4  1 
         0.1875         535499          0.00444209              1             no    2.57117e-08              0          4  1 
         0.1875         535652          0.00568899              1             no    2.24566e-08              0          4  1 
         0.1875         535913          0.00506554              1             no    2.19353e-08              0          4  1 
         0.1875         536127          0.00444209              1             no    2.34076e-08              0          4  1 
         0.1875         536603          0.00635141              1             no    2.26208e-08              0          4  1 
         0.1875         536661          0.00315622              1             no    2.39062e-08              0          4  1 
         0.1875         536692          0.00317571              1             no    2.06895e-08              0          4  1 
         0.1875         537174          0.00381864              1             no    2.53782e-08              0          4  1 
         0.1875         537362          0.00253277              1             no    3.09002e-08              0          4  1 
         0.1875         538241          0.00255225              1             no    2.11826e-08              0          4  1 
         0.1875         538254          0.00446157              1             no    2.17544e-08              0          4  1 
         0.1875         538380          0.00697486              1             no    2.58603e-08              0          4  1 
         0.1875         538572          0.00253277              1             no    2.18902e-08              0          4  1 
         0.1875         538666          0.00253277              1             no    2.43793e-08              0          4  1 
         0.1875         538841          0.00379916              1             no    2.07252e-08              0          4  1 
         0.1875         539180          0.00633193              1             no    2.08413e-08              0          4  1 
         0.1875         539206          0.00317571              1             no    2.20408e-08              0          4  1 
         0.1875         539254          0.00379916              1             no    2.12303e-08              0          4  1 
         0.1875         539346          0.00570848              1             no    2.16593e-08              0          4  1 
         0.1875         539409          0.00253277              1             no    2.26766e-08              0          4  1 
         0.1875         539655          0.00255225              1             no    2.30578e-08              0          4  1 
         0.1875         539670          0.00888418              1             no    2.03311e-08              0          4  1 
         0.1875         539675          0.00379916              1             no    2.78569e-08              0          4  1 
         0.1875         539736          0.00317571              1             no    2.12131e-08              0          4  1 
         0.1875         539912          0.00508503              1             no    2.37716e-08              0          4  1 
         0.1875         540447          0.00635141              1             no    2.32419e-08              0          4  1 
         0.1875         541223          0.00317571              1             no    2.49949e-08              0          4  1 
         0.1875         542034          0.00570848              1             no    2.39122e-08       0.109215          4  1 
         0.1875         542164          0.00508503              1             no    2.16571e-08              0          4  1 
         0.1875         542393          0.00317571              1             no     2.4635e-08              0          4  1 
         0.1875         542564          0.00255225              1             no    2.57244e-08              0          4  1 
         0.1875         542804          0.00315622              1             no    2.53331e-08              0          4  1 
         0.1875         543069          0.00759831              1             no    2.31653e-08              0          4  1 
         0.1875         543458          0.00444209              1             no     2.2152e-08              0          4  1 
         0.1875         543612          0.00319519              1             no    2.33476e-08              0          4  1 
         0.1875         543849          0.00381864              1             no    2.41671e-08              0          4  1 
         0.1875         544044          0.00255225              1             no    2.35956e-08              0          4  1 
         0.1875         544059          0.00381864              1             no    3.96172e-08              0          4  1 
         0.1875         544078          0.00572796              1             no    2.26591e-08              0          4  1 
         0.1875         544427          0.00255225              1             no     2.2908e-08              0          4  1 
         0.1875         544866          0.00506554              1             no    2.19021e-08              0          4  1 
         0.1875         545063          0.00317571              1             no    2.25679e-08              0          4  1 
         0.1875         545127          0.00444209              1             no    2.22151e-08              0          4  1 
         0.1875         545232          0.00570848              1             no    2.32626e-08              0          4  1 
         0.1875         545429          0.00508503              1             no    2.32792e-08              0          4  1 
         0.1875         545572          0.00379916              1             no    2.06583e-08              0          4  1 
         0.1875         545574          0.00379916              1             no     2.3095e-08              0          4  1 
         0.1875         545659          0.00255225              1             no    2.27902e-08              0          4  1 
         0.1875         546002          0.00255225              1             no    2.57191e-08              0          4  1 
         0.1875         546085          0.00508503              1             no    2.39583e-08              0          4  1 
         0.1875         546518          0.00379916              1             no    2.19737e-08              0          4  1 
         0.1875         546852          0.00255225              1             no    2.32633e-08              0          4  1 
         0.1875         546876          0.00317571              1             no    2.60275e-08              0          4  1 
         0.1875         547297          0.00568899              1             no    2.32821e-08       0.109589          4  1 
         0.1875         547366          0.00570848              1             no    2.22698e-08              0          4  1 
         0.1875         548683          0.00572796              1             no    2.91962e-08       0.221088          4  1 
         0.1875         548832          0.00444209              1             no    2.07455e-08              0          4  1 
         0.1875         548840          0.00379916              1             no    2.39713e-08              0          4  1 
         0.1875         549139          0.00255225              1             no    2.38343e-08              0          4  1 
         0.1875         549191          0.00319519              1             no    2.26013e-08              0          4  1 
         0.1875         550288          0.00379916              1             no     2.0956e-08              0          4  1 
         0.1875         550724          0.00504606              1             no    2.30573e-08              0          4  1 
         0.1875         550978          0.00317571              1             no    2.10893e-08              0          4  1 
         0.1875         551033          0.00572796              1             no     2.1797e-08              0          4  1 
         0.1875         551441          0.00444209              1             no    2.25779e-08              0          4  1 
         0.1875         551724          0.00255225              1             no    2.61271e-08              0          4  1 
         0.1875         551912          0.00570848              1             no    2.12531e-08              0          4  1 
         0.1875         551975          0.00446157              1             no    2.39528e-08              0          4  1 
         0.1875         551985          0.00633193              1             no    2.47009e-08              0          4  1 
         0.1875         552411          0.00381864              1             no    2.13465e-08              0          4  1 
         0.1875         552587          0.00635141              1             no    2.22523e-08              0          4  1 
         0.1875         552853          0.00824125              1             no    2.14905e-08              0          4  1 
         0.1875         553019          0.00699435              1             no    2.17603e-08              0          4  1 
         0.1875         553258          0.00442261              1             no    2.41634e-08              0          4  1 
         0.1875         553428          0.00317571              1             no    2.57625e-08              0          4  1 
         0.1875         553505          0.00572796              1             no    2.44587e-08              0          4  1 
         0.1875         553539          0.00379916              1             no    2.28289e-08              0          4  1 
         0.1875         553793          0.00570848              1             no    2.37285e-08              0          4  1 
         0.1875         553853          0.00635141              1             no    2.64906e-08              0          4  1 
         0.1875         554354          0.00379916              1             no    2.32771e-08              0          4  1 
         0.1875         554715          0.00379916              1             no     2.2232e-08              0          4  1 
         0.1875         555035          0.00379916              1             no    2.32746e-08              0          4  1 
         0.1875         555057          0.00317571              1             no    2.21564e-08              0          4  1 
         0.1875         555369          0.00255225              1             no    2.03569e-08              0          4  1 
         0.1875         555519          0.00379916              1             no    2.09584e-08              0          4  1 
         0.1875         555532          0.00446157              1             no    2.55704e-08              0          4  1 
         0.1875         555661          0.00255225              1             no    2.56711e-08              0          4  1 
         0.1875         555923          0.00315622              1             no    2.28103e-08              0          4  1 
         0.1875         556195          0.00379916              1             no    2.37213e-08              0          4  1 
         0.1875         556311          0.00442261              1             no    2.53275e-08              0          4  1 
         0.1875         556557          0.00255225              1             no    2.51013e-08              0          4  1 
         0.1875         556939          0.00255225              1             no    2.30753e-08              0          4  1 
         0.1875         557229          0.00508503              1             no     2.2893e-08              0          4  1 
         0.1875         557347          0.00315622              1             no    2.28166e-08              0          4  1 
         0.1875         557413          0.00253277              1             no    2.32495e-08              0          4  1 
         0.1875         557588          0.00317571              1             no     2.2409e-08              0          4  1 
         0.1875         558126          0.00697486              1             no    2.39581e-08              0          4  1 
         0.1875         558166          0.00444209              1             no    2.49538e-08       0.140351          4  1 
         0.1875         558384          0.00699435              1             no    2.20322e-08              0          4  1 
         0.1875         558477          0.00379916              1             no    2.32234e-08              0          4  1 
         0.1875         558837          0.00442261              1             no    2.50522e-08              0          4  1 
         0.1875         558899          0.00826073              1             no    2.39968e-08              0          4  1 
         0.1875         558979          0.00442261              1             no    2.59888e-08              0          4  1 
         0.1875         559089          0.00570848              1             no    2.34739e-08              0          4  1 
         0.1875         559315          0.00315622              1             no    2.38135e-08              0          4  1 
         0.1875         560030          0.00508503              1             no    2.39347e-08              0          4  1 
         0.1875         560230          0.00763728              1             no    2.10122e-08              0          4  1 
         0.1875         560322          0.00572796              1             no    2.37834e-08              0          4  1 
         0.1875         560395          0.00381864              1             no    2.62243e-08              0          4  1 
         0.1875         560742          0.00317571              1             no     2.2085e-08              0          4  1 
         0.1875         560870          0.00255225              1             no    2.17022e-08              0          4  1 
         0.1875         562361          0.00506554              1             no    2.51762e-08              0          4  1 
         0.1875         562461          0.00508503              1             no    2.11951e-08              0          4  1 
         0.1875         562965          0.00317571              1             no    2.09965e-08              0          4  1 
         0.1875         563566          0.00637089              1             no    2.17981e-08              0          4  1 
         0.1875         564212          0.00255225              1             no    2.66529e-08              0          4  1 
         0.1875         564351          0.00255225              1             no    2.48705e-08              0          4  1 
         0.1875         564423          0.00253277              1             no    2.20681e-08              0          4  1 
         0.1875         565072          0.00253277              1             no    2.16004e-08              0          4  1 
         0.1875         565402          0.00442261              1             no    2.26673e-08              0          4  1 
         0.1875         565694          0.00253277              1             no    2.19885e-08              0          4  1 
         0.1875         567441          0.00255225              1             no     2.6055e-08              0          4  1 
         0.1875         567521          0.00379916              1             no    2.24972e-08              0          4  1 
         0.1875         567721          0.00633193              1             no    2.23763e-08              0          4  1 
         0.1875         567896          0.00890366              1             no    2.26344e-08              0          4  1 
         0.1875         567925          0.00381864              1             no    2.43403e-08              0          4  1 
         0.1875         568431          0.00377967              1             no    2.15422e-08              0          4  1 
         0.1875         568782          0.00442261              1             no    2.25032e-08              0          4  1 
         0.1875         568889          0.00570848              1             no    2.23539e-08              0          4  1 
         0.1875         570490          0.00444209              1             no    2.13635e-08              0          4  1 
         0.1875         570915          0.00697486              1             no     2.4747e-08              0          4  1 
         0.1875         570981          0.00379916              1             no    2.26284e-08              0          4  1 
         0.1875         571042           0.0076178              1             no    2.21493e-08              0          4  1 
         0.1875         571485          0.00446157              1             no    2.33105e-08              0          4  1 
         0.1875         571559          0.00444209              1             no    2.21275e-08              0          4  1 
         0.1875         571672          0.00572796              1             no    2.15144e-08              0          4  1 
         0.1875         571733          0.00377967              1             no    2.20737e-08              0          4  1 
         0.1875         571974          0.00699435              1             no    2.27839e-08              0          4  1 
         0.1875         572264          0.00317571              1             no    2.69813e-08              0          4  1 
         0.1875         572278          0.00381864              1             no    2.41528e-08              0          4  1 
         0.1875         572660          0.00379916              1             no     2.8331e-08              0          4  1 
         0.1875         572694          0.00379916              1             no    3.15385e-08              0          4  1 
         0.1875         572951          0.00444209              1             no    2.90108e-08              0          4  1 
         0.1875         572966          0.00570848              1             no    2.14694e-08              0          4  1 
         0.1875         573020          0.00504606              1             no    2.33737e-08              0          4  1 
         0.1875         573073          0.00635141              1             no    2.02842e-08              0          4  1 
         0.1875         574104          0.00381864              1             no    2.26795e-08              0          4  1 
         0.1875         574297          0.00381864              1             no    2.19335e-08              0          4  1 
         0.1875         574385          0.00442261              1             no    2.45762e-08              0          4  1 
         0.1875         574764          0.00381864              1             no    2.51591e-08              0          4  1 
         0.1875         574864          0.00568899              1             no    2.38397e-08              0          4  1 
         0.1875         575351          0.00699435              1             no    2.38765e-08              0          4  1 
         0.1875         575380          0.00379916              1             no    2.17061e-08              0          4  1 
         0.1875         575599          0.00255225              1             no    2.59602e-08              0          4  1 
         0.1875         576000          0.00635141              1             no    2.21375e-08              0          4  1 
         0.1875         576152          0.00317571              1             no    2.38997e-08              0          4  1 
         0.1875         576754          0.00699435              1             no    2.42458e-08              0          4  1 
         0.1875         577144          0.00317571              1             no    2.24847e-08              0          4  1 
         0.1875         577319          0.00635141              1             no    2.47988e-08              0          4  1 
         0.1875         577325           0.0101506              1             no    2.37482e-08        0.18618          4  1 
         0.1875         578095          0.00506554              1             no     2.1625e-08              0          4  1 
         0.1875         578233          0.00442261              1             no    2.10303e-08              0          4  1 
         0.1875         578883          0.00633193              1             no    2.16612e-08              0          4  1 
         0.1875         579073          0.00504606              1             no    2.22033e-08              0          4  1 
         0.1875         579128          0.00255225              1             no    2.30393e-08              0          4  1 
         0.1875         579220          0.00637089              1             no    2.09558e-08              0          4  1 
         0.1875         579354          0.00633193              1             no    2.34886e-08              0          4  1 
         0.1875         580103          0.00444209              1             no    2.16148e-08              0          4  1 
         0.1875         580220          0.00442261              1             no    2.33136e-08              0          4  1 
         0.1875         580846          0.00568899              1             no    2.12797e-08              0          4  1 
         0.1875         581088          0.00442261              1             no    2.77333e-08              0          4  1 
         0.1875         581123          0.00315622              1             no    2.01546e-08              0          4  1 
         0.1875         581418          0.00317571              1             no    2.21509e-08              0          4  1 
         0.1875         581711          0.00506554              1             no    2.22224e-08              0          4  1 
         0.1875         581778          0.00379916              1             no    2.63192e-08              0          4  1 
         0.1875         581992          0.00508503              1             no    2.30693e-08              0          4  1 
         0.1875         582085          0.00570848              1             no    2.53742e-08              0          4  1 
         0.1875         582134          0.00570848              1             no    2.27331e-08              0          4  1 
         0.1875         582218          0.00826073              1             no    2.16902e-08              0          4  1 
         0.1875         582653          0.00444209              1             no    2.26054e-08              0          4  1 
         0.1875         582946          0.00635141              1             no    2.48489e-08              0          4  1 
         0.1875         583192          0.00381864              1             no    2.15855e-08              0          4  1 
         0.1875         583470          0.00572796              1             no    2.54756e-08              0          4  1 
         0.1875         583555          0.00317571              1             no     2.4466e-08              0          4  1 
         0.1875         584093          0.00444209              1             no    2.10824e-08              0          4  1 
         0.1875         584114          0.00255225              1             no    2.19587e-08              0          4  1 
         0.1875         584573          0.00319519              1             no    2.45004e-08              0          4  1 
         0.1875         584601          0.00315622              1             no    2.38326e-08              0          4  1 
         0.1875         584977          0.00442261              1             no    2.48356e-08              0          4  1 
         0.1875         586273          0.00379916              1             no    2.16395e-08              0          4  1 
         0.1875         586705          0.00317571              1             no     2.2297e-08              0          4  1 
         0.1875         586753          0.00572796              1             no     2.4085e-08              0          4  1 
         0.1875         587185          0.00444209              1             no    2.49718e-08              0          4  1 
         0.1875         587289          0.00255225              1             no    2.12455e-08              0          4  1 
         0.1875         588466          0.00379916              1             no    2.16571e-08              0          4  1 
         0.1875         588871          0.00379916              1             no    2.66888e-08              0          4  1 
         0.1875         589131          0.00253277              1             no    2.11547e-08              0          4  1 
         0.1875         589150          0.00379916              1             no     2.3131e-08              0          4  1 
         0.1875         589195          0.00442261              1             no    2.26398e-08              0          4  1 
         0.1875         589301          0.00255225              1             no    2.29493e-08              0          4  1 
         0.1875         589337          0.00255225              1             no    2.26031e-08              0          4  1 
         0.1875         589817          0.00568899              1             no    2.27997e-08       0.109589          4  1 
         0.1875         590175          0.00572796              1             no    2.54343e-08              0          4  1 
         0.1875         590331          0.00572796              1             no    2.15684e-08              0          4  1 
         0.1875         590505          0.00377967              1             no    2.28039e-08              0          4  1 
         0.1875         590562          0.00255225              1             no    2.31678e-08              0          4  1 
         0.1875         590652          0.00508503              1             no    2.24594e-08              0          4  1 
         0.1875         591286          0.00637089              1             no    2.16842e-08              0          4  1 
         0.1875         591388          0.00890366              1             no    2.38196e-08              0          4  1 
         0.1875         591432          0.00637089              1             no    2.34075e-08              0          4  1 
         0.1875         591629          0.00255225              1             no    2.26194e-08              0          4  1 
         0.1875         592156          0.00253277              1             no    2.60265e-08              0          4  1 
         0.1875         592556          0.00572796              1             no     2.6236e-08              0          4  1 
         0.1875         592909          0.00379916              1             no    2.31793e-08              0          4  1 
         0.1875         592929          0.00319519              1             no    2.38814e-08              0          4  1 
         0.1875         593024          0.00315622              1             no     2.3373e-08              0          4  1 
         0.1875         593117          0.00570848              1             no    2.30372e-08              0          4  1 
         0.1875         593243          0.00317571              1             no    2.14165e-08              0          4  1 
         0.1875         593783          0.00442261              1             no    2.21203e-08              0          4  1 
         0.1875         594149          0.00317571              1             no    2.28253e-08              0          4  1 
         0.1875         594170          0.00444209              1             no    2.33226e-08              0          4  1 
         0.1875         594259          0.00317571              1             no    2.07452e-08              0          4  1 
         0.1875         594317          0.00317571              1             no      2.794e-08              0          4  1 
         0.1875         594478          0.00697486              1             no    2.05752e-08              0          4  1 
         0.1875         594657          0.00317571              1             no    2.14925e-08              0          4  1 
         0.1875         594818          0.00444209              1             no    2.32813e-08              0          4  1 
         0.1875         595496           0.0076178              1             no    2.34464e-08              0          4  1 
         0.1875         595898          0.00442261              1             no    2.20715e-08              0          4  1 
         0.1875         596692          0.00317571              1             no    2.52547e-08              0          4  1 
         0.1875         596710          0.00319519              1             no    2.30262e-08              0          4  1 
         0.1875         596799          0.00695538              1             no    2.13161e-08              0          4  1 
         0.1875         597556          0.00379916              1             no    2.25225e-08              0          4  1 
         0.1875         598502          0.00381864              1             no    2.47832e-08              0          4  1 
         0.1875         598840          0.00697486              1             no    2.80996e-08              0          4  1 
         0.1875         598882          0.00317571              1             no    2.66031e-08              0          4  1 
         0.1875         598943           0.0076178              1             no     2.1968e-08              0          4  1 
         0.1875         599006          0.00319519              1             no     2.4584e-08              0          4  1 
         0.1875         599038          0.00570848              1             no    2.44176e-08              0          4  1 
         0.1875         599409          0.00444209              1             no    2.19289e-08              0          4  1 
         0.1875         599860          0.00506554              1             no    2.25881e-08              0          4  1 
         0.1875         599863          0.00317571              1             no    2.10579e-08              0          4  1 
         0.1875         600036          0.00572796              1             no    2.28606e-08              0          4  1 
         0.1875         600205          0.00444209              1             no    2.11004e-08              0          4  1 
         0.1875         600341          0.00317571              1             no    2.40951e-08              0          4  1 
         0.1875         600347          0.00633193              1             no    2.06378e-08              0          4  1 
         0.1875         600797          0.00317571              1             no    2.24138e-08              0          4  1 
         0.1875         600850           0.0076178              1             no    2.59067e-08      0.0818414          4  1 
         0.1875         600939          0.00826073              1             no    2.50157e-08              0          4  1 
         0.1875         601093          0.00379916              1             no    2.28356e-08              0          4  1 
         0.1875         601095          0.00255225              1             no    2.22828e-08              0          4  1 
         0.1875         601335          0.00444209              1             no     2.2898e-08              0          4  1 
         0.1875         601344          0.00570848              1             no    2.32561e-08              0          4  1 
         0.1875         601377          0.00699435              1             no    2.09639e-08              0          4  1 
         0.1875         601379          0.00699435              1             no    2.13254e-08              0          4  1 
         0.1875         601478          0.00574744              1             no    2.22785e-08              0          4  1 
         0.1875         601697          0.00315622              1             no    2.05998e-08              0          4  1 
         0.1875         602035          0.00506554              1             no    2.16392e-08              0          4  1 
         0.1875         602356          0.00568899              1             no    2.32058e-08              0          4  1 
         0.1875         602461          0.00317571              1             no    2.53965e-08              0          4  1 
         0.1875         602613          0.00253277              1             no    2.08675e-08              0          4  1 
         0.1875         602693          0.00381864              1             no    2.22868e-08              0          4  1 
         0.1875         602745          0.00508503              1             no    2.34471e-08              0          4  1 
         0.1875         603946          0.00444209              1             no    2.26734e-08              0          4  1 
         0.1875         604100          0.00826073              1             no     2.2214e-08              0          4  1 
         0.1875         604215          0.00508503              1             no    2.62638e-08              0          4  1 
         0.1875         605362          0.00255225              1             no    2.47618e-08              0          4  1 
         0.1875         605401          0.00446157              1             no    2.47508e-08              0          4  1 
         0.1875         605684          0.00381864              1             no    2.22555e-08              0          4  1 
         0.1875         605876          0.00440313              1             no    2.16867e-08              0          4  1 
         0.1875         606108          0.00570848              1             no    2.12344e-08              0          4  1 
         0.1875         606457          0.00570848              1             no    2.26268e-08              0          4  1 
         0.1875         606864          0.00633193              1             no    2.15042e-08              0          4  1 
         0.1875         607130          0.00442261              1             no    2.59342e-08              0          4  1 
         0.1875         607268          0.00255225              1             no    2.86675e-08              0          4  1 
         0.1875         607807          0.00635141              1             no    2.29564e-08              0          4  1 
         0.1875         608353          0.00381864              1             no    2.19194e-08              0          4  1 
         0.1875         608408          0.00759831              1             no    2.37307e-08              0          4  1 
         0.1875         608580          0.00444209              1             no    2.35635e-08              0          4  1 
         0.1875         608811          0.00255225              1             no    2.88231e-08              0          4  1 
         0.1875         608985          0.00317571              1             no    2.89087e-08              0          4  1 
         0.1875         609124          0.00442261              1             no     2.5367e-08              0          4  1 
         0.1875         609241          0.00442261              1             no    2.50617e-08              0          4  1 
         0.1875         609448          0.00381864              1             no    2.51023e-08              0          4  1 
         0.1875         609477           0.0101311              1             no    2.27795e-08              0          4  1 
         0.1875         609904          0.00633193              1             no    2.23725e-08              0          4  1 
         0.1875         610952          0.00255225              1             no    2.90997e-08              0          4  1 
         0.1875         611444          0.00255225              1             no    2.10255e-08              0          4  1 
         0.1875         611560          0.00255225              1             no     2.1775e-08              0          4  1 
         0.1875         611657          0.00570848              1             no    2.22943e-08              0          4  1 
         0.1875         612823          0.00317571              1             no     2.4389e-08              0          4  1 
         0.1875         613110          0.00317571              1             no    2.42778e-08              0          4  1 
         0.1875         613435          0.00253277              1             no    2.18468e-08              0          4  1 
         0.1875         613906          0.00442261              1             no    2.09291e-08              0          4  1 
         0.1875         613972          0.00508503              1             no    2.14129e-08              0          4  1 
         0.1875         614104          0.00255225              1             no    2.21213e-08              0          4  1 
         0.1875         615250          0.00255225              1             no    2.32627e-08              0          4  1 
         0.1875         615618          0.00510451              1             no    2.17783e-08              0          4  1 
         0.1875         617611          0.00508503              1             no    2.20112e-08              0          4  1 
         0.1875         617737          0.00315622              1             no    2.28674e-08              0          4  1 
         0.1875         617829          0.00446157              1             no    2.24839e-08              0          4  1 
         0.1875         617834          0.00444209              1             no    2.38435e-08              0          4  1 
         0.1875         617872          0.00508503              1             no    2.52743e-08              0          4  1 
         0.1875         618224          0.00253277              1             no    3.09422e-08              0          4  1 
         0.1875         618232          0.00444209              1             no    2.73088e-08              0          4  1 
         0.1875         618603          0.00255225              1             no    2.69547e-08              0          4  1 
         0.1875         618959          0.00381864              1             no     2.6852e-08              0          4  1 
         0.1875         619251          0.00379916              1             no    2.42065e-08              0          4  1 
         0.1875         619315          0.00442261              1             no    2.07816e-08              0          4  1 
         0.1875         620080           0.0101701              1             no    2.16693e-08              0          4  1 
         0.1875         620215          0.00444209              1             no    2.56094e-08              0          4  1 
         0.1875         620651          0.00317571              1             no    2.32704e-08              0          4  1 
         0.1875         620803          0.00508503              1             no    2.51499e-08              0          4  1 
         0.1875         620821          0.00444209              1             no    2.14327e-08              0          4  1 
         0.1875         620827          0.00757883              1             no    2.34113e-08              0          4  1 
         0.1875         620896          0.00253277              1             no     2.3441e-08              0          4  1 
         0.1875         621326          0.00506554              1             no    2.06085e-08              0          4  1 
         0.1875         621418          0.00317571              1             no    2.11232e-08              0          4  1 
         0.1875         621918          0.00506554              1             no    2.08637e-08              0          4  1 
         0.1875         622116          0.00379916              1             no    2.17433e-08              0          4  1 
         0.1875         622522          0.00379916              1             no    2.37046e-08              0          4  1 
         0.1875         622684          0.00506554              1             no    2.34012e-08              0          4  1 
         0.1875         622772          0.00315622              1             no    2.66768e-08              0          4  1 
         0.1875         623093          0.00506554              1             no    2.22142e-08              0          4  1 
         0.1875         623191           0.0076178              1             no    2.16178e-08              0          4  1 
         0.1875         623225          0.00444209              1             no    2.39425e-08              0          4  1 
         0.1875         623554          0.00444209              1             no     2.1715e-08              0          4  1 
         0.1875         624043          0.00506554              1             no    2.10656e-08              0          4  1 
         0.1875         624865          0.00510451              1             no    2.47442e-08              0          4  1 
         0.1875         624944          0.00570848              1             no    2.10164e-08              0          4  1 
         0.1875         625044          0.00824125              1             no    2.35349e-08              0          4  1 
         0.1875         625053          0.00317571              1             no    2.10645e-08              0          4  1 
         0.1875         626431          0.00255225              1             no    2.36165e-08              0          4  1 
         0.1875         626578          0.00699435              1             no    2.31754e-08              0          4  1 
         0.1875         627778          0.00379916              1             no     2.3975e-08              0          4  1 
         0.1875         627801          0.00442261              1             no    2.05668e-08              0          4  1 
         0.1875         627867          0.00442261              1             no    2.54933e-08              0          4  1 
         0.1875         627871          0.00442261              1             no      2.169e-08              0          4  1 
         0.1875         628093          0.00255225              1             no     2.1744e-08              0          4  1 
         0.1875         628850          0.00759831              1             no    2.18423e-08      0.0820513          4  1 
         0.1875         629197          0.00255225              1             no    2.79594e-08              0          4  1 
         0.1875         629241          0.00317571              1             no    2.16421e-08              0          4  1 
         0.1875         629400          0.00317571              1             no    2.20014e-08              0          4  1 
         0.1875         629407          0.00572796              1             no    2.14051e-08              0          4  1 
         0.1875         629494          0.00506554              1             no    2.31699e-08              0          4  1 
         0.1875         629544          0.00319519              1             no    2.24934e-08              0          4  1 
         0.1875         629801          0.00633193              1             no    2.02294e-08              0          4  1 
         0.1875         629842          0.00255225              1             no    2.16181e-08              0          4  1 
         0.1875         630306          0.00570848              1             no    2.71438e-08              0          4  1 
         0.1875         630327          0.00510451              1             no    2.74022e-08              0          4  1 
         0.1875         630817          0.00572796              1             no    2.52106e-08              0          4  1 
         0.1875         631612          0.00253277              1             no    2.22961e-08              0          4  1 
         0.1875         632121          0.00381864              1             no    2.45734e-08              0          4  1 
         0.1875         632261          0.00508503              1             no    2.73676e-08              0          4  1 
         0.1875         632402          0.00317571              1             no    2.10404e-08              0          4  1 
         0.1875         632454          0.00570848              1             no    2.29664e-08              0          4  1 
         0.1875         632531          0.00570848              1             no    2.07497e-08              0          4  1 
         0.1875         632702          0.00255225              1             no    3.02753e-08              0          4  1 
         0.1875         633948          0.00699435              1             no    2.36542e-08              0          4  1 
         0.1875         634075          0.00442261              1             no    2.03813e-08              0          4  1 
         0.1875         634290          0.00568899              1             no    2.22633e-08              0          4  1 
         0.1875         634672          0.00379916              1             no    2.64791e-08              0          4  1 
         0.1875         634834          0.00568899              1             no    2.38695e-08              0          4  1 
         0.1875         635500          0.00568899              1             no    2.12556e-08              0          4  1 
         0.1875         635832          0.00442261              1             no    2.49355e-08              0          4  1 
         0.1875         636235          0.00317571              1             no    2.37754e-08              0          4  1 
         0.1875         636505          0.00446157              1             no    2.04781e-08              0          4  1 
         0.1875         636681          0.00568899              1             no     2.0953e-08              0          4  1 
         0.1875         636817          0.00508503              1             no    2.54248e-08              0          4  1 
         0.1875         637520          0.00635141              1             no    2.07059e-08              0          4  1 
         0.1875         637779          0.00381864              1             no    2.27897e-08              0          4  1 
         0.1875         638046          0.00381864              1             no    2.32722e-08              0          4  1 
         0.1875         638084          0.00633193              1             no     2.0623e-08              0          4  1 
         0.1875         638186          0.00379916              1             no     2.4136e-08              0          4  1 
         0.1875         639370          0.00508503              1             no    3.26429e-08              0          4  1 
         0.1875         639744          0.00633193              1             no    2.29146e-08              0          4  1 
         0.1875         640198          0.00699435              1             no    2.04605e-08              0          4  1 
         0.1875         640694          0.00255225              1             no    2.98536e-08              0          4  1 
         0.1875         641202          0.00377967              1             no    2.29208e-08              0          4  1 
         0.1875         642002          0.00570848              1             no    2.45686e-08              0          4  1 
         0.1875         642326          0.00381864              1             no    2.09433e-08              0          4  1 
         0.1875         642444          0.00444209              1             no    2.33953e-08              0          4  1 
         0.1875         642526          0.00763728              1             no    2.19228e-08              0          4  1 
         0.1875         642955          0.00442261              1             no    2.38927e-08              0          4  1 
         0.1875         643049          0.00444209              1             no    2.30567e-08              0          4  1 
         0.1875         643123          0.00255225              1             no    3.12815e-08              0          4  1 
         0.1875         643488          0.00826073              1             no    2.39283e-08              0          4  1 
         0.1875         643663          0.00572796              1             no    2.14517e-08              0          4  1 
         0.1875         643814          0.00950763              1             no    2.14394e-08       0.467213          4  1 
         0.1875         643941          0.00255225              1             no    2.37664e-08              0          4  1 
         0.1875         644183          0.00635141              1             no    2.52455e-08              0          4  1 
         0.1875         644743          0.00317571              1             no    2.29088e-08              0          4  1 
         0.1875         645271          0.00697486              1             no    2.20275e-08              0          4  1 
         0.1875         645597          0.00317571              1             no    2.45475e-08              0          4  1 
         0.1875         645667          0.00442261              1             no    2.55552e-08              0          4  1 
         0.1875         646082          0.00317571              1             no    2.34983e-08              0          4  1 
         0.1875         646165          0.00255225              1             no    2.11946e-08              0          4  1 
         0.1875         646289          0.00379916              1             no    2.37516e-08              0          4  1 
         0.1875         646626          0.00763728              1             no    2.36651e-08              0          4  1 
         0.1875         646720          0.00446157              1             no    2.27431e-08              0          4  1 
         0.1875         647082          0.00317571              1             no    2.28745e-08              0          4  1 
         0.1875         647187          0.00381864              1             no    2.26933e-08              0          4  1 
         0.1875         647834          0.00508503              1             no    2.45736e-08              0          4  1 
         0.1875         648087          0.00504606              1             no    2.34458e-08              0          4  1 
         0.1875         648227          0.00255225              1             no    2.20577e-08              0          4  1 
         0.1875         648400          0.00570848              1             no    2.29818e-08              0          4  1 
         0.1875         648800          0.00508503              1             no     2.2498e-08              0          4  1 
         0.1875         648914          0.00317571              1             no    2.26321e-08              0          4  1 
         0.1875         648953          0.00255225              1             no    2.09791e-08              0          4  1 
         0.1875         649120          0.00379916              1             no    2.11886e-08              0          4  1 
         0.1875         649556          0.00510451              1             no    2.36008e-08              0          4  1 
         0.1875         649652          0.00315622              1             no    2.25836e-08              0          4  1 
         0.1875         649696          0.00253277              1             no    2.29734e-08              0          4  1 
         0.1875         649718          0.00568899              1             no    2.23362e-08              0          4  1 
         0.1875         650028          0.00446157              1             no     2.3528e-08              0          4  1 
         0.1875         650051          0.00255225              1             no    2.10363e-08              0          4  1 
         0.1875         651276          0.00952712              1             no    2.18116e-08              0          4  1 
         0.1875         651520          0.00506554              1             no    2.22306e-08              0          4  1 
         0.1875         652898          0.00379916              1             no    2.24109e-08              0          4  1 
         0.1875         653220          0.00633193              1             no    2.41153e-08              0          4  1 
         0.1875         653320          0.00572796              1             no    2.19994e-08              0          4  1 
         0.1875         654163          0.00317571              1             no    2.64514e-08              0          4  1 
         0.1875         654265          0.00381864              1             no    2.18639e-08              0          4  1 
         0.1875         655307          0.00570848              1             no    2.24809e-08              0          4  1 
         0.1875         655554           0.0095466              1             no    2.21295e-08              0          4  1 
         0.1875         655947          0.00442261              1             no    2.30044e-08              0          4  1 
         0.1875         656126          0.00508503              1             no      2.238e-08              0          4  1 
         0.1875         656316          0.00759831              1             no    2.23208e-08              0          4  1 
         0.1875         656393          0.00317571              1             no     2.4008e-08              0          4  1 
         0.1875         656784          0.00255225              1             no    2.13059e-08              0          4  1 
         0.1875         656803          0.00444209              1             no    2.44861e-08              0          4  1 
         0.1875         656935          0.00446157              1             no    2.48448e-08              0          4  1 
         0.1875         657207          0.00699435              1             no     2.3492e-08              0          4  1 
         0.1875         657525          0.00697486              1             no    2.38299e-08              0          4  1 
         0.1875         657569          0.00444209              1             no      2.357e-08              0          4  1 
         0.1875         658332          0.00570848              1             no    2.17994e-08              0          4  1 
         0.1875         658655          0.00379916              1             no    2.18124e-08              0          4  1 
         0.1875         658721          0.00381864              1             no    2.23397e-08              0          4  1 
         0.1875         659517          0.00440313              1             no    2.21493e-08              0          4  1 
         0.1875         660111          0.00381864              1             no    2.62601e-08              0          4  1 
         0.1875         660229          0.00315622              1             no    2.37133e-08              0          4  1 
         0.1875         660597          0.00317571              1             no    2.33433e-08              0          4  1 
         0.1875         660743          0.00381864              1             no    2.19672e-08              0          4  1 
         0.1875         660956          0.00508503              1             no    2.22099e-08              0          4  1 
         0.1875         662055          0.00255225              1             no    2.22244e-08              0          4  1 
         0.1875         662068          0.00317571              1             no    2.36055e-08              0          4  1 
         0.1875         662074          0.00444209              1             no    2.20924e-08              0          4  1 
         0.1875         662544          0.00255225              1             no    2.18881e-08              0          4  1 
         0.1875         662759          0.00379916              1             no    2.25648e-08              0          4  1 
         0.1875         662790          0.00317571              1             no    2.39705e-08              0          4  1 
         0.1875         662926          0.00255225              1             no    2.71481e-08              0          4  1 
         0.1875         663560          0.00315622              1             no    2.15532e-08              0          4  1 
         0.1875         663740          0.00506554              1             no    2.83442e-08              0          4  1 
         0.1875         663951          0.00442261              1             no    2.26986e-08              0          4  1 
         0.1875         664889          0.00381864              1             no    2.34341e-08              0          4  1 
         0.1875         665191          0.00377967              1             no    2.51406e-08              0          4  1 
         0.1875         665417          0.00317571              1             no    2.28114e-08              0          4  1 
         0.1875         665433          0.00379916              1             no    2.26182e-08              0          4  1 
         0.1875         665565          0.00315622              1             no    2.33781e-08              0          4  1 
         0.1875         666074          0.00506554              1             no    2.59925e-08              0          4  1 
         0.1875         666614          0.00506554              1             no    2.14314e-08              0          4  1 
         0.1875         666678          0.00317571              1             no    2.29755e-08              0          4  1 
         0.1875         667084           0.0076178              1             no    2.33479e-08       0.335038          4  1 
         0.1875         667755          0.00253277              1             no    2.35465e-08              0          4  1 
         0.1875         667968          0.00444209              1             no    2.12015e-08              0          4  1 
         0.1875         668067          0.00444209              1             no    2.29556e-08              0          4  1 
         0.1875         668143          0.00444209              1             no    2.35668e-08              0          4  1 
         0.1875         668337          0.00701383              1             no    2.21554e-08              0          4  1 
         0.1875         668468          0.00317571              1             no    2.29285e-08              0          4  1 
         0.1875         668741          0.00255225              1             no    2.19101e-08              0          4  1 
         0.1875         669111          0.00570848              1             no    2.39979e-08              0          4  1 
         0.1875         669411          0.00508503              1             no       2.99e-08              0          4  1 
         0.1875         669419          0.00255225              1             no    2.19553e-08              0          4  1 
         0.1875         669558           0.0076178              1             no    2.35366e-08              0          4  1 
         0.1875         670138          0.00317571              1             no    2.30287e-08              0          4  1 
         0.1875         670615          0.00255225              1             no    2.47031e-08              0          4  1 
         0.1875         670838          0.00442261              1             no    2.36569e-08              0          4  1 
         0.1875         671338          0.00506554              1             no    2.24531e-08              0          4  1 
         0.1875         671448          0.00381864              1             no    2.30285e-08              0          4  1 
         0.1875         671936          0.00446157              1             no    2.05664e-08              0          4  1 
         0.1875         672133          0.00444209              1             no    2.33747e-08              0          4  1 
         0.1875         672217          0.00317571              1             no    2.22326e-08              0          4  1 
         0.1875         673243          0.00317571              1             no    2.32908e-08              0          4  1 
         0.1875         673559          0.00315622              1             no    2.49853e-08              0          4  1 
         0.1875         673616          0.00508503              1             no    2.36308e-08              0          4  1 
         0.1875         673738          0.00255225              1             no    2.21054e-08              0          4  1 
         0.1875         673827          0.00379916              1             no    2.27526e-08              0          4  1 
         0.1875         673988          0.00633193              1             no    2.43691e-08              0          4  1 
         0.1875         674091          0.00253277              1             no    2.18394e-08              0          4  1 
         0.1875         674149          0.00444209              1             no    2.22754e-08              0          4  1 
         0.1875         674432          0.00633193              1             no     2.3597e-08              0          4  1 
         0.1875         674892          0.00315622              1             no      2.192e-08              0          4  1 
         0.1875         675329          0.00253277              1             no    2.26004e-08              0          4  1 
         0.1875         675362          0.00317571              1             no    2.24025e-08              0          4  1 
         0.1875         675421          0.00381864              1             no    2.36588e-08              0          4  1 
         0.1875         675455          0.00570848              1             no     2.2609e-08              0          4  1 
         0.1875         675474          0.00255225              1             no    2.69383e-08              0          4  1 
         0.1875         675519          0.00508503              1             no    2.21238e-08              0          4  1 
         0.1875         675560          0.00504606              1             no    2.19179e-08              0          4  1 
         0.1875         676128          0.00572796              1             no    2.40919e-08              0          4  1 
         0.1875         676246          0.00444209              1             no    2.38313e-08              0          4  1 
         0.1875         676382          0.00381864              1             no    2.81756e-08              0          4  1 
         0.1875         676938          0.00317571              1             no    2.29074e-08              0          4  1 
         0.1875         677127          0.00255225              1             no     2.0476e-08              0          4  1 
         0.1875         678233          0.00568899              1             no    2.46916e-08              0          4  1 
         0.1875         678317          0.00315622              1             no    2.24383e-08              0          4  1 
         0.1875         678324          0.00381864              1             no    2.07533e-08              0          4  1 
         0.1875         678410          0.00508503              1             no    2.23709e-08              0          4  1 
         0.1875         678979          0.00695538              1             no    2.71643e-08              0          4  1 
         0.1875         679021          0.00317571              1             no    2.11468e-08              0          4  1 
         0.1875         679292          0.00253277              1             no    2.09758e-08              0          4  1 
         0.1875         679725          0.00508503              1             no    2.11662e-08              0          4  1 
         0.1875         680241          0.00508503              1             no    2.36378e-08              0          4  1 
         0.1875         680352          0.00699435              1             no    2.20222e-08              0          4  1 
         0.1875         680551          0.00317571              1             no    2.80109e-08              0          4  1 
         0.1875         681467          0.00377967              1             no    2.23929e-08              0          4  1 
         0.1875         681566          0.00635141              1             no    2.74854e-08              0          4  1 
         0.1875         681856          0.00379916              1             no    2.19208e-08              0          4  1 
         0.1875         682403          0.00444209              1             no    2.13183e-08              0          4  1 
         0.1875         682755          0.00444209              1             no    2.39605e-08              0          4  1 
         0.1875         682920          0.00952712              1             no      2.506e-08              0          4  1 
         0.1875         683548          0.00317571              1             no    2.38867e-08              0          4  1 
         0.1875         683832          0.00888418              1             no    2.09244e-08              0          4  1 
         0.1875         683891          0.00255225              1             no    2.50904e-08              0          4  1 
         0.1875         684711          0.00572796              1             no    2.15542e-08              0          4  1 
         0.1875         684942          0.00317571              1             no    2.21161e-08              0          4  1 
         0.1875         684960          0.00379916              1             no    3.19565e-08              0          4  1 
         0.1875         686214          0.00570848              1             no     2.4439e-08              0          4  1 
         0.1875         686302          0.00633193              1             no    2.26905e-08              0          4  1 
         0.1875         686406          0.00379916              1             no     2.1284e-08              0          4  1 
         0.1875         686455          0.00317571              1             no    2.14195e-08              0          4  1 
         0.1875         686526          0.00381864              1             no    2.31749e-08              0          4  1 
         0.1875         686958          0.00379916              1             no    2.20554e-08              0          4  1 
         0.1875         687157          0.00763728              1             no    2.33623e-08              0          4  1 
         0.1875         687244          0.00444209              1             no    3.14575e-08              0          4  1 
         0.1875         688291          0.00381864              1             no    2.44216e-08              0          4  1 
         0.1875         688439          0.00697486              1             no    2.31416e-08              0          4  1 
         0.1875         688816          0.00444209              1             no    2.29549e-08              0          4  1 
         0.1875         689362          0.00572796              1             no    2.32344e-08              0          4  1 
         0.1875         689900          0.00572796              1             no    2.33557e-08              0          4  1 
         0.1875         690163          0.00315622              1             no    2.11894e-08              0          4  1 
         0.1875         690370          0.00253277              1             no    3.49843e-08              0          4  1 
         0.1875         690547          0.00379916              1             no    2.66412e-08              0          4  1 
         0.1875         691549          0.00444209              1             no    2.18905e-08              0          4  1 
         0.1875         691851          0.00253277              1             no    2.33539e-08              0          4  1 
         0.1875         691896          0.00319519              1             no    2.70657e-08              0          4  1 
         0.1875         691990          0.00759831              1             no    2.11658e-08              0          4  1 
         0.1875         692146          0.00379916              1             no    2.54063e-08              0          4  1 
         0.1875         692431          0.00504606              1             no    2.41191e-08              0          4  1 
         0.1875         692550          0.00888418              1             no     2.0808e-08              0          4  1 
         0.1875         692681           0.0076178              1             no    2.13756e-08              0          4  1 
         0.1875         692968          0.00317571              1             no    2.30918e-08              0          4  1 
         0.1875         692992          0.00255225              1             no    2.28901e-08              0          4  1 
         0.1875         693027          0.00635141              1             no    2.17728e-08              0          4  1 
         0.1875         693166          0.00315622              1             no    2.14774e-08              0          4  1 
         0.1875         693389          0.00381864              1             no    2.26884e-08              0          4  1 
         0.1875         693511          0.00255225              1             no    2.14378e-08              0          4  1 
         0.1875         693536          0.00315622              1             no    2.43111e-08              0          4  1 
         0.1875         693874          0.00446157              1             no    2.17451e-08              0          4  1 
         0.1875         693952          0.00570848              1             no    2.16469e-08              0          4  1 
         0.1875         693964          0.00255225              1             no    2.51974e-08              0          4  1 
         0.1875         694362          0.00317571              1             no    2.26102e-08              0          4  1 
         0.1875         694687          0.00701383              1             no     2.5545e-08              0          4  1 
         0.1875         695103          0.00379916              1             no    2.38253e-08              0          4  1 
         0.1875         695326          0.00253277              1             no    2.14381e-08              0          4  1 
         0.1875         696367          0.00253277              1             no    2.17768e-08              0          4  1 
         0.1875         696549          0.00379916              1             no    2.26411e-08              0          4  1 
         0.1875         697494          0.00253277              1             no     2.3708e-08              0          4  1 
         0.1875         697675          0.00506554              1             no     2.5814e-08              0          4  1 
         0.1875         697867          0.00506554              1             no    2.33577e-08           0.25          4  1 
         0.1875         698493          0.00446157              1             no     2.6396e-08              0          4  1 
         0.1875         698712          0.00253277              1             no    2.35225e-08              0          4  1 
         0.1875         698987          0.00381864              1             no    2.14826e-08              0          4  1 
         0.1875         699021          0.00255225              1             no    2.30082e-08              0          4  1 
         0.1875         699229          0.00635141              1             no    2.59734e-08              0          4  1 
         0.1875         700181          0.00381864              1             no    3.00325e-08              0          4  1 
         0.1875         700251          0.00255225              1             no    2.16249e-08              0          4  1 
         0.1875         700798           0.0076178              1             no    2.37727e-08              0          4  1 
         0.1875         700830          0.00444209              1             no    2.57804e-08              0          4  1 
         0.1875         701303          0.00381864              1             no    2.14286e-08              0          4  1 
         0.1875         701561          0.00442261              1             no    2.66804e-08              0          4  1 
         0.1875         701847          0.00508503              1             no    2.37217e-08              0          4  1 
         0.1875         701958          0.00317571              1             no    2.36185e-08              0          4  1 
         0.1875         702246          0.00381864              1             no    2.11937e-08              0          4  1 
         0.1875         702572          0.00504606              1             no    2.71131e-08              0          4  1 
         0.1875         702921          0.00253277              1             no    2.21478e-08              0          4  1 
         0.1875         703083          0.00635141              1             no    2.59786e-08              0          4  1 
         0.1875         703146          0.00317571              1             no    2.39013e-08              0          4  1 
         0.1875         703337          0.00444209              1             no    2.45033e-08              0          4  1 
         0.1875         704055          0.00377967              1             no    2.24944e-08              0          4  1 
         0.1875         704252          0.00508503              1             no    2.31254e-08              0          4  1 
         0.1875         704514          0.00444209              1             no    2.10201e-08              0          4  1 
         0.1875         704591          0.00255225              1             no    2.34616e-08              0          4  1 
         0.1875         705059          0.00506554              1             no    2.35483e-08              0          4  1 
         0.1875         705169          0.00381864              1             no    2.15681e-08              0          4  1 
         0.1875         705699          0.00697486              1             no    2.19096e-08              0          4  1 
         0.1875         706192          0.00381864              1             no    2.23537e-08              0          4  1 
         0.1875         706258          0.00635141              1             no    2.17273e-08              0          4  1 
         0.1875         706259          0.00253277              1             no      2.819e-08              0          4  1 
         0.1875         706289          0.00317571              1             no    2.11385e-08              0          4  1 
         0.1875         706358          0.00444209              1             no     2.1844e-08              0          4  1 
         0.1875         707045          0.00444209              1             no    2.16726e-08              0          4  1 
         0.1875         707393          0.00255225              1             no    2.15184e-08              0          4  1 
         0.1875         707652          0.00506554              1             no    2.38857e-08              0          4  1 
         0.1875         707903          0.00381864              1             no    2.21896e-08              0          4  1 
         0.1875         708211          0.00255225              1             no    2.26049e-08              0          4  1 
         0.1875         708334          0.00317571              1             no     2.1127e-08              0          4  1 
         0.1875         709288          0.00315622              1             no    2.13576e-08              0          4  1 
         0.1875         709449          0.00317571              1             no    2.26804e-08              0          4  1 
         0.1875         709503          0.00631245              1             no    2.16367e-08              0          4  1 
         0.1875         709576          0.00317571              1             no    2.12783e-08              0          4  1 
         0.1875         710454          0.00508503              1             no    3.08416e-08              0          4  1 
         0.1875         710708          0.00755935              1             no    2.27435e-08      0.0824742          4  1 
         0.1875         710887          0.00506554              1             no    3.02359e-08              0          4  1 
         0.1875         710897          0.00317571              1             no    2.47557e-08              0          4  1 
         0.1875         711134          0.00442261              1             no    2.25467e-08              0          4  1 
         0.1875         711245          0.00255225              1             no    2.70056e-08              0          4  1 
         0.1875         711412          0.00635141              1             no    2.60507e-08              0          4  1 
         0.1875         711533          0.00442261              1             no    2.14434e-08              0          4  1 
         0.1875         711847          0.00255225              1             no    3.13589e-08              0          4  1 
         0.1875         712018          0.00446157              1             no    2.19247e-08              0          4  1 
         0.1875         712468          0.00444209              1             no    2.58255e-08              0          4  1 
         0.1875         712618          0.00952712              1             no    2.49508e-08              0          4  1 
         0.1875         712619          0.00572796              1             no    2.28332e-08              0          4  1 
         0.1875         712658          0.00570848              1             no    2.93049e-08              0          4  1 
         0.1875         712804          0.00253277              1             no    2.60845e-08              0          4  1 
         0.1875         713955          0.00570848              1             no    2.22673e-08       0.334471          4  1 
         0.1875         714414          0.00446157              1             no    2.55852e-08              0          4  1 
         0.1875         714608          0.00379916              1             no     2.2703e-08              0          4  1 
         0.1875         714629          0.00442261              1             no    2.34096e-08              0          4  1 
         0.1875         715101          0.00444209              1             no    2.28229e-08              0          4  1 
         0.1875         715134          0.00317571              1             no    3.35293e-08              0          4  1 
         0.1875         715294          0.00444209              1             no    2.18856e-08              0          4  1 
         0.1875         715306          0.00444209              1             no    2.56882e-08              0          4  1 
         0.1875         715656          0.00446157              1             no    2.30092e-08              0          4  1 
         0.1875         715692          0.00444209              1             no    2.23966e-08              0          4  1 
         0.1875         717761          0.00315622              1             no    2.11307e-08              0          4  1 
         0.1875         717913          0.00444209              1             no    2.15016e-08              0          4  1 
         0.1875         718039          0.00444209              1             no    2.82032e-08              0          4  1 
         0.1875         718470          0.00255225              1             no    3.03833e-08              0          4  1 
         0.1875         719389          0.00888418              1             no    2.35306e-08              0          4  1 
         0.1875         719679           0.0076178              1             no    2.20075e-08              0          4  1 
         0.1875         720823          0.00253277              1             no    2.62246e-08              0          4  1 
         0.1875         720834          0.00317571              1             no    2.16055e-08              0          4  1 
         0.1875         721058          0.00697486              1             no    2.46346e-08              0          4  1 
         0.1875         721110          0.00253277              1             no    2.28905e-08              0          4  1 
         0.1875         721603          0.00822176              1             no    2.19773e-08              0          4  1 
         0.1875         722186          0.00506554              1             no    2.24877e-08              0          4  1 
         0.1875         722381          0.00444209              1             no    2.42567e-08              0          4  1 
         0.1875         722401          0.00253277              1             no    2.11182e-08              0          4  1 
         0.1875         722485          0.00317571              1             no    2.34536e-08              0          4  1 
         0.1875         722810          0.00255225              1             no    2.17402e-08              0          4  1 
         0.1875         723169          0.00572796              1             no    2.34774e-08              0          4  1 
         0.1875         723650          0.00699435              1             no    2.54076e-08              0          4  1 
         0.1875         723831          0.00888418              1             no    2.48579e-08              0          4  1 
         0.1875         724299          0.00319519              1             no    3.55959e-08              0          4  1 
         0.1875         724664          0.00828021              1             no    2.10164e-08              0          4  1 
         0.1875         724783          0.00253277              1             no    2.70841e-08              0          4  1 
         0.1875         725072          0.00315622              1             no    2.04552e-08              0          4  1 
         0.1875         725519          0.00442261              1             no    2.44132e-08              0          4  1 
         0.1875         725666          0.00444209              1             no    2.14466e-08              0          4  1 
         0.1875         725803          0.00572796              1             no    2.13225e-08              0          4  1 
         0.1875         726814          0.00444209              1             no    2.22939e-08              0          4  1 
         0.1875         727631           0.0076178              1             no     2.7497e-08              0          4  1 
         0.1875         727894          0.00379916              1             no    2.23515e-08              0          4  1 
         0.1875         728247          0.00379916              1             no    2.54061e-08              0          4  1 
         0.1875         728581          0.00379916              1             no    2.07467e-08              0          4  1 
         0.1875         728599          0.00317571              1             no    2.47504e-08              0          4  1 
         0.1875         728773          0.00695538              1             no    3.01723e-08              0          4  1 
         0.1875         729086          0.00255225              1             no    2.13163e-08              0          4  1 
         0.1875         729805          0.00570848              1             no    2.31833e-08              0          4  1 
         0.1875         729926          0.00444209              1             no    2.37708e-08              0          4  1 
         0.1875         730163          0.00695538              1             no    2.14794e-08              0          4  1 
         0.1875         730369          0.00444209              1             no    2.70277e-08              0          4  1 
         0.1875         731105          0.00444209              1             no    2.18664e-08              0          4  1 
         0.1875         731404          0.00952712              1             no    2.15427e-08              0          4  1 
         0.1875         731688          0.00317571              1             no    2.26383e-08              0          4  1 
         0.1875         732208          0.00315622              1             no      2.254e-08              0          4  1 
         0.1875         732352          0.00317571              1             no    2.05055e-08              0          4  1 
         0.1875         732480          0.00566951              1             no    2.25195e-08              0          4  1 
         0.1875         732629          0.00508503              1             no    2.19773e-08              0          4  1 
         0.1875         733107          0.00826073              1             no    2.31491e-08       0.153302          4  1 
         0.1875         733160          0.00506554              1             no    2.54239e-08              0          4  1 
         0.1875         733715          0.00255225              1             no     2.2752e-08              0          4  1 
         0.1875         733875          0.00890366              1             no    2.42802e-08              0          4  1 
         0.1875         734138          0.00508503              1             no    2.30457e-08              0          4  1 
         0.1875         734866          0.00508503              1             no    2.14731e-08              0          4  1 
         0.1875         735001          0.00317571              1             no    2.18304e-08              0          4  1 
         0.1875         735352          0.00381864              1             no    2.37585e-08              0          4  1 
         0.1875         735432          0.00317571              1             no    2.27848e-08              0          4  1 
         0.1875         735638          0.00442261              1             no    2.15938e-08              0          4  1 
         0.1875         735846          0.00635141              1             no    2.13082e-08              0          4  1 
         0.1875         735986          0.00950763              1             no    3.12611e-08              0          4  1 
         0.1875         736006          0.00379916              1             no    2.13942e-08              0          4  1 
         0.1875         736118          0.00253277              1             no    2.36313e-08              0          4  1 
         0.1875         736255          0.00697486              1             no     2.4281e-08        0.27095          4  1 
         0.1875         736426          0.00572796              1             no    2.37074e-08              0          4  1 
         0.1875         736518          0.00444209              1             no    2.38973e-08              0          4  1 
         0.1875         736674          0.00317571              1             no    2.10323e-08              0          4  1 
         0.1875         736995          0.00379916              1             no    2.14996e-08              0          4  1 
         0.1875         737013          0.00317571              1             no    2.05531e-08              0          4  1 
         0.1875         737198          0.00255225              1             no     2.6453e-08              0          4  1 
         0.1875         737341          0.00506554              1             no    2.25231e-08              0          4  1 
         0.1875         737461          0.00317571              1             no     2.1995e-08              0          4  1 
         0.1875         737463          0.00317571              1             no    2.15156e-08              0          4  1 
         0.1875         737487          0.00442261              1             no    2.40457e-08              0          4  1 
         0.1875         738538          0.00317571              1             no    2.13027e-08              0          4  1 
         0.1875         739036          0.00446157              1             no    2.42514e-08              0          4  1 
         0.1875         739588          0.00317571              1             no    2.37766e-08              0          4  1 
         0.1875         739730          0.00446157              1             no    2.07842e-08              0          4  1 
         0.1875         739776          0.00253277              1             no    2.29637e-08              0          4  1 
         0.1875         739883          0.00444209              1             no    2.36442e-08              0          4  1 
         0.1875         740072          0.00379916              1             no    2.83136e-08              0          4  1 
         0.1875         740431          0.00255225              1             no    2.61314e-08              0          4  1 
         0.1875         741868          0.00315622              1             no    2.15892e-08              0          4  1 
         0.1875         742788          0.00635141              1             no    2.44003e-08              0          4  1 
         0.1875         742807          0.00697486              1             no    2.42468e-08              0          4  1 
         0.1875         742943          0.00510451              1             no    2.09738e-08              0          4  1 
         0.1875         743324          0.00568899              1             no    2.27375e-08              0          4  1 
         0.1875         744384          0.00444209              1             no    2.22813e-08              0          4  1 
         0.1875         744477          0.00255225              1             no     2.3929e-08              0          4  1 
         0.1875         744976          0.00568899              1             no    2.23714e-08              0          4  1 
         0.1875         745145          0.00381864              1             no    2.25159e-08              0          4  1 
         0.1875         745222          0.00253277              1             no    2.38973e-08              0          4  1 
         0.1875         745842          0.00442261              1             no    2.12626e-08              0          4  1 
         0.1875         746556          0.00381864              1             no    2.34443e-08              0          4  1 
         0.1875         746734          0.00572796              1             no    2.40901e-08              0          4  1 
         0.1875         746834          0.00442261              1             no    2.15484e-08              0          4  1 
         0.1875         746863          0.00255225              1             no    2.12597e-08              0          4  1 
         0.1875         747281          0.00381864              1             no    2.17705e-08              0          4  1 
         0.1875         747409          0.00446157              1             no    2.27759e-08              0          4  1 
         0.1875         747460          0.00317571              1             no    2.15698e-08              0          4  1 
         0.1875         747748          0.00253277              1             no    2.30992e-08              0          4  1 
         0.1875         748081          0.00695538              1             no    2.38369e-08              0          4  1 
         0.1875         748181          0.00317571              1             no     2.1488e-08              0          4  1 
         0.1875         749065          0.00637089              1             no    2.40464e-08              0          4  1 
         0.1875         749291          0.00317571              1             no    2.11053e-08              0          4  1 
         0.1875         749354          0.00444209              1             no    2.38599e-08              0          4  1 
         0.1875         749899          0.00315622              1             no    2.52184e-08              0          4  1 
         0.1875         749907          0.00568899              1             no    2.31066e-08              0          4  1 
         0.1875         750035          0.00568899              1             no    2.45723e-08              0          4  1 
         0.1875         750470          0.00442261              1             no    2.60772e-08              0          4  1 
         0.1875         750944          0.00253277              1             no    2.32764e-08              0          4  1 
         0.1875         751420          0.00253277              1             no    2.57176e-08              0          4  1 
         0.1875         751761          0.00572796              1             no    2.18963e-08              0          4  1 
         0.1875         751810          0.00635141              1             no    2.24433e-08              0          4  1 
         0.1875         752096          0.00570848              1             no    2.29831e-08              0          4  1 
         0.1875         752516          0.00697486              1             no    2.25688e-08              0          4  1 
         0.1875         753076          0.00255225              1             no    2.34714e-08              0          4  1 
         0.1875         753305          0.00446157              1             no    2.13191e-08              0          4  1 
         0.1875         753459          0.00317571              1             no    2.18895e-08              0          4  1 
         0.1875         753609          0.00315622              1             no    2.70715e-08              0          4  1 
         0.1875         753680          0.00888418              1             no    2.36848e-08       0.287281          4  1 
         0.1875         753723          0.00442261              1             no    2.11171e-08              0          4  1 
         0.1875         755079          0.00255225              1             no    2.35005e-08              0          4  1 
         0.1875         755104          0.00570848              1             no    2.34962e-08              0          4  1 
         0.1875         755145          0.00570848              1             no    2.11391e-08              0          4  1 
         0.1875         755694          0.00379916              1             no    2.73195e-08              0          4  1 
         0.1875         755792          0.00253277              1             no     2.1523e-08              0          4  1 
         0.1875         755844          0.00508503              1             no    2.34849e-08              0          4  1 
         0.1875         755942          0.00379916              1             no    2.08827e-08              0          4  1 
         0.1875         756338          0.00381864              1             no    2.11091e-08              0          4  1 
         0.1875         756359          0.00444209              1             no     2.3317e-08              0          4  1 
         0.1875         756919          0.00446157              1             no    2.28537e-08              0          4  1 
         0.1875         756955          0.00444209              1             no    2.21381e-08              0          4  1 
         0.1875         757152          0.00635141              1             no    2.33348e-08        0.40184          4  1 
         0.1875         757358          0.00506554              1             no    2.18681e-08              0          4  1 
         0.1875         757446          0.00317571              1             no    2.16792e-08              0          4  1 
         0.1875         758170          0.00635141              1             no    2.08827e-08              0          4  1 
         0.1875         758182          0.00635141              1             no    2.67245e-08              0          4  1 
         0.1875         758216          0.00506554              1             no    2.14133e-08              0          4  1 
         0.1875         758280          0.00633193              1             no    2.34384e-08              0          4  1 
         0.1875         758717          0.00255225              1             no    3.18066e-08              0          4  1 
         0.1875         759386          0.00253277              1             no    2.26588e-08              0          4  1 
         0.1875         759945          0.00317571              1             no    2.16433e-08              0          4  1 
         0.1875         760052          0.00570848              1             no     2.1232e-08              0          4  1 
         0.1875         760065          0.00506554              1             no    2.61762e-08           0.25          4  1 
         0.1875         760101          0.00315622              1             no     2.7347e-08              0          4  1 
         0.1875         760504          0.00381864              1             no    2.31185e-08              0          4  1 
         0.1875         760538          0.00381864              1             no    2.10249e-08              0          4  1 
         0.1875         760706          0.00570848              1             no    2.21933e-08              0          4  1 
         0.1875         760789          0.00255225              1             no    2.30379e-08              0          4  1 
         0.1875         760889          0.00379916              1             no    2.14672e-08              0          4  1 
         0.1875         760941          0.00570848              1             no     2.3247e-08              0          4  1 
         0.1875         760962          0.00697486              1             no    2.43271e-08              0          4  1 
         0.1875         760975          0.00444209              1             no    2.07462e-08              0          4  1 
         0.1875         761510          0.00637089              1             no    2.94505e-08              0          4  1 
         0.1875         762263          0.00317571              1             no    2.76164e-08              0          4  1 
         0.1875         762296          0.00379916              1             no    2.28048e-08              0          4  1 
         0.1875         762429          0.00508503              1             no    2.04626e-08              0          4  1 
         0.1875         762894          0.00570848              1             no    2.13523e-08       0.668942          4  1 
         0.1875         763084          0.00317571              1             no    2.12714e-08              0          4  1 
         0.1875         763310          0.00444209              1             no    2.09194e-08              0          4  1 
         0.1875         763397          0.00633193              1             no    2.37015e-08              0          4  1 
         0.1875         763414          0.00255225              1             no    2.34369e-08              0          4  1 
         0.1875         763665          0.00377967              1             no    2.45785e-08              0          4  1 
         0.1875         764498          0.00697486              1             no    2.24824e-08              0          4  1 
         0.1875         765398          0.00253277              1             no    2.33932e-08              0          4  1 
         0.1875         765827          0.00255225              1             no    2.52095e-08              0          4  1 
         0.1875         766843          0.00315622              1             no    2.17133e-08              0          4  1 
         0.1875         766954          0.00379916              1             no    2.33061e-08              0          4  1 
         0.1875         767250          0.00315622              1             no     2.2333e-08              0          4  1 
         0.1875         767290          0.00317571              1             no    2.26533e-08              0          4  1 
         0.1875         767827          0.00379916              1             no    2.16795e-08              0          4  1 
         0.1875         767884          0.00379916              1             no     2.3975e-08              0          4  1 
         0.1875         767900          0.00255225              1             no    2.35586e-08              0          4  1 
         0.1875         768061          0.00697486              1             no    2.27128e-08              0          4  1 
         0.1875         768517          0.00317571              1             no    3.38617e-08              0          4  1 
         0.1875         768645          0.00508503              1             no    2.27232e-08              0          4  1 
         0.1875         768928          0.00255225              1             no    2.42537e-08              0          4  1 
         0.1875         769115          0.00317571              1             no    2.20133e-08              0          4  1 
         0.1875         769834          0.00317571              1             no    2.30818e-08              0          4  1 
         0.1875         770046          0.00255225              1             no    2.07794e-08              0          4  1 
         0.1875         770632          0.00444209              1             no    2.85968e-08              0          4  1 
         0.1875         770639          0.00442261              1             no    2.36634e-08              0          4  1 
         0.1875         771022          0.00442261              1             no    2.29896e-08              0          4  1 
         0.1875         771382          0.00381864              1             no    2.17167e-08              0          4  1 
         0.1875         771670          0.00255225              1             no    2.11268e-08              0          4  1 
         0.1875         771768          0.00446157              1             no    2.27096e-08              0          4  1 
         0.1875         771914          0.00568899              1             no    2.23874e-08              0          4  1 
         0.1875         771929          0.00317571              1             no    2.54112e-08              0          4  1 
         0.1875         772220          0.00381864              1             no    2.10188e-08              0          4  1 
         0.1875         772530          0.00315622              1             no    2.40674e-08              0          4  1 
         0.1875         772803          0.00570848              1             no    2.27376e-08              0          4  1 
         0.1875         773421          0.00570848              1             no    2.36072e-08              0          4  1 
         0.1875         773628          0.00381864              1             no    2.23699e-08              0          4  1 
         0.1875         773847          0.00568899              1             no    2.38324e-08              0          4  1 
         0.1875         774221          0.00317571              1             no    2.40225e-08              0          4  1 
         0.1875         774339          0.00381864              1             no    2.79043e-08              0          4  1 
         0.1875         774716          0.00319519              1             no    2.65168e-08              0          4  1 
         0.1875         775246          0.00442261              1             no    2.23274e-08              0          4  1 
         0.1875         775517          0.00444209              1             no    2.55963e-08              0          4  1 
         0.1875         775668          0.00697486              1             no    2.16064e-08              0          4  1 
         0.1875         775712          0.00315622              1             no    2.33623e-08              0          4  1 
         0.1875         775897          0.00379916              1             no    2.06911e-08              0          4  1 
         0.1875         776357          0.00508503              1             no    2.15659e-08              0          4  1 
         0.1875         776358          0.00379916              1             no    2.08851e-08              0          4  1 
         0.1875         776520          0.00508503              1             no    2.10701e-08       0.122605          4  1 
         0.1875         776580          0.00255225              1             no    2.33625e-08              0          4  1 
         0.1875         776870          0.00442261              1             no    2.56765e-08              0          4  1 
         0.1875         777246          0.00255225              1             no    2.54653e-08              0          4  1 
         0.1875         777466          0.00568899              1             no    2.27669e-08              0          4  1 
         0.1875         777554          0.00255225              1             no    2.18444e-08              0          4  1 
         0.1875         777736          0.00635141              1             no      2.152e-08              0          4  1 
         0.1875         779085          0.00255225              1             no    2.20954e-08              0          4  1 
         0.1875         779218          0.00442261              1             no    2.23583e-08              0          4  1 
         0.1875         779494          0.00381864              1             no    2.25289e-08              0          4  1 
         0.1875         779689          0.00377967              1             no    2.16564e-08              0          4  1 
         0.1875         781013          0.00253277              1             no    2.55177e-08              0          4  1 
         0.1875         781179          0.00508503              1             no    2.26432e-08              0          4  1 
         0.1875         781501          0.00253277              1             no    2.29896e-08              0          4  1 
         0.1875         781508          0.00317571              1             no    2.16022e-08              0          4  1 
         0.1875         781678          0.00379916              1             no    2.36603e-08              0          4  1 
         0.1875         781704          0.00317571              1             no    2.62132e-08              0          4  1 
         0.1875         782213          0.00381864              1             no    2.33463e-08              0          4  1 
         0.1875         782741          0.00317571              1             no    2.27931e-08              0          4  1 
         0.1875         782774          0.00255225              1             no    3.39138e-08              0          4  1 
         0.1875         782879          0.00444209              1             no    2.48221e-08              0          4  1 
         0.1875         783049          0.00506554              1             no    2.63544e-08              0          4  1 
         0.1875         783171          0.00508503              1             no    2.25956e-08              0          4  1 
         0.1875         783542          0.00506554              1             no    2.53502e-08              0          4  1 
         0.1875         783622          0.00255225              1             no    2.14071e-08              0          4  1 
         0.1875         783892          0.00508503              1             no    2.27324e-08              0          4  1 
         0.1875         784006          0.00317571              1             no    2.60882e-08              0          4  1 
         0.1875         784137          0.00508503              1             no    2.28548e-08              0          4  1 
         0.1875         784999          0.00510451              1             no    2.21816e-08              0          4  1 
         0.1875         785452          0.00506554              1             no    2.45407e-08              0          4  1 
         0.1875         785738          0.00253277              1             no    2.44373e-08              0          4  1 
         0.1875         785898          0.00317571              1             no    2.44796e-08              0          4  1 
         0.1875         785952          0.00319519              1             no    2.07243e-08              0          4  1 
         0.1875         786987          0.00508503              1             no    2.25641e-08              0          4  1 
         0.1875         787099          0.00506554              1             no    2.20502e-08              0          4  1 
         0.1875         787389          0.00506554              1             no     2.2534e-08              0          4  1 
         0.1875         787420          0.00317571              1             no    2.27644e-08              0          4  1 
         0.1875         787880          0.00381864              1             no    2.22431e-08              0          4  1 
         0.1875         788417          0.00444209              1             no    2.23679e-08              0          4  1 
         0.1875         789065          0.00381864              1             no    2.17582e-08              0          4  1 
         0.1875         789819          0.00255225              1             no    2.18555e-08              0          4  1 
         0.1875         789923          0.00570848              1             no    2.61286e-08              0          4  1 
         0.1875         790062          0.00317571              1             no    2.34792e-08              0          4  1 
         0.1875         791174          0.00255225              1             no    2.47137e-08              0          4  1 
         0.1875         791249          0.00381864              1             no    3.57931e-08              0          4  1 
         0.1875         791335          0.00317571              1             no    2.19164e-08              0          4  1 
         0.1875         791678          0.00253277              1             no    2.23003e-08              0          4  1 
         0.1875         792248          0.00253277              1             no    2.31071e-08              0          4  1 
         0.1875         792699          0.00570848              1             no    2.36767e-08              0          4  1 
         0.1875         793588          0.00508503              1             no    2.12976e-08              0          4  1 
         0.1875         794159          0.00317571              1             no    2.26148e-08              0          4  1 
         0.1875         794315          0.00377967              1             no    2.32211e-08              0          4  1 
         0.1875         795165          0.00255225              1             no    2.22067e-08              0          4  1 
         0.1875         795298          0.00379916              1             no    2.55871e-08              0          4  1 
         0.1875         795358           0.0076178              1             no    2.31998e-08              0          4  1 
         0.1875         795476          0.00379916              1             no    2.35932e-08              0          4  1 
         0.1875         795582          0.00255225              1             no    2.12134e-08              0          4  1 
         0.1875         795701          0.00952712              1             no     2.2751e-08              0          4  1 
         0.1875         795794          0.00444209              1             no    2.50621e-08              0          4  1 
         0.1875         796355          0.00253277              1             no    3.40818e-08              0          4  1 
         0.1875         796653          0.00381864              1             no    2.50694e-08              0          4  1 
         0.1875         796892          0.00568899              1             no    2.23776e-08              0          4  1 
         0.1875         796917          0.00757883              1             no    2.57236e-08              0          4  1 
         0.1875         797400          0.00319519              1             no    2.37238e-08              0          4  1 
         0.1875         797645          0.00572796              1             no    2.13774e-08              0          4  1 
         0.1875         797655          0.00317571              1             no    2.33019e-08              0          4  1 
         0.1875         798089          0.00381864              1             no     2.5979e-08              0          4  1 
         0.1875         798337          0.00381864              1             no    2.15744e-08              0          4  1 
         0.1875         798589          0.00317571              1             no    2.42718e-08              0          4  1 
         0.1875         799283          0.00253277              1             no    2.29987e-08              0          4  1 
         0.1875         799379          0.00381864              1             no    2.25918e-08              0          4  1 
         0.1875         799489          0.00570848              1             no    2.26612e-08              0          4  1 
         0.1875         799726          0.00506554              1             no    2.16259e-08              0          4  1 
         0.1875         799727          0.00444209              1             no    2.28348e-08              0          4  1 
         0.1875         800311          0.00255225              1             no    2.43565e-08              0          4  1 
         0.1875         800363          0.00570848              1             no    2.12493e-08              0          4  1 
         0.1875         801115          0.00317571              1             no    2.21383e-08              0          4  1 
         0.1875         801291          0.00255225              1             no    2.23275e-08              0          4  1 
         0.1875         801435          0.00444209              1             no     2.4223e-08              0          4  1 
         0.1875         801692          0.00444209              1             no    2.47471e-08              0          4  1 
         0.1875         801848          0.00572796              1             no    2.26772e-08              0          4  1 
         0.1875         801861            0.010813              1             no    2.26343e-08              0          4  1 
         0.1875         802084          0.00381864              1             no    2.22976e-08              0          4  1 
         0.1875         802355          0.00255225              1             no     2.2086e-08              0          4  1 
         0.1875         802579          0.00379916              1             no    2.11565e-08              0          4  1 
         0.1875         802642          0.00317571              1             no    2.44742e-08              0          4  1 
         0.1875         802664          0.00635141              1             no    2.15801e-08              0          4  1 
         0.1875         802807          0.00379916              1             no     2.0856e-08              0          4  1 
         0.1875         802858          0.00317571              1             no    2.58402e-08              0          4  1 
         0.1875         803672          0.00508503              1             no    2.20866e-08              0          4  1 
         0.1875         804031          0.00315622              1             no    2.14019e-08              0          4  1 
         0.1875         804164          0.00381864              1             no    2.27203e-08              0          4  1 
         0.1875         804368          0.00444209              1             no    2.77693e-08              0          4  1 
         0.1875         804402          0.00442261              1             no    2.31233e-08              0          4  1 
         0.1875         804589          0.00442261              1             no    2.30679e-08              0          4  1 
         0.1875         804946          0.00255225              1             no    2.56269e-08              0          4  1 
         0.1875         805584          0.00570848              1             no    2.14551e-08              0          4  1 
         0.1875         805892          0.00253277              1             no    2.44446e-08              0          4  1 
         0.1875         806368          0.00444209              1             no    2.27348e-08              0          4  1 
         0.1875         806575          0.00635141              1             no    2.76505e-08              0          4  1 
         0.1875         806710          0.00319519              1             no    2.43102e-08              0          4  1 
         0.1875         806968          0.00697486              1             no    2.05427e-08              0          4  1 
         0.1875         807755          0.00570848              1             no    2.33139e-08              0          4  1 
         0.1875         807866          0.00570848              1             no    2.10743e-08              0          4  1 
         0.1875         808270          0.00255225              1             no    2.18945e-08              0          4  1 
         0.1875         808500          0.00317571              1             no    2.26285e-08              0          4  1 
         0.1875         808544          0.00633193              1             no    2.31609e-08              0          4  1 
         0.1875         808619          0.00697486              1             no    2.44192e-08              0          4  1 
         0.1875         808677           0.0076178              1             no     2.2503e-08              0          4  1 
         0.1875         809227          0.00381864              1             no    2.50536e-08              0          4  1 
         0.1875         810173          0.00442261              1             no    2.42205e-08       0.572687          4  1 
         0.1875         810205          0.00570848              1             no    2.45779e-08              0          4  1 
         0.1875         810642          0.00635141              1             no      2.135e-08              0          4  1 
         0.1875         810929          0.00444209              1             no    2.05236e-08              0          4  1 
         0.1875         811053          0.00255225              1             no    2.87066e-08              0          4  1 
         0.1875         811055          0.00566951              1             no    2.25955e-08              0          4  1 
         0.1875         811323          0.00317571              1             no    2.11428e-08              0          4  1 
         0.1875         811963          0.00506554              1             no    2.17861e-08              0          4  1 
         0.1875         812063          0.00317571              1             no    2.23111e-08              0          4  1 
         0.1875         812729          0.00379916              1             no     2.2318e-08              0          4  1 
         0.1875         812782          0.00381864              1             no    2.38682e-08              0          4  1 
         0.1875         812985          0.00255225              1             no    2.07108e-08              0          4  1 
         0.1875         813096          0.00506554              1             no    2.01538e-08              0          4  1 
         0.1875         813281          0.00635141              1             no    2.20974e-08              0          4  1 
         0.1875         813294          0.00572796              1             no    2.27962e-08              0          4  1 
         0.1875         813384          0.00379916              1             no    2.17051e-08              0          4  1 
         0.1875         813519          0.00379916              1             no    2.54853e-08              0          4  1 
         0.1875         813806          0.00506554              1             no    2.26147e-08              0          4  1 
         0.1875         814290          0.00446157              1             no    2.51128e-08              0          4  1 
         0.1875         814666          0.00381864              1             no    2.42326e-08              0          4  1 
         0.1875         814821          0.00504606              1             no      2.254e-08              0          4  1 
         0.1875         815000          0.00379916              1             no    2.74666e-08              0          4  1 
         0.1875         815131          0.00255225              1             no    2.41097e-08              0          4  1 
         0.1875         815218          0.00255225              1             no    2.38958e-08              0          4  1 
         0.1875         815278          0.00697486              1             no    2.61213e-08              0          4  1 
         0.1875         815415          0.00317571              1             no    2.22856e-08              0          4  1 
         0.1875         815635          0.00508503              1             no    2.27164e-08              0          4  1 
         0.1875         815910          0.00506554              1             no    2.24774e-08              0          4  1 
         0.1875         816258          0.00444209              1             no    2.60044e-08              0          4  1 
         0.1875         816457          0.00446157              1             no    2.29024e-08              0          4  1 
         0.1875         816559          0.00635141              1             no    2.25257e-08              0          4  1 
         0.1875         816899          0.00379916              1             no    2.64395e-08              0          4  1 
         0.1875         817501          0.00253277              1             no    2.16921e-08              0          4  1 
         0.1875         817683          0.00568899              1             no       2.09e-08              0          4  1 
         0.1875         817700          0.00253277              1             no    2.70708e-08              0          4  1 
         0.1875         817770          0.00506554              1             no    2.34484e-08              0          4  1 
         0.1875         818739          0.00444209              1             no    2.16066e-08              0          4  1 
         0.1875         818981          0.00442261              1             no    2.19917e-08              0          4  1 
         0.1875         819241          0.00379916              1             no    2.15389e-08              0          4  1 
         0.1875         819464          0.00255225              1             no    2.34785e-08              0          4  1 
         0.1875         819804          0.00633193              1             no    3.33585e-08              0          4  1 
         0.1875         820252          0.00317571              1             no    2.29693e-08              0          4  1 
         0.1875         820766          0.00379916              1             no    2.32828e-08              0          4  1 
         0.1875         821582          0.00255225              1             no    3.38941e-08              0          4  1 
         0.1875         822305          0.00255225              1             no    2.16621e-08              0          4  1 
         0.1875         822321          0.00508503              1             no    2.34826e-08              0          4  1 
         0.1875         822415          0.00570848              1             no    2.23899e-08              0          4  1 
         0.1875         822472          0.00506554              1             no    2.07853e-08              0          4  1 
         0.1875         822695          0.00255225              1             no    2.29442e-08              0          4  1 
         0.1875         823568          0.00253277              1             no    2.35142e-08              0          4  1 
         0.1875         823609          0.00444209              1             no    2.16086e-08              0          4  1 
         0.1875         823650          0.00253277              1             no    2.47186e-08              0          4  1 
         0.1875         824736          0.00508503              1             no    2.54172e-08              0          4  1 
         0.1875         824782          0.00315622              1             no    2.24587e-08              0          4  1 
         0.1875         824788          0.00255225              1             no    2.50614e-08              0          4  1 
         0.1875         825103          0.00442261              1             no    2.12498e-08              0          4  1 
         0.1875         825188          0.00568899              1             no    2.16178e-08              0          4  1 
         0.1875         825230          0.00379916              1             no    2.12425e-08              0          4  1 
         0.1875         825768          0.00697486              1             no    2.24197e-08              0          4  1 
         0.1875         825867          0.00381864              1             no    2.20292e-08              0          4  1 
         0.1875         825936          0.00637089              1             no    2.22355e-08              0          4  1 
         0.1875         825983          0.00317571              1             no     2.2556e-08              0          4  1 
         0.1875         826215          0.00570848              1             no    2.32792e-08              0          4  1 
         0.1875         826225          0.00379916              1             no    2.38879e-08              0          4  1 
         0.1875         826262          0.00570848              1             no    2.45705e-08              0          4  1 
         0.1875         826481          0.00253277              1             no    2.10025e-08              0          4  1 
         0.1875         826574          0.00317571              1             no    2.27605e-08              0          4  1 
         0.1875         826578          0.00317571              1             no    2.82408e-08              0          4  1 
         0.1875         826619          0.00824125              1             no    2.51533e-08              0          4  1 
         0.1875         826708          0.00506554              1             no    2.07308e-08              0          4  1 
         0.1875         827212          0.00317571              1             no    2.20017e-08              0          4  1 
         0.1875         827523          0.00255225              1             no    2.28455e-08              0          4  1 
         0.1875         827951          0.00637089              1             no    2.29649e-08              0          4  1 
         0.1875         828091          0.00444209              1             no    2.23932e-08              0          4  1 
         0.1875         828095          0.00255225              1             no    2.25716e-08              0          4  1 
         0.1875         828099          0.00506554              1             no     2.5379e-08              0          4  1 
         0.1875         828104          0.00255225              1             no    2.37087e-08              0          4  1 
         0.1875         828267          0.00381864              1             no    2.23339e-08              0          4  1 
         0.1875         828598          0.00317571              1             no    2.38187e-08              0          4  1 
         0.1875         829274          0.00255225              1             no    2.74142e-08              0          4  1 
         0.1875         829283          0.00381864              1             no    2.06698e-08              0          4  1 
         0.1875         829310          0.00508503              1             no    2.31814e-08              0          4  1 
         0.1875         829346          0.00315622              1             no    2.59276e-08              0          4  1 
         0.1875         829458          0.00442261              1             no    2.45312e-08              0          4  1 
         0.1875         829826          0.00381864              1             no    2.39636e-08              0          4  1 
         0.1875         830402          0.00317571              1             no    2.27649e-08              0          4  1 
         0.1875         830694          0.00379916              1             no    2.03817e-08              0          4  1 
         0.1875         830726          0.00255225              1             no    2.24186e-08              0          4  1 
         0.1875         830791          0.00444209              1             no    2.09588e-08              0          4  1 
         0.1875         831458          0.00697486              1             no    2.43066e-08              0          4  1 
         0.1875         832079          0.00508503              1             no    2.34537e-08              0          4  1 
         0.1875         832164          0.00570848              1             no    2.29162e-08              0          4  1 
         0.1875         832279          0.00317571              1             no    2.12298e-08              0          4  1 
         0.1875         833068          0.00570848              1             no    2.24214e-08              0          4  1 
         0.1875         833135          0.00317571              1             no    2.46009e-08              0          4  1 
         0.1875         833375           0.0076178              1             no     2.4316e-08              0          4  1 
         0.1875         833924          0.00504606              1             no    2.48897e-08       0.123552          4  1 
         0.1875         834776          0.00444209              1             no     2.1691e-08              0          4  1 
         0.1875         834877          0.00317571              1             no    2.15792e-08              0          4  1 
         0.1875         835118          0.00317571              1             no    2.08931e-08              0          4  1 
         0.1875         835733          0.00317571              1             no     2.1865e-08              0          4  1 
         0.1875         835978          0.00381864              1             no    2.11294e-08              0          4  1 
         0.1875         836766          0.00317571              1             no    2.05966e-08              0          4  1 
         0.1875         836785          0.00255225              1             no    2.15426e-08              0          4  1 
         0.1875         836986          0.00506554              1             no    2.50447e-08              0          4  1 
         0.1875         837057          0.00317571              1             no    2.15077e-08              0          4  1 
         0.1875         837579          0.00253277              1             no    2.57454e-08              0          4  1 
         0.1875         837601          0.00572796              1             no    2.76036e-08              0          4  1 
         0.1875         837762          0.00317571              1             no    2.26708e-08              0          4  1 
         0.1875         837815          0.00381864              1             no    2.33362e-08              0          4  1 
         0.1875         838137          0.00255225              1             no    2.70921e-08              0          4  1 
         0.1875         838383          0.00444209              1             no    2.38617e-08              0          4  1 
         0.1875         838977          0.00317571              1             no    2.44775e-08              0          4  1 
         0.1875         839327           0.0076178              1             no     2.4009e-08              0          4  1 
         0.1875         839536          0.00444209              1             no    2.20499e-08              0          4  1 
         0.1875         839847          0.00442261              1             no    2.36296e-08       0.286344          4  1 
         0.1875         840568          0.00381864              1             no    2.22462e-08              0          4  1 
         0.1875         840626          0.00697486              1             no    2.08674e-08              0          4  1 
         0.1875         840876          0.00255225              1             no    2.39373e-08              0          4  1 
         0.1875         841018          0.00253277              1             no    2.17608e-08              0          4  1 
         0.1875         841408          0.00381864              1             no    2.30577e-08              0          4  1 
         0.1875         841791          0.00379916              1             no    2.15235e-08              0          4  1 
         0.1875         841846          0.00255225              1             no    2.18037e-08              0          4  1 
         0.1875         841915          0.00446157              1             no     2.4425e-08              0          4  1 
         0.1875         842193          0.00379916              1             no    2.40257e-08              0          4  1 
         0.1875         842296          0.00379916              1             no    2.62276e-08              0          4  1 
         0.1875         842304          0.00317571              1             no    2.77884e-08              0          4  1 
         0.1875         842546          0.00568899              1             no    2.36827e-08              0          4  1 
         0.1875         842864          0.00253277              1             no    2.90496e-08              0          4  1 
         0.1875         842884          0.00317571              1             no    2.43486e-08              0          4  1 
         0.1875         843164          0.00377967              1             no     2.1727e-08              0          4  1 
         0.1875         843180          0.00442261              1             no    2.26319e-08       0.140969          4  1 
         0.1875         843189          0.00377967              1             no    2.34894e-08              0          4  1 
         0.1875         843872          0.00508503              1             no    2.15951e-08              0          4  1 
         0.1875         844118          0.00255225              1             no    2.25266e-08              0          4  1 
         0.1875         844460          0.00759831              1             no     2.6294e-08              0          4  1 
         0.1875         844992          0.00381864              1             no    2.22008e-08              0          4  1 
         0.1875         845311           0.0088647              1             no    2.11719e-08              0          4  1 
         0.1875         845800          0.00699435              1             no    2.21173e-08              0          4  1 
         0.1875         846144          0.00508503              1             no    2.26545e-08              0          4  1 
         0.1875         846241          0.00572796              1             no    2.28631e-08              0          4  1 
         0.1875         846946          0.00697486              1             no    2.09376e-08              0          4  1 
         0.1875         847056          0.00446157              1             no    2.39618e-08              0          4  1 
         0.1875         847565          0.00763728              1             no    2.30967e-08              0          4  1 
         0.1875         848811          0.00379916              1             no    2.58853e-08              0          4  1 
         0.1875         848886          0.00317571              1             no    2.33482e-08              0          4  1 
         0.1875         849316          0.00315622              1             no    2.43799e-08              0          4  1 
         0.1875         849410          0.00317571              1             no    2.11381e-08              0          4  1 
         0.1875         849444          0.00381864              1             no    2.70726e-08              0          4  1 
         0.1875         849780          0.00504606              1             no    2.34688e-08              0          4  1 
         0.1875         850086          0.00568899              1             no     2.2883e-08              0          4  1 
         0.1875         850183          0.00570848              1             no    2.10696e-08              0          4  1 
         0.1875         850551          0.00317571              1             no    2.68404e-08              0          4  1 
         0.1875         850737          0.00317571              1             no    2.20818e-08              0          4  1 
         0.1875         850996          0.00444209              1             no    2.29691e-08              0          4  1 
         0.1875         851545          0.00255225              1             no    2.33237e-08              0          4  1 
         0.1875         851778          0.00255225              1             no    2.45583e-08              0          4  1 
         0.1875         851976          0.00317571              1             no    2.16265e-08              0          4  1 
         0.1875         851982          0.00253277              1             no    2.03441e-08              0          4  1 
         0.1875         852388          0.00635141              1             no    2.07748e-08              0          4  1 
         0.1875         852400          0.00255225              1             no    2.27446e-08              0          4  1 
         0.1875         852461          0.00317571              1             no    2.54585e-08              0          4  1 
         0.1875         852496          0.00381864              1             no    2.50415e-08              0          4  1 
         0.1875         852630          0.00635141              1             no     2.1835e-08              0          4  1 
         0.1875         852673          0.00379916              1             no     2.3237e-08              0          4  1 
         0.1875         853143          0.00317571              1             no    2.47675e-08              0          4  1 
         0.1875         853392          0.00317571              1             no    2.20243e-08              0          4  1 
         0.1875         853423          0.00253277              1             no    2.63922e-08              0          4  1 
         0.1875         853909          0.00699435              1             no    2.43921e-08              0          4  1 
         0.1875         854227          0.00506554              1             no    2.08487e-08              0          4  1 
         0.1875         855349          0.00255225              1             no    2.40769e-08              0          4  1 
         0.1875         855595          0.00444209              1             no    2.02398e-08              0          4  1 
         0.1875         855713          0.00444209              1             no    2.47111e-08              0          4  1 
         0.1875         856047          0.00568899              1             no    2.18931e-08              0          4  1 
         0.1875         856338          0.00508503              1             no    2.12767e-08              0          4  1 
         0.1875         856884          0.00570848              1             no    2.23637e-08              0          4  1 
         0.1875         856990          0.00381864              1             no    2.19512e-08              0          4  1 
         0.1875         857263          0.00506554              1             no    2.21455e-08              0          4  1 
         0.1875         857574          0.00506554              1             no    2.53559e-08              0          4  1 
         0.1875         857580          0.00444209              1             no    2.21822e-08              0          4  1 
         0.1875         857928          0.00255225              1             no    2.60645e-08              0          4  1 
         0.1875         858385          0.00506554              1             no    2.41311e-08              0          4  1 
         0.1875         858488          0.00381864              1             no    2.14909e-08              0          4  1 
         0.1875         858503          0.00633193              1             no    2.31609e-08              0          4  1 
         0.1875         860047          0.00444209              1             no    2.47315e-08              0          4  1 
         0.1875         861002          0.00568899              1             no    2.70276e-08              0          4  1 
         0.1875         861417          0.00315622              1             no    2.17779e-08              0          4  1 
         0.1875         861923          0.00444209              1             no    2.22622e-08       0.859649          4  1 
         0.1875         862459          0.00570848              1             no    2.07481e-08              0          4  1 
         0.1875         862756          0.00253277              1             no    2.96665e-08              0          4  1 
         0.1875         863321          0.00315622              1             no    2.65072e-08              0          4  1 
         0.1875         863402          0.00381864              1             no    2.45211e-08              0          4  1 
         0.1875         863896          0.00444209              1             no    2.27384e-08              0          4  1 
         0.1875         863970          0.00381864              1             no    2.55485e-08              0          4  1 
         0.1875         864421          0.00253277              1             no    2.41277e-08              0          4  1 
         0.1875         864909          0.00379916              1             no    2.10717e-08              0          4  1 
         0.1875         866028          0.00506554              1             no    2.07808e-08              0          4  1 
         0.1875         866837          0.00570848              1             no    2.40251e-08              0          4  1 
         0.1875         866996          0.00255225              1             no    2.18498e-08              0          4  1 
         0.1875         867093          0.00444209              1             no    2.60582e-08              0          4  1 
         0.1875         867186          0.00255225              1             no    2.10269e-08              0          4  1 
         0.1875         867662          0.00379916              1             no    2.21158e-08              0          4  1 
         0.1875         867702          0.00255225              1             no    2.22725e-08              0          4  1 
         0.1875         867822          0.00444209              1             no    2.86173e-08              0          4  1 
         0.1875         868498          0.00255225              1             no    2.46352e-08              0          4  1 
         0.1875         869108          0.00508503              1             no    2.34709e-08              0          4  1 
         0.1875         869421          0.00442261              1             no    2.08288e-08              0          4  1 
         0.1875         869446          0.00508503              1             no    2.23059e-08              0          4  1 
         0.1875         869500          0.00315622              1             no    2.25488e-08              0          4  1 
         0.1875         870610          0.00572796              1             no     2.0451e-08              0          4  1 
         0.1875         871099          0.00253277              1             no    2.60715e-08              0          4  1 
         0.1875         871364          0.00508503              1             no    2.20921e-08              0          4  1 
         0.1875         871721          0.00442261              1             no    2.17761e-08              0          4  1 
         0.1875         872124          0.00442261              1             no    2.66061e-08              0          4  1 
         0.1875         872732          0.00508503              1             no    2.16234e-08              0          4  1 
         0.1875         872843          0.00699435              1             no     2.3021e-08              0          4  1 
         0.1875         873711          0.00253277              1             no    2.03965e-08              0          4  1 
         0.1875         873832          0.00381864              1             no    2.25381e-08              0          4  1 
         0.1875         874408          0.00508503              1             no    2.27976e-08              0          4  1 
         0.1875         874470          0.00317571              1             no    2.10741e-08              0          4  1 
         0.1875         874774          0.00317571              1             no     2.4828e-08              0          4  1 
         0.1875         874836          0.00506554              1             no    2.39995e-08              0          4  1 
         0.1875         875431          0.00255225              1             no    2.39317e-08              0          4  1 
         0.1875         875458          0.00504606              1             no    2.17701e-08              0          4  1 
         0.1875         876403          0.00379916              1             no    2.42672e-08              0          4  1 
         0.1875         876645          0.00570848              1             no    2.24521e-08              0          4  1 
         0.1875         876966          0.00442261              1             no    2.28702e-08              0          4  1 
         0.1875         877152          0.00253277              1             no     3.0112e-08              0          4  1 
         0.1875         877627          0.00253277              1             no    2.55605e-08              0          4  1 
         0.1875         878068          0.00506554              1             no    2.36035e-08              0          4  1 
         0.1875         878434          0.00444209              1             no    2.02484e-08              0          4  1 
         0.1875         878849          0.00699435              1             no    2.48882e-08              0          4  1 
         0.1875         878871          0.00697486              1             no    2.03915e-08              0          4  1 
         0.1875         879886          0.00572796              1             no    2.37703e-08              0          4  1 
         0.1875         880080          0.00824125              1             no    2.14311e-08              0          4  1 
         0.1875         880254          0.00635141              1             no    2.19932e-08              0          4  1 
         0.1875         880810          0.00379916              1             no    2.27569e-08              0          4  1 
         0.1875         880863          0.00572796              1             no    2.44811e-08              0          4  1 
         0.1875         881201          0.00504606              1             no    2.27271e-08              0          4  1 
         0.1875         881345          0.00635141              1             no    2.25482e-08              0          4  1 
         0.1875         881396          0.00315622              1             no    2.48596e-08              0          4  1 
         0.1875         881805          0.00255225              1             no     2.5787e-08              0          4  1 
         0.1875         881995          0.00317571              1             no    2.11527e-08              0          4  1 
         0.1875         882220          0.00568899              1             no    2.24638e-08              0          4  1 
         0.1875         882971           0.0076178              1             no    2.26484e-08              0          4  1 
         0.1875         883191          0.00699435              1             no    2.74993e-08              0          4  1 
         0.1875         883708          0.00444209              1             no    2.26896e-08              0          4  1 
         0.1875         883875          0.00381864              1             no    2.17056e-08              0          4  1 
         0.1875         884074          0.00255225              1             no    2.14708e-08              0          4  1 
         0.1875         884634          0.00381864              1             no    2.27826e-08              0          4  1 
         0.1875         885460          0.00697486              1             no    2.22074e-08              0          4  1 
         0.1875         885689          0.00888418              1             no    2.47763e-08              0          4  1 
         0.1875         885746          0.00317571              1             no    2.80111e-08              0          4  1 
         0.1875         885800          0.00633193              1             no    2.27671e-08              0          4  1 
         0.1875         885853          0.00255225              1             no    2.25623e-08              0          4  1 
         0.1875         886012          0.00637089              1             no    2.21137e-08              0          4  1 
         0.1875         886024          0.00381864              1             no    2.37949e-08              0          4  1 
         0.1875         886958          0.00317571              1             no    2.64657e-08              0          4  1 
         0.1875         886963          0.00379916              1             no    2.83284e-08              0          4  1 
         0.1875         888752          0.00317571              1             no    2.19809e-08              0          4  1 
         0.1875         888971          0.00699435              1             no    2.33854e-08              0          4  1 
         0.1875         889470          0.00570848              1             no    2.34883e-08              0          4  1 
         0.1875         889740          0.00506554              1             no     2.1984e-08              0          4  1 
         0.1875         889969          0.00508503              1             no    2.64395e-08              0          4  1 
         0.1875         890571          0.00381864              1             no    2.85944e-08              0          4  1 
         0.1875         890784          0.00510451              1             no    2.30725e-08              0          4  1 
         0.1875         891385          0.00508503              1             no     2.4834e-08              0          4  1 
         0.1875         892181           0.0076178              1             no    2.29113e-08              0          4  1 
         0.1875         892646          0.00317571              1             no    2.25525e-08              0          4  1 
         0.1875         892717          0.00695538              1             no    2.19664e-08              0          4  1 
         0.1875         892926          0.00633193              1             no    2.44111e-08              0          4  1 
         0.1875         892990          0.00255225              1             no    2.18816e-08              0          4  1 
         0.1875         893083          0.00442261              1             no    2.13788e-08              0          4  1 
         0.1875         893111          0.00635141              1             no    2.12298e-08              0          4  1 
         0.1875         894346          0.00253277              1             no    2.24785e-08              0          4  1 
         0.1875         894375          0.00699435              1             no    2.26301e-08              0          4  1 
         0.1875         894432          0.00379916              1             no     2.0993e-08              0          4  1 
         0.1875         894986          0.00442261              1             no    2.42168e-08              0          4  1 
         0.1875         895073          0.00508503              1             no    2.27361e-08              0          4  1 
         0.1875         895265          0.00446157              1             no       2.83e-08              0          4  1 
         0.1875         895426          0.00446157              1             no    2.43794e-08              0          4  1 
         0.1875         895494          0.00255225              1             no    2.20652e-08              0          4  1 
         0.1875         895673          0.00253277              1             no    2.35155e-08              0          4  1 
         0.1875         895779          0.00442261              1             no    2.38121e-08              0          4  1 
         0.1875         895864          0.00508503              1             no    2.14034e-08              0          4  1 
         0.1875         896081          0.00381864              1             no    2.31957e-08              0          4  1 
         0.1875         896352          0.00446157              1             no     2.1899e-08              0          4  1 
         0.1875         896491          0.00635141              1             no    2.11806e-08              0          4  1 
         0.1875         896604          0.00444209              1             no    2.08372e-08              0          4  1 
         0.1875         896817          0.00317571              1             no     2.1421e-08              0          4  1 
         0.1875         897110          0.00379916              1             no    2.10279e-08              0          4  1 
         0.1875         897208          0.00255225              1             no    2.15683e-08              0          4  1 
         0.1875         897335          0.00255225              1             no    3.07904e-08              0          4  1 
         0.1875         897508          0.00444209              1             no    2.04187e-08              0          4  1 
         0.1875         897577          0.00826073              1             no    2.30345e-08              0          4  1 
         0.1875         897650          0.00568899              1             no    2.26671e-08              0          4  1 
         0.1875         897661          0.00317571              1             no    2.12391e-08              0          4  1 
         0.1875         898183          0.00508503              1             no    2.47062e-08              0          4  1 
         0.1875         898500          0.00633193              1             no    2.70669e-08      0.0984615          4  1 
         0.1875         898796          0.00379916              1             no    2.50534e-08              0          4  1 
         0.1875         898865          0.00633193              1             no    2.22152e-08              0          4  1 
         0.1875         899075          0.00255225              1             no    2.16496e-08              0          4  1 
         0.1875         899151          0.00255225              1             no    2.13317e-08              0          4  1 
         0.1875         899260          0.00510451              1             no    2.19658e-08              0          4  1 
         0.1875         900324          0.00635141              1             no    2.44726e-08              0          4  1 
         0.1875         900346          0.00381864              1             no    2.37851e-08              0          4  1 
         0.1875         900440          0.00317571              1             no    2.28529e-08              0          4  1 
         0.1875         900464          0.00317571              1             no    2.51829e-08              0          4  1 
         0.1875         900670          0.00444209              1             no    2.30448e-08              0          4  1 
         0.1875         901443          0.00317571              1             no    2.15123e-08              0          4  1 
         0.1875         901666          0.00381864              1             no    2.25846e-08              0          4  1 
         0.1875         901784          0.00633193              1             no    2.42875e-08              0          4  1 
         0.1875         901980          0.00317571              1             no    2.55038e-08              0          4  1 
         0.1875         902638          0.00442261              1             no    2.34593e-08              0          4  1 
         0.1875         903548           0.0101506              1             no    2.36748e-08              0          4  1 
         0.1875         903614          0.00504606              1             no    2.14137e-08              0          4  1 
         0.1875         903824          0.00379916              1             no    2.78724e-08              0          4  1 
         0.1875         905369          0.00255225              1             no    2.18032e-08              0          4  1 
         0.1875         905612          0.00570848              1             no     2.0857e-08              0          4  1 
         0.1875         905995           0.0101506              1             no     2.3089e-08              0          4  1 
         0.1875         906070          0.00379916              1             no    2.78207e-08              0          4  1 
         0.1875         906288          0.00635141              1             no    2.46884e-08              0          4  1 
         0.1875         906442          0.00508503              1             no    2.27195e-08              0          4  1 
         0.1875         906684          0.00377967              1             no    2.39439e-08              0          4  1 
         0.1875         908508          0.00255225              1             no    2.97364e-08              0          4  1 
         0.1875         908709          0.00506554              1             no     2.3336e-08              0          4  1 
         0.1875         908757          0.00442261              1             no    2.29257e-08              0          4  1 
         0.1875         908808          0.00317571              1             no    2.60047e-08              0          4  1 
         0.1875         908863          0.00379916              1             no    2.32723e-08              0          4  1 
         0.1875         908920          0.00377967              1             no    2.21478e-08              0          4  1 
         0.1875         909524          0.00317571              1             no    2.38448e-08              0          4  1 
         0.1875         909827          0.00444209              1             no     2.4181e-08              0          4  1 
         0.1875         909939          0.00255225              1             no    2.23454e-08              0          4  1 
         0.1875         909975          0.00317571              1             no    2.18273e-08              0          4  1 
         0.1875         910201          0.00317571              1             no    2.57051e-08              0          4  1 
         0.1875         910319          0.00317571              1             no    2.44458e-08              0          4  1 
         0.1875         910773          0.00572796              1             no    2.27954e-08              0          4  1 
         0.1875         910829          0.00253277              1             no    2.36974e-08              0          4  1 
         0.1875         910976          0.00504606              1             no    2.16737e-08              0          4  1 
         0.1875         911084          0.00315622              1             no    2.16289e-08              0          4  1 
         0.1875         912543          0.00442261              1             no    2.22432e-08              0          4  1 
         0.1875         912549          0.00255225              1             no    2.26452e-08              0          4  1 
         0.1875         913270          0.00826073              1             no    2.07577e-08              0          4  1 
         0.1875         913812          0.00379916              1             no    2.18145e-08              0          4  1 
         0.1875         914224          0.00315622              1             no    2.24604e-08              0          4  1 
         0.1875         914440          0.00317571              1             no    2.18354e-08              0          4  1 
         0.1875         914731          0.00381864              1             no    2.14453e-08              0          4  1 
         0.1875         914791          0.00444209              1             no    2.14415e-08              0          4  1 
         0.1875         915128          0.00379916              1             no    2.15528e-08              0          4  1 
         0.1875         915263          0.00317571              1             no    2.11315e-08              0          4  1 
         0.1875         915523          0.00255225              1             no    2.36173e-08              0          4  1 
         0.1875         915539          0.00317571              1             no    2.40259e-08              0          4  1 
         0.1875         915650          0.00504606              1             no    2.31347e-08              0          4  1 
         0.1875         915934          0.00317571              1             no    2.50787e-08              0          4  1 
         0.1875         916047          0.00317571              1             no    2.01024e-08              0          4  1 
         0.1875         916147          0.00255225              1             no     2.2257e-08              0          4  1 
         0.1875         916538          0.00442261              1             no    2.12831e-08              0          4  1 
         0.1875         916626          0.00317571              1             no    2.73474e-08              0          4  1 
         0.1875         916842          0.00506554              1             no    2.70357e-08              0          4  1 
         0.1875         917370          0.00255225              1             no    2.20637e-08              0          4  1 
         0.1875         917442          0.00568899              1             no     2.5758e-08              0          4  1 
         0.1875         917740          0.00379916              1             no    2.26644e-08              0          4  1 
         0.1875         918132          0.00255225              1             no    2.90265e-08              0          4  1 
         0.1875         918526          0.00637089              1             no    2.25491e-08              0          4  1 
         0.1875         919059          0.00446157              1             no    2.21382e-08              0          4  1 
         0.1875         919124          0.00633193              1             no    2.11663e-08              0          4  1 
         0.1875         919222          0.00446157              1             no    2.34032e-08              0          4  1 
         0.1875         920023          0.00315622              1             no    2.84096e-08              0          4  1 
         0.1875         920128          0.00826073              1             no    2.29443e-08              0          4  1 
         0.1875         920330          0.00317571              1             no    2.23138e-08              0          4  1 
         0.1875         920733          0.00255225              1             no    2.12516e-08              0          4  1 
         0.1875         920814          0.00697486              1             no    2.02893e-08              0          4  1 
         0.1875         920829          0.00506554              1             no    2.09663e-08              0          4  1 
         0.1875         920969          0.00379916              1             no    2.33011e-08              0          4  1 
         0.1875         921147          0.00379916              1             no    2.27584e-08              0          4  1 
         0.1875         921437          0.00317571              1             no    2.40748e-08              0          4  1 
         0.1875         922064          0.00377967              1             no    2.25836e-08              0          4  1 
         0.1875         922461          0.00506554              1             no    2.34513e-08              0          4  1 
         0.1875         922965          0.00317571              1             no    2.11349e-08              0          4  1 
         0.1875         922967          0.00442261              1             no    2.31376e-08              0          4  1 
         0.1875         923607          0.00255225              1             no     2.1761e-08              0          4  1 
         0.1875         923673          0.00317571              1             no    2.75196e-08              0          4  1 
         0.1875         923868          0.00568899              1             no     2.2826e-08              0          4  1 
         0.1875         924124          0.00444209              1             no    2.18138e-08              0          4  1 
         0.1875         924213          0.00508503              1             no    2.19838e-08              0          4  1 
         0.1875         924708          0.00253277              1             no    2.31292e-08              0          4  1 
         0.1875         924796          0.00570848              1             no    2.20039e-08              0          4  1 
         0.1875         924970          0.00253277              1             no    2.34187e-08              0          4  1 
         0.1875         925964          0.00255225              1             no     2.2378e-08              0          4  1 
         0.1875         926316          0.00379916              1             no    2.13178e-08              0          4  1 
         0.1875         926367          0.00379916              1             no    2.22055e-08              0          4  1 
         0.1875         926562          0.00633193              1             no    2.36831e-08              0          4  1 
         0.1875         926688          0.00506554              1             no    2.36067e-08              0          4  1 
         0.1875         926722          0.00381864              1             no    2.10078e-08              0          4  1 
         0.1875         926791          0.00637089              1             no    2.22647e-08              0          4  1 
         0.1875         926965          0.00379916              1             no    2.49801e-08              0          4  1 
         0.1875         926969          0.00444209              1             no     2.5452e-08              0          4  1 
         0.1875         927244          0.00255225              1             no    2.15424e-08              0          4  1 
         0.1875         927346          0.00508503              1             no     2.1977e-08              0          4  1 
         0.1875         927347          0.00635141              1             no    2.09209e-08              0          4  1 
         0.1875         928278          0.00633193              1             no    2.43521e-08              0          4  1 
         0.1875         928571          0.00317571              1             no    2.23322e-08              0          4  1 
         0.1875         928988          0.00315622              1             no    2.25435e-08              0          4  1 
         0.1875         929058          0.00442261              1             no    2.15369e-08              0          4  1 
         0.1875         929276          0.00442261              1             no    2.38972e-08              0          4  1 
         0.1875         929600          0.00317571              1             no    2.35104e-08              0          4  1 
         0.1875         929896          0.00444209              1             no    2.50896e-08              0          4  1 
         0.1875         930059          0.00317571              1             no    2.33188e-08              0          4  1 
         0.1875         930342          0.00570848              1             no    2.73095e-08              0          4  1 
         0.1875         930360          0.00377967              1             no    2.29722e-08              0          4  1 
         0.1875         930519          0.00759831              1             no    2.25755e-08              0          4  1 
         0.1875         930583          0.00317571              1             no     2.1648e-08              0          4  1 
         0.1875         930924           0.0107935              1             no    2.40881e-08              0          4  1 
         0.1875         931651          0.00379916              1             no    2.27148e-08              0          4  1 
         0.1875         931806          0.00442261              1             no    2.04805e-08              0          4  1 
         0.1875         932004          0.00633193              1             no    2.36477e-08              0          4  1 
         0.1875         932132          0.00317571              1             no     2.5413e-08              0          4  1 
         0.1875         932424          0.00570848              1             no    2.33957e-08              0          4  1 
         0.1875         932507          0.00381864              1             no    2.10384e-08              0          4  1 
         0.1875         932624          0.00317571              1             no    2.35967e-08              0          4  1 
         0.1875         932762          0.00570848              1             no    2.33993e-08              0          4  1 
         0.1875         932868          0.00317571              1             no    2.18563e-08              0          4  1 
         0.1875         933072          0.00570848              1             no    2.33532e-08              0          4  1 
         0.1875         933147          0.00379916              1             no     2.2936e-08              0          4  1 
         0.1875         933429          0.00255225              1             no    2.15108e-08              0          4  1 
         0.1875         934301          0.00253277              1             no    2.12148e-08              0          4  1 
         0.1875         934868          0.00568899              1             no    2.14645e-08              0          4  1 
         0.1875         934897          0.00504606              1             no     2.1361e-08              0          4  1 
         0.1875         935303          0.00442261              1             no     2.2512e-08              0          4  1 
         0.1875         935740          0.00317571              1             no    2.06568e-08              0          4  1 
         0.1875         935966          0.00568899              1             no    2.14486e-08              0          4  1 
         0.1875         936446          0.00633193              1             no    2.17473e-08              0          4  1 
         0.1875         937105          0.00379916              1             no    2.20378e-08              0          4  1 
         0.1875         937768          0.00253277              1             no    2.70384e-08              0          4  1 
         0.1875         937793          0.00253277              1             no    2.48481e-08              0          4  1 
         0.1875         938053          0.00444209              1             no    2.26159e-08              0          4  1 
         0.1875         938083          0.00570848              1             no     2.2572e-08              0          4  1 
         0.1875         938266          0.00317571              1             no     2.5565e-08              0          4  1 
         0.1875         939104          0.00381864              1             no    2.13651e-08              0          4  1 
         0.1875         939248          0.00255225              1             no    3.11384e-08              0          4  1 
         0.1875         939483          0.00379916              1             no    2.44125e-08              0          4  1 
         0.1875         939824          0.00379916              1             no     2.2705e-08              0          4  1 
         0.1875         940057          0.00635141              1             no    2.15292e-08              0          4  1 
         0.1875         940353          0.00317571              1             no    2.33785e-08              0          4  1 
         0.1875         940512          0.00315622              1             no    2.12741e-08              0          4  1 
         0.1875         940789          0.00635141              1             no    2.31823e-08              0          4  1 
         0.1875         940994          0.00379916              1             no    2.23985e-08              0          4  1 
         0.1875         941546          0.00442261              1             no     2.5605e-08              0          4  1 
         0.1875         941693          0.00699435              1             no    2.17628e-08              0          4  1 
         0.1875         941762          0.00633193              1             no    2.43115e-08      0.0984615          4  1 
         0.1875         942433          0.00381864              1             no    2.86062e-08              0          4  1 
         0.1875         942453          0.00317571              1             no    2.03209e-08              0          4  1 
         0.1875         943225          0.00633193              1             no    2.64588e-08              0          4  1 
         0.1875         943576          0.00446157              1             no    2.26897e-08              0          4  1 
         0.1875         944093          0.00317571              1             no     2.2594e-08              0          4  1 
         0.1875         944446          0.00890366              1             no    2.20458e-08              0          4  1 
         0.1875         945066          0.00381864              1             no    2.09924e-08              0          4  1 
         0.1875         945310          0.00255225              1             no    2.13284e-08              0          4  1 
         0.1875         945436          0.00506554              1             no    2.33455e-08              0          4  1 
         0.1875         945504          0.00890366              1             no      2.271e-08              0          4  1 
         0.1875         945777          0.00444209              1             no    2.65427e-08              0          4  1 
         0.1875         946467          0.00255225              1             no    2.42894e-08              0          4  1 
         0.1875         946544          0.00572796              1             no    2.32671e-08              0          4  1 
         0.1875         946562          0.00255225              1             no    2.35894e-08              0          4  1 
         0.1875         946611          0.00444209              1             no    2.22779e-08              0          4  1 
         0.1875         946805          0.00442261              1             no    2.30996e-08              0          4  1 
         0.1875         946864          0.00446157              1             no    2.54125e-08              0          4  1 
         0.1875         946900          0.00444209              1             no    2.49657e-08              0          4  1 
         0.1875         947179          0.00568899              1             no    2.13173e-08              0          4  1 
         0.1875         947348          0.00763728              1             no     2.1512e-08              0          4  1 
         0.1875         947552          0.00379916              1             no    2.43441e-08              0          4  1 
         0.1875         947811          0.00506554              1             no    2.20967e-08              0          4  1 
         0.1875         948149          0.00572796              1             no    2.41906e-08              0          4  1 
         0.1875         948988          0.00379916              1             no    2.29136e-08              0          4  1 
         0.1875         949516          0.00379916              1             no     2.2927e-08              0          4  1 
         0.1875         949695          0.00255225              1             no    2.11358e-08              0          4  1 
         0.1875         949787          0.00253277              1             no    2.27028e-08              0          4  1 
         0.1875         950353          0.00255225              1             no    2.32753e-08              0          4  1 
         0.1875         950438          0.00504606              1             no    2.46958e-08              0          4  1 
         0.1875         950802          0.00255225              1             no    2.18367e-08              0          4  1 
         0.1875         951127          0.00444209              1             no    2.16432e-08              0          4  1 
         0.1875         951230          0.00253277              1             no    2.43819e-08              0          4  1 
         0.1875         951377          0.00570848              1             no    2.32086e-08              0          4  1 
         0.1875         951987          0.00255225              1             no    2.57071e-08              0          4  1 
         0.1875         952136          0.00508503              1             no    2.13217e-08              0          4  1 
         0.1875         952239           0.0076178              1             no     2.4041e-08              0          4  1 
         0.1875         952583          0.00570848              1             no    2.16376e-08              0          4  1 
         0.1875         952663          0.00255225              1             no    2.62281e-08              0          4  1 
         0.1875         952901          0.00570848              1             no    2.26835e-08              0          4  1 
         0.1875         953022          0.00506554              1             no    2.60637e-08              0          4  1 
         0.1875         953915          0.00381864              1             no    2.85124e-08              0          4  1 
         0.1875         954303          0.00317571              1             no    2.27061e-08              0          4  1 
         0.1875         954425          0.00506554              1             no     2.2205e-08              0          4  1 
         0.1875         954835          0.00255225              1             no    2.69659e-08              0          4  1 
         0.1875         955991          0.00379916              1             no    2.50965e-08              0          4  1 
         0.1875         956125          0.00444209              1             no     2.5313e-08              0          4  1 
         0.1875         956281          0.00446157              1             no    2.37589e-08              0          4  1 
         0.1875         956329          0.00253277              1             no    2.71257e-08              0          4  1 
         0.1875         956835          0.00317571              1             no    2.33098e-08              0          4  1 
         0.1875         956989          0.00572796              1             no    2.44195e-08              0          4  1 
         0.1875         957777          0.00508503              1             no    2.21401e-08              0          4  1 
         0.1875         958256          0.00888418              1             no     2.5585e-08              0          4  1 
         0.1875         958390          0.00444209              1             no    2.19857e-08              0          4  1 
         0.1875         958724           0.0069359              1             no    2.34785e-08      0.0898876          4  1 
         0.1875         958823          0.00508503              1             no     2.5535e-08              0          4  1 
         0.1875         958971          0.00379916              1             no    2.46604e-08              0          4  1 
         0.1875         959083          0.00508503              1             no    2.07131e-08              0          4  1 
         0.1875         961201          0.00442261              1             no     2.4715e-08              0          4  1 
         0.1875         961305          0.00317571              1             no    2.76021e-08              0          4  1 
         0.1875         961565          0.00381864              1             no    2.79815e-08              0          4  1 
         0.1875         961685          0.00379916              1             no    2.20836e-08              0          4  1 
         0.1875         961922          0.00506554              1             no    2.09189e-08              0          4  1 
         0.1875         961968          0.00317571              1             no    2.15433e-08              0          4  1 
         0.1875         962183          0.00444209              1             no    2.30694e-08              0          4  1 
         0.1875         962994          0.00317571              1             no    2.19788e-08              0          4  1 
         0.1875         963280          0.00442261              1             no    2.11831e-08              0          4  1 
         0.1875         963423          0.00317571              1             no    2.33534e-08              0          4  1 
         0.1875         963576          0.00568899              1             no    2.32793e-08              0          4  1 
         0.1875         963649          0.00508503              1             no    2.07791e-08              0          4  1 
         0.1875         964260          0.00315622              1             no    2.30349e-08              0          4  1 
         0.1875         964606          0.00317571              1             no    2.41999e-08              0          4  1 
         0.1875         964641          0.00317571              1             no    2.93247e-08              0          4  1 
         0.1875         965041          0.00315622              1             no    2.35314e-08              0          4  1 
         0.1875         965774          0.00377967              1             no    2.35334e-08              0          4  1 
         0.1875         965780          0.00444209              1             no    2.28692e-08              0          4  1 
         0.1875         966347          0.00444209              1             no    2.42126e-08              0          4  1 
         0.1875         966918          0.00255225              1             no    2.58278e-08              0          4  1 
         0.1875         967384          0.00508503              1             no     2.1437e-08              0          4  1 
         0.1875         967669          0.00377967              1             no      2.357e-08              0          4  1 
         0.1875         967963          0.00379916              1             no    2.25507e-08              0          4  1 
         0.1875         968337          0.00506554              1             no    2.47961e-08              0          4  1 
         0.1875         968354          0.00444209              1             no    2.35883e-08              0          4  1 
         0.1875         968624          0.00317571              1             no    2.21032e-08              0          4  1 
         0.1875         968935          0.00317571              1             no    2.95661e-08              0          4  1 
         0.1875         969319          0.00381864              1             no    2.11143e-08              0          4  1 
         0.1875         969683          0.00255225              1             no    2.29751e-08              0          4  1 
         0.1875         969874          0.00315622              1             no    2.15936e-08              0          4  1 
         0.1875         970135          0.00315622              1             no    2.03335e-08              0          4  1 
         0.1875         970476          0.00888418              1             no    2.43611e-08              0          4  1 
         0.1875         970663          0.00377967              1             no    2.46755e-08              0          4  1 
         0.1875         971130          0.00317571              1             no     2.5154e-08              0          4  1 
         0.1875         971297          0.00508503              1             no    2.24615e-08              0          4  1 
         0.1875         971485          0.00381864              1             no    2.23415e-08              0          4  1 
         0.1875         971561          0.00379916              1             no    2.33402e-08              0          4  1 
         0.1875         971595          0.00888418              1             no    2.27362e-08      0.0701754          4  1 
         0.1875         972353          0.00568899              1             no    2.37974e-08              0          4  1 
         0.1875         972528          0.00570848              1             no    2.10678e-08              0          4  1 
         0.1875         972692          0.00255225              1             no    2.26573e-08              0          4  1 
         0.1875         972930          0.00255225              1             no    2.56895e-08              0          4  1 
         0.1875         973123          0.00697486              1             no    2.23977e-08              0          4  1 
         0.1875         973660          0.00255225              1             no    2.21465e-08              0          4  1 
         0.1875         974095          0.00255225              1             no    2.23898e-08              0          4  1 
         0.1875         974299          0.00570848              1             no    2.15728e-08              0          4  1 
         0.1875         974761          0.00506554              1             no    2.15678e-08              0          4  1 
         0.1875         974900          0.00379916              1             no    2.22388e-08              0          4  1 
         0.1875         975474          0.00444209              1             no    2.26467e-08              0          4  1 
         0.1875         976283          0.00635141              1             no    2.81477e-08              0          4  1 
         0.1875         977084          0.00317571              1             no    2.34633e-08              0          4  1 
         0.1875         977209          0.00508503              1             no    2.46352e-08              0          4  1 
         0.1875         978471          0.00317571              1             no    2.19018e-08              0          4  1 
         0.1875         978514          0.00506554              1             no    2.22064e-08              0          4  1 
         0.1875         978627          0.00379916              1             no    2.16996e-08              0          4  1 
         0.1875         979554          0.00444209              1             no    2.50367e-08              0          4  1 
         0.1875         979808          0.00697486              1             no    2.57752e-08              0          4  1 
         0.1875         980111          0.00444209              1             no    2.34944e-08              0          4  1 
         0.1875         980455          0.00381864              1             no     2.2974e-08              0          4  1 
         0.1875         980716          0.00822176              1             no    2.52337e-08              0          4  1 
         0.1875         980906          0.00315622              1             no    2.65194e-08              0          4  1 
         0.1875         980957          0.00255225              1             no    2.35235e-08              0          4  1 
         0.1875         981073          0.00572796              1             no     2.0985e-08              0          4  1 
         0.1875         981108          0.00379916              1             no    2.96544e-08              0          4  1 
         0.1875         981579          0.00381864              1             no    2.54007e-08              0          4  1 
         0.1875         982108          0.00446157              1             no    2.31427e-08              0          4  1 
         0.1875         982248          0.00317571              1             no    2.49425e-08              0          4  1 
         0.1875         982291          0.00506554              1             no    2.52285e-08              0          4  1 
         0.1875         982364          0.00508503              1             no    2.49349e-08              0          4  1 
         0.1875         982394          0.00570848              1             no    2.15146e-08              0          4  1 
         0.1875         982432          0.00442261              1             no    2.25052e-08              0          4  1 
         0.1875         982499          0.00572796              1             no    2.59281e-08              0          4  1 
         0.1875         982832          0.00442261              1             no    2.27299e-08              0          4  1 
         0.1875         983956          0.00572796              1             no    2.20786e-08              0          4  1 
         0.1875         984626          0.00506554              1             no    2.51881e-08              0          4  1 
         0.1875         984936          0.00255225              1             no    2.37303e-08              0          4  1 
         0.1875         984991          0.00317571              1             no    2.05569e-08              0          4  1 
         0.1875         985096          0.00444209              1             no    2.17957e-08              0          4  1 
         0.1875         985251          0.00508503              1             no    2.56712e-08              0          4  1 
         0.1875         985389          0.00379916              1             no    2.14803e-08              0          4  1 
         0.1875         985468          0.00317571              1             no    2.44493e-08              0          4  1 
         0.1875         985748          0.00317571              1             no    2.65098e-08              0          4  1 
         0.1875         986022          0.00317571              1             no    3.01578e-08              0          4  1 
         0.1875         986056          0.00315622              1             no    2.11033e-08              0          4  1 
         0.1875         986140          0.00697486              1             no    2.44094e-08              0          4  1 
         0.1875         986674          0.00444209              1             no    2.90402e-08       0.140351          4  1 
         0.1875         986768          0.00697486              1             no    2.72494e-08              0          4  1 
         0.1875         986916          0.00253277              1             no      3.337e-08              0          4  1 
         0.1875         987038          0.00506554              1             no    2.16184e-08              0          4  1 
         0.1875         987218          0.00379916              1             no    2.24141e-08              0          4  1 
         0.1875         987860          0.00442261              1             no    2.27501e-08              0          4  1 
         0.1875         988863          0.00508503              1             no    2.19493e-08              0          4  1 
         0.1875         988892          0.00506554              1             no    2.18183e-08              0          4  1 
         0.1875         988975          0.00381864              1             no    2.18586e-08              0          4  1 
         0.1875         989388          0.00506554              1             no    2.20881e-08              0          4  1 
         0.1875         989443          0.00317571              1             no    2.28769e-08              0          4  1 
         0.1875         990093          0.00253277              1             no    2.29309e-08              0          4  1 
         0.1875         990320          0.00440313              1             no    2.07122e-08              0          4  1 
         0.1875         990629          0.00635141              1             no    2.42536e-08              0          4  1 
         0.1875         990705          0.00446157              1             no    2.36615e-08              0          4  1 
         0.1875         991369          0.00570848              1             no    2.21798e-08              0          4  1 
         0.1875         991384          0.00255225              1             no    2.23842e-08              0          4  1 
         0.1875         991390          0.00317571              1             no    2.08005e-08              0          4  1 
         0.1875         991613          0.00444209              1             no    2.12122e-08              0          4  1 
         0.1875         991699          0.00379916              1             no    2.26523e-08              0          4  1 
         0.1875         991791          0.00381864              1             no    2.19914e-08              0          4  1 
         0.1875         992174          0.00317571              1             no    2.29076e-08              0          4  1 
         0.1875         992628          0.00570848              1             no    2.14559e-08              0          4  1 
         0.1875         992754          0.00317571              1             no    2.22501e-08              0          4  1 
         0.1875         993421          0.00444209              1             no    2.34301e-08              0          4  1 
         0.1875         994191          0.00824125              1             no    2.27669e-08              0          4  1 
         0.1875         994282          0.00444209              1             no     2.0951e-08              0          4  1 
         0.1875         994941          0.00697486              1             no    2.38531e-08              0          4  1 
         0.1875         994988          0.00317571              1             no     2.2192e-08              0          4  1 
         0.1875         995769          0.00381864              1             no    2.71057e-08              0          4  1 
         0.1875         996209          0.00444209              1             no    2.24769e-08              0          4  1 
         0.1875         996556          0.00506554              1             no    2.41653e-08              0          4  1 
         0.1875         996703          0.00446157              1             no    2.23052e-08              0          4  1 
         0.1875         997238          0.00317571              1             no    2.15202e-08              0          4  1 
         0.1875         997531          0.00379916              1             no    2.40258e-08              0          4  1 
         0.1875         997907          0.00444209              1             no    2.56059e-08              0          4  1 
         0.1875         998152          0.00444209              1             no     2.6014e-08              0          4  1 
         0.1875         998217          0.00255225              1             no    2.76592e-08              0          4  1 
         0.1875         998336          0.00444209              1             no    2.10674e-08              0          4  1 
         0.1875         998956          0.00444209              1             no    2.47225e-08              0          4  1 
         0.1875         999067          0.00699435              1             no    2.29716e-08              0          4  1 
         0.1875         999291          0.00255225              1             no    2.51286e-08              0          4  1 
         0.1875         999367          0.00379916              1             no    2.28022e-08              0          4  1 
         0.1875         999552          0.00317571              1             no    2.37434e-08              0          4  1 
         0.1875         999771          0.00566951              1             no    2.39477e-08              0          4  1 
         0.1875         999772          0.00570848              1             no    2.28533e-08              0          4  1 